{
  "bank_name": "sep-core-v1.1",
  "corpus": "sep",
  "limit": 0,
  "started_at_unix": 1788921709,
  "results": [
    {
      "question_id": "argument_consequence_against_compatibilism",
      "category": "argument_reconstruction",
      "question": "Reconstruct van Inwagen's consequence argument and explain the strongest\ncompatibilist response to it.\n",
      "retrieved": [
        {
          "corpus_id": "sep",
          "title": "compatibilism",
          "url": "https://plato.stanford.edu/entries/compatibilism/",
          "score": 0.0,
          "snippet": "[Atlas highlights]\n[Consequence Argument (compatibilism)]: \"the Consequence Argument provides powerful support this argument’s second premise.\"\n[compatibilism — contested]: \"it nevertheless set..."
        },
        {
          "corpus_id": "sep",
          "title": "incompatibilism-arguments",
          "url": "https://plato.stanford.edu/entries/incompatibilism-arguments/",
          "score": 0.0,
          "snippet": "incompatibilism-arguments\n\nIncompatibilists think that this, and any compatibilist account of the ‘can’ of freedom of choice, is, and must be, mistaken. The Consequence Argument (Ginet 1966,..."
        },
        {
          "corpus_id": "sep",
          "title": "compatibilism",
          "url": "https://plato.stanford.edu/entries/compatibilism/",
          "score": 0.0,
          "snippet": "compatibilism\n\nIt is fair to say that the Consequence Argument earned the incompatibilists an important dialectical advantage. Compatibilists owe us an account of what’s was wrong with the..."
        },
        {
          "corpus_id": "sep",
          "title": "alternative-possibilities",
          "url": "https://plato.stanford.edu/entries/alternative-possibilities/",
          "score": 0.0,
          "snippet": "alternative-possibilities\n\nCompatibilists about determinism and moral responsibility reject this conclusion, so they must reject at least one of the premises. One traditional sort of compatibilist..."
        },
        {
          "corpus_id": "sep",
          "title": "abilities",
          "url": "https://plato.stanford.edu/entries/abilities/",
          "score": 0.0,
          "snippet": "abilities\n\nvan Inwagen’s point is that, provided the incompatibilist has offered arguments for the claim that such abilities are incompatible with determinism—as, in van Inwagen’s presentation,..."
        },
        {
          "corpus_id": "sep",
          "title": "freewill",
          "url": "https://plato.stanford.edu/entries/freewill/",
          "score": 0.0,
          "snippet": "freewill\n\nHere is a representative Frankfurt-style case:"
        },
        {
          "corpus_id": "sep",
          "title": "moral-responsibility",
          "url": "https://plato.stanford.edu/entries/moral-responsibility/",
          "score": 0.0,
          "snippet": "moral-responsibility\n\nIf possession of free will requires an ability to act otherwise than one in fact does, then it is fairly easy to see why free will has often been regarded as incompatible with..."
        },
        {
          "corpus_id": "sep",
          "title": "skepticism-moral-responsibility",
          "url": "https://plato.stanford.edu/entries/skepticism-moral-responsibility/",
          "score": 0.0,
          "snippet": "skepticism-moral-responsibility\n\nCritics of hard incompatibilism include both compatibilists and libertarians. See, for example, the entries on  compatibilism,  incompatibilist (nondeterministic)..."
        },
        {
          "corpus_id": "sep",
          "title": "freewill",
          "url": "https://plato.stanford.edu/entries/freewill/",
          "score": 0.0,
          "snippet": "freewill\n\nEven if these reasons-responsive and identification compatibilist accounts of sourcehood might successfully side-step the Consequence Argument, they must come to grips with a second..."
        },
        {
          "corpus_id": "sep",
          "title": "self-knowledge-externalism",
          "url": "https://plato.stanford.edu/entries/self-knowledge-externalism/",
          "score": 0.0,
          "snippet": "self-knowledge-externalism\n\nSo the way seems clear for the compatibilist to reject the apriority of (1). But as before, the incompatibilist may respond that we are illicitly assuming E to be the..."
        },
        {
          "corpus_id": "sep",
          "title": "christiantheology-philosophy",
          "url": "https://plato.stanford.edu/entries/christiantheology-philosophy/",
          "score": 0.0,
          "snippet": "christiantheology-philosophy\n\nPeter van Inwagen presents an account of the Fall that maintains many of its most important elements and, he claims, is consistent with evolutionary theory. Importantly,..."
        },
        {
          "corpus_id": "sep",
          "title": "afterlife",
          "url": "https://plato.stanford.edu/entries/afterlife/",
          "score": 0.0,
          "snippet": "afterlife\n\nWe have left until last van Inwagen’s own proposal for a materialist resurrection. For in spite of his criticisms of the common view, van Inwagen is himself a Christian and a believer in..."
        },
        {
          "corpus_id": "sep",
          "title": "substance",
          "url": "https://plato.stanford.edu/entries/substance/",
          "score": 0.0,
          "snippet": "substance\n\nWe saw, briefly, in  section 3.3.1,  why Wiggins and Ayers think as they do. Although van Inwagen’s position is different from both, his reasons for thinking that the concept of a..."
        },
        {
          "corpus_id": "sep",
          "title": "skeptical-theism",
          "url": "https://plato.stanford.edu/entries/skeptical-theism/",
          "score": 0.0,
          "snippet": "skeptical-theism\n\nA first obvious question for the advocate of this argument is whether Premise 1 itself is a matter of “ordinary life.” That is, is the matter of when intuitions are justified a..."
        },
        {
          "corpus_id": "sep",
          "title": "trinity",
          "url": "https://plato.stanford.edu/entries/trinity/",
          "score": 0.0,
          "snippet": "trinity\n\nIt may be objected, as to the preceding theory, that van Inwagen’s relative identity trinitarianism is unintelligible. Merricks argues that this problem is more acute for van Inwagen than..."
        },
        {
          "corpus_id": "sep",
          "title": "material-constitution",
          "url": "https://plato.stanford.edu/entries/material-constitution/",
          "score": 0.0,
          "snippet": "material-constitution\n\nVan Inwagen’s version of eliminativism is subject to the same objections raised against nihilism, but it also faces problems of its own. Here is one worry. There are..."
        },
        {
          "corpus_id": "sep",
          "title": "realism-sem-challenge",
          "url": "https://plato.stanford.edu/entries/realism-sem-challenge/",
          "score": 0.0,
          "snippet": "realism-sem-challenge\n\nTo elaborate the notion of mind-independent existence, consider Peter van Inwagen’s argument for the existence of numbers [van Inwagen 2016], which he describes as “a..."
        },
        {
          "corpus_id": "sep",
          "title": "nothingness",
          "url": "https://plato.stanford.edu/entries/nothingness/",
          "score": 0.0,
          "snippet": "nothingness\n\nPeter van Inwagen (1996) has nurtured this statistical argument. In an infinite lottery, the chance that a given ticket is the winner is 0. Van Inwagen reasons that since there are..."
        },
        {
          "corpus_id": "sep",
          "title": "incompatibilism-arguments",
          "url": "https://plato.stanford.edu/entries/incompatibilism-arguments/",
          "score": 0.0,
          "snippet": "[Atlas highlights]\n[incompatibilist (incompatibilism-arguments)]: \"They pointed out that there was no agreement, even among compatibilists, about how such an account should..."
        },
        {
          "corpus_id": "sep",
          "title": "abilities",
          "url": "https://plato.stanford.edu/entries/abilities/",
          "score": 0.0,
          "snippet": "abilities\n\nThe shortcomings of this strategy are nicely diagnosed by Peter van Inwagen. After surveying the local counterexamples that arise for various hypothetical theories of ability, van Inwagen..."
        },
        {
          "corpus_id": "sep",
          "title": "compatibilism",
          "url": "https://plato.stanford.edu/entries/compatibilism/",
          "score": 0.0,
          "snippet": "compatibilism\n\nOne compatibilist strategy for responding to the Classical Incompatibilist Argument is to concede that perhaps the Consequence Argument provides us with good reason for thinking that..."
        },
        {
          "corpus_id": "sep",
          "title": "compatibilism",
          "url": "https://plato.stanford.edu/entries/compatibilism/",
          "score": 0.0,
          "snippet": "compatibilism\n\nCompatibilists who accept that alternative possibilities are necessary for moral responsibility must show what is wrong with this powerful argument. They also should offer some account..."
        },
        {
          "corpus_id": "sep",
          "title": "freewill",
          "url": "https://plato.stanford.edu/entries/freewill/",
          "score": 0.0,
          "snippet": "freewill\n\nThis argument, carefully articulated in the late 1960s and early 1970s by Carl Ginet (1966, 1990) and Peter van Inwagen (1975, 1983) and refined in important ways by John Martin Fischer..."
        },
        {
          "corpus_id": "sep",
          "title": "freewill",
          "url": "https://plato.stanford.edu/entries/freewill/",
          "score": 0.0,
          "snippet": "freewill\n\nWhile there have been numerous different replies along these lines (e.g., Lehrer 1980; Slote 1982; Watson 1986. See the entry on  arguments for incompatibilism  for a more extensive..."
        },
        {
          "corpus_id": "sep",
          "title": "incompatibilism-arguments",
          "url": "https://plato.stanford.edu/entries/incompatibilism-arguments/",
          "score": 0.0,
          "snippet": "incompatibilism-arguments\n\nvan Inwagen is giving what he takes to be uncontroversial examples of persons who have free will; he isn’t saying that free will just is the ability to perform more than..."
        },
        {
          "corpus_id": "sep",
          "title": "incompatibilism-arguments",
          "url": "https://plato.stanford.edu/entries/incompatibilism-arguments/",
          "score": 0.0,
          "snippet": "incompatibilism-arguments\n\nThe leading contemporary incompatibilist, van Inwagen, rejects any suggestion that the compatibilist and the incompatibilist have a merely verbal disagreement, either..."
        },
        {
          "corpus_id": "sep",
          "title": "abilities",
          "url": "https://plato.stanford.edu/entries/abilities/",
          "score": 0.0,
          "snippet": "abilities\n\nBegin with global counterexamples. Let us say that determinism is true at our world. Familiar arguments purport to show that, if this is the case, then no one has the ability to do..."
        },
        {
          "corpus_id": "sep",
          "title": "abilities",
          "url": "https://plato.stanford.edu/entries/abilities/",
          "score": 0.0,
          "snippet": "abilities\n\nSome examples may make the need for this second condition clear. Some powers, though properties of agents, do not intuitively involve any relation to action. Consider the power of..."
        }
      ],
      "source_score": {
        "matched": [
          "incompatibilism-arguments",
          "compatibilism",
          "freewill"
        ],
        "missing": [],
        "total_expected": 3,
        "ratio": 1.0
      },
      "fact_score": {
        "matched": [
          "consequence argument",
          "van Inwagen",
          "no choice about",
          "compatibilism",
          "alternative possibilities"
        ],
        "missing": [
          "rule beta",
          "Frankfurt"
        ],
        "total_expected": 7,
        "ratio": 0.71428573
      },
      "embed_ms": 0,
      "search_ms": 0,
      "corpora_hit": [
        "sep"
      ],
      "vector_eligible": true,
      "synth": {
        "answer": "### Van Inwagen’s Consequence Argument\n\nPeter van Inwagen presents the **Consequence Argument** as \"the best argument\" for incompatibilism—the view that free will and causal determinism are incompatible [Source: incompatibilism-arguments]. The argument is designed to show that if determinism is true, then no one has any power to alter their actions or choices.\n\nThe core of the argument can be reconstructed in three steps (often formalized with a modal operator 'N', meaning \"no one has ability/power over\"):\n\n1.  **The Past and Laws:** No one has power over the past (facts about what happened before we were born) and no one has power over the laws of nature.\n2.  **Deterministic Entailment:** If determinism is true, then our present actions are unavoidable consequences of the past and the laws [Source: compatibilism]. Specifically, given the past ($P$) and the laws ($L$), only one future is possible; therefore, if $P \\& L$, it follows that action $A$ occurs.\n3.  **Transfer of Powerlessness:** Since no one has power over $P$ or $L$, and since $P \\& L$ entails $A$, it follows that no one has power over whether $A$ occurs (or [unverified excerpt: no one can do otherwise than they actually do]) [Source: moral-responsibility][Source: freewill].\n\nVan Inwagen argues that this conclusion—that we are never able to do anything other than what we actually do—undermines the sort of free will required for moral responsibility [Source: incompatibilism-arguments]. He insists this is not a verbal dispute about the meaning of 'can'; rather, he claims both compatibilists and incompatibilists use 'is able' in exactly the same way as ordinary English speakers during deliberation. Therefore, if determinism implies no ability to do otherwise, then determinism rules out free will [Source: incompatibilism-arguments].\n\n### The Strongest Compatibilist Response: David Lewis’s \"Two Senses\" Objection\n\nThe most influential objection to van Inwagen's argument comes from **David Lewis (1981)**, who argues that the Consequence Argument relies on an equivocation regarding what it means for an agent to be \"able\" to break a law of nature or alter the past [Source: freewill][Source: abilities].\n\nLewis distinguishes between two distinct senses in which one might claim to have the power to violate a deterministic consequence:\n\n**1. Ability to Break a Law (\"Small Miracle\")**\nIn this sense, having the ability to do otherwise would require performing a \"small miracle\"—a violation of the actual laws of nature at the moment of choice. For example, if I choose not to raise my hand when determinism dictates I will, doing so would mean breaking a physical law right then and there. Lewis argues that no human being has this kind of supernatural power; we cannot break the laws of physics [Source: freewill][Source: abilities]. Under *this* definition, van Inwagen is correct: we are unable to do otherwise because it requires violating natural laws.\n\n**2. Ability to Act Otherwise (\"Counterfactual Strength\")**\nIn this second sense, having the ability to do otherwise simply means acting in accordance with one's own desires, character, or decision-making processes without external coercion. If I had chosen differently (or if my internal deliberative process had resulted in a different output), I would have acted differently. This does not require breaking any physical law; rather, it relies on counterfactual conditionals that remain true even within a deterministic framework [Source: freewill][Source: abilities]. For instance, [unverified excerpt: If I had wanted to raise my hand instead of keeping it down, I would have raised it.]\n\n### Why Lewis’s Response is Strongest\nLewis’s response effectively neutralizes the Consequence Argument by showing its second premise (\"no one has power over whether A occurs\") only holds if we accept van Inwagen's first definition (the ability to break laws). However, compatibilists argue that moral responsibility and free will do *not* require the supernatural power to violate physical laws. They only require the ordinary capacity for reasons-responsiveness—the ability to act according to one's own motivations [Source: freewill][Source: abilities]. By separating these two senses, Lewis demonstrates that determinism does not eliminate the kind of \"power\" relevant to human agency; it merely eliminates a physically impossible, god-like power that no one actually possesses or needs for freedom [Source: incompatibilism-arguments][Source: freewill].\n\n### Other Compatibilist Strategies\nWhile Lewis’s semantic distinction is the most direct rebuttal to van Inwagen’s logic, other compatibilists have adopted different strategies:\n*   **Rejecting PAP (Principle of Alternative Possibilities):** Some modern compatibilists argue they do not need an ability to do otherwise at all. They reject the premise that free will requires regulative control (the power to bring about X *and* refrain from bringing about X), focusing instead on whether actions stem from the agent's own values and reasons-responsiveness [Source: alternative-possibilities][Source: compatibilism].\n*   **New Dispositionalism:** Other theorists attempt to explain how agents can possess a genuine \"disposition\" or capacity to act differently in a deterministic world, arguing that such capacities are compatible with fixed laws if understood as internal traits rather than external miracles [Source: compatibilism].\n\nHowever, Lewis’s critique remains central because it directly addresses van Inwagen’s claim that determinists and incompatibilists disagree over ordinary language. Van Inwagen counters Lewis by insisting there is only one relevant sense of 'can'—the ability to do otherwise given the past and laws—and he rejects Lewis's distinction as muddling the debate [Source: incompatibilism-arguments].\n\n---\n*Verification note: these statements could not be confirmed against your sources — treat them as unverified:*\n- Lewis distinguishes between two distinct senses in which one might claim to have the power to violate a deterministic consequence\n- Under *this* definition, van Inwagen is correct: we are unable to do otherwise because it requires violating natural laws",
        "reasoning_chars": 0,
        "stream_wall_ms": 72410,
        "total_latency_ms": 64837,
        "intent": "DeepQuery",
        "source_origins": [
          "sep"
        ],
        "retrieved_chunk_count": 28,
        "chunks_fact_score": {
          "matched": [
            "consequence argument",
            "van Inwagen",
            "no choice about",
            "compatibilism",
            "Frankfurt",
            "alternative possibilities"
          ],
          "missing": [
            "rule beta"
          ],
          "total_expected": 7,
          "ratio": 0.85714287
        },
        "judge_fact_score": {
          "matched": [
            "consequence argument",
            "van Inwagen",
            "no choice about",
            "compatibilism",
            "alternative possibilities"
          ],
          "missing": [
            "rule beta",
            "Frankfurt"
          ],
          "total_expected": 7,
          "ratio": 0.71428573
        },
        "judge_evidence": [
          {
            "fact": "consequence argument",
            "present": true,
            "evidence": "\"Van Inwagen presents the Consequence Argument as 'the best argument' for incompatibilism...\""
          },
          {
            "fact": "van Inwagen",
            "present": true,
            "evidence": "Peter van Inwagen presents the Consequence Argument as 'the best argument' for incompatibilism..."
          },
          {
            "fact": "no choice about",
            "present": true,
            "evidence": "\"no one has any power to alter their actions or choices\""
          },
          {
            "fact": "rule beta",
            "present": false,
            "evidence": "(absent)"
          },
          {
            "fact": "compatibilism",
            "present": true,
            "evidence": "\"The most influential objection to van Inwagen's argument comes from David Lewis (1981)...\" and \"While Lewis's semantic distinction is the most direct rebuttal... other compatibilists have adopted different strategies\""
          },
          {
            "fact": "Frankfurt",
            "present": false,
            "evidence": "(absent)"
          },
          {
            "fact": "alternative possibilities",
            "present": true,
            "evidence": "Rejecting PAP (Principle of Alternative Possibilities): Some modern compatibilists argue they do not need an ability to do otherwise at all."
          }
        ]
      }
    },
    {
      "question_id": "concept_modality_necessary_aposteriori",
      "category": "concept_distinction",
      "question": "What is the distinction between epistemic and metaphysical possibility,\nand why does Kripke think there are necessary a posteriori truths like\n'water is H2O'?\n",
      "retrieved": [
        {
          "corpus_id": "sep",
          "title": "sep",
          "url": null,
          "score": 0.0,
          "snippet": "Two-dimensional semantics extends standard possible worlds frameworks to distinguish between epistemic and metaphysical necessity, thereby explaining how necessary truths can be known a priori. This...",
          "source": "raptor"
        },
        {
          "corpus_id": "sep",
          "title": "sep",
          "url": null,
          "score": 0.0,
          "snippet": "The passages argue that possible-worlds semantics, rooted in Tarskian model theory and Carnap's work, provides a framework for evaluating truth conditions by relativizing them to specific worlds....",
          "source": "raptor"
        },
        {
          "corpus_id": "sep",
          "title": "sep",
          "url": null,
          "score": 0.0,
          "snippet": "The passages argue that knowledge of metaphysical modality is acquired through diverse epistemic methods, including empirical investigation, counterfactual reasoning, and rational intuition, rather...",
          "source": "raptor"
        },
        {
          "corpus_id": "sep",
          "title": "sep",
          "url": null,
          "score": 0.0,
          "snippet": "The text examines metaepistemological debates concerning the nature of epistemic facts, contrasting realist views that posit mind-independent truths with idealism and various forms of relativism. It...",
          "source": "raptor"
        },
        {
          "corpus_id": "sep",
          "title": "sep",
          "url": null,
          "score": 0.0,
          "snippet": "The text surveys contemporary theories regarding the epistemology of metaphysical modality, addressing skeptical challenges and various methods for acquiring modal knowledge. Key approaches include...",
          "source": "raptor"
        },
        {
          "corpus_id": "sep",
          "title": "sep",
          "url": null,
          "score": 0.0,
          "snippet": "The passages advance the thesis that metaphysical truths and facts are grounded in or supervene upon a base of perfectly natural properties. This framework utilizes concepts such as duplication,...",
          "source": "raptor"
        },
        {
          "corpus_id": "sep",
          "title": "sep",
          "url": null,
          "score": 0.0,
          "snippet": "The text examines the metaphysical status of non-actual possible objects, contrasting possibilist realism with actualism and Meinongian approaches. It analyzes specific theories by David Lewis, Alvin...",
          "source": "raptor"
        },
        {
          "corpus_id": "sep",
          "title": "sep",
          "url": null,
          "score": 0.0,
          "snippet": "The text examines the epistemology of modality, focusing on how a priori knowledge of essential properties is justified through conceptual analysis and intuition. It contrasts various philosophical...",
          "source": "raptor"
        },
        {
          "corpus_id": "sep",
          "title": "modality-varieties",
          "url": "https://plato.stanford.edu/entries/modality-varieties/",
          "score": 0.0,
          "snippet": "[Atlas highlights]\n[Saul Kripke (modality-varieties)]: \"K ripk e ’s wo rk h as g iv en u s reas ons fo r thi nk in gt ha ta po sterio rt rut hs c an b em et ap hy sic al ly n ec es sa..."
        },
        {
          "corpus_id": "sep",
          "title": "logic-modal",
          "url": "https://plato.stanford.edu/entries/logic-modal/",
          "score": 0.0,
          "snippet": "[Atlas highlights]\n[Saul Kripke (logic-modal)]: \"Kripke (193) famously argued that 'Water is HZO' is a posterior but nevertheless a necessary truth.\"\n\nlogic-modal\n\nThe idea has also been deployed in..."
        },
        {
          "corpus_id": "sep",
          "title": "modality-varieties",
          "url": "https://plato.stanford.edu/entries/modality-varieties/",
          "score": 0.0,
          "snippet": "[Atlas highlights]\n[Saul Kripke (modality-varieties)]: \"But (4) does not seem to be a necessary truth. After all, Julius could have become a salesperson rather than an inventor.\"\n[Saul Kripke..."
        },
        {
          "corpus_id": "sep",
          "title": "modality-epistemology",
          "url": "https://plato.stanford.edu/entries/modality-epistemology/",
          "score": 0.0,
          "snippet": "[Atlas highlights]\nArgument: Kripkean Inference Model for A Posteriori Necessities [from modality-epistemology]\n  P1. (K1) If p, then necessarily p (known by a priori philosophical analysis).\n  P2...."
        },
        {
          "corpus_id": "sep",
          "title": "social-construction-naturalistic",
          "url": "https://plato.stanford.edu/entries/social-construction-naturalistic/",
          "score": 0.0,
          "snippet": "[Atlas highlights]\n[social-construction-naturalistic]: \"claims such as “water=H2O” express necessary though a posteriori truths.\"\n[social-construction-naturalistic — contested]: \"implausible..."
        },
        {
          "corpus_id": "sep",
          "title": "essential-accidental",
          "url": "https://plato.stanford.edu/entries/essential-accidental/",
          "score": 0.0,
          "snippet": "[Atlas highlights]\nDefining possibility (essential-accidental): \"to say that something is possible is to say that its negation it is not necessary\"\n\nessential-accidental\n\nThe distinction between..."
        },
        {
          "corpus_id": "sep",
          "title": "physicalism",
          "url": "https://plato.stanford.edu/entries/physicalism/",
          "score": 0.0,
          "snippet": "physicalism\n\nThe appeal to the necessary a posteriori is on the surface an attractive one, but it is also controversial. One problem arises from the fact that Kripke’s idea that there are necessary..."
        },
        {
          "corpus_id": "sep",
          "title": "modality-epistemology",
          "url": "https://plato.stanford.edu/entries/modality-epistemology/",
          "score": 0.0,
          "snippet": "modality-epistemology\n\nFinally, the distinction between primary and secondary conceivability and possibility pertains to Chalmers’ version of  Two-Dimensional Semantics.  His Epistemic..."
        },
        {
          "corpus_id": "sep",
          "title": "logic-epistemic",
          "url": "https://plato.stanford.edu/entries/logic-epistemic/",
          "score": 0.0,
          "snippet": "logic-epistemic\n\nSince the 1960s Kripke models, defined below, have served as the basis of the most widely used semantics for all varieties of modal logic. The use of Kripke models in the..."
        },
        {
          "corpus_id": "sep",
          "title": "epistemic-game",
          "url": "https://plato.stanford.edu/entries/epistemic-game/",
          "score": 0.0,
          "snippet": "epistemic-game\n\nThese distinctions are not intended to be sharp. Rather, they describe various stages of information disclosure during the decision-making process. At the ex-ante stage, little is..."
        },
        {
          "corpus_id": "sep",
          "title": "natural-kinds",
          "url": "https://plato.stanford.edu/entries/natural-kinds/",
          "score": 0.0,
          "snippet": "[Atlas highlights]\n[Kripke (natural-kinds)]: \"Consequently it looks as i f a non-trivial metaphysical fact—that ther e ar e necessar y trut hs kno wabl e o nl y a poster io ri—is a consequence of..."
        },
        {
          "corpus_id": "sep",
          "title": "physicalism",
          "url": "https://plato.stanford.edu/entries/physicalism/",
          "score": 0.0,
          "snippet": "physicalism\n\nHow might a physicalist respond to Kripke’s argument? As with the knowledge argument, there are many responses but here I will mention only two. The first response is to insist that..."
        },
        {
          "corpus_id": "sep",
          "title": "location-mereology",
          "url": "https://plato.stanford.edu/entries/location-mereology/",
          "score": 0.0,
          "snippet": "location-mereology\n\nThis entry addresses questions framed in terms of modal notions. Are extended simples possible? Is it necessary that nothing is multilocated? All talk of possibility and necessity..."
        },
        {
          "corpus_id": "sep",
          "title": "zombies",
          "url": "https://plato.stanford.edu/entries/zombies/",
          "score": 0.0,
          "snippet": "zombies\n\nA number of philosophers argue that Kripke’s ideas about a posteriori necessary truth facilitate the defense of physicalism. They urge that even if a zombie world is conceivable, that does..."
        },
        {
          "corpus_id": "sep",
          "title": "analytic-synthetic",
          "url": "https://plato.stanford.edu/entries/analytic-synthetic/",
          "score": 0.0,
          "snippet": "analytic-synthetic\n\nThis seemed like a grand unified plan until Saul Kripke (1972) and Hilary Putnam (1975) drew attention to fundamental differences between the metaphysical and epistemic modalities..."
        },
        {
          "corpus_id": "sep",
          "title": "dualism",
          "url": "https://plato.stanford.edu/entries/dualism/",
          "score": 0.0,
          "snippet": "dualism\n\nA major rationale of those who think that imagination is not a safe indication of possibility, even when such possibility is not eliminable a priori, is that we can imagine that a posteriori..."
        },
        {
          "corpus_id": "sep",
          "title": "logical-constants",
          "url": "https://plato.stanford.edu/entries/logical-constants/",
          "score": 0.0,
          "snippet": "logical-constants\n\nOne might evade this counterexample by appealing to an epistemic modality instead of a metaphysical one. This is McCarthy’s strategy (1987, 439). Even if it is metaphysically..."
        },
        {
          "corpus_id": "sep",
          "title": "logic-modal",
          "url": "https://plato.stanford.edu/entries/logic-modal/",
          "score": 0.0,
          "snippet": "logic-modal\n\nThe idea has also been deployed in the philosophy of language. Kripke (1980) famously argued that ‘Water is H2O’ is a posteriori but nevertheless a necessary truth, for given that..."
        },
        {
          "corpus_id": "sep",
          "title": "essential-accidental",
          "url": "https://plato.stanford.edu/entries/essential-accidental/",
          "score": 0.0,
          "snippet": "essential-accidental\n\nIf one claims that something is possible, it is sometimes natural to take this to mean that one does not know it to be false. For example, suppose that you ask someone whether..."
        },
        {
          "corpus_id": "sep",
          "title": "social-construction-naturalistic",
          "url": "https://plato.stanford.edu/entries/social-construction-naturalistic/",
          "score": 0.0,
          "snippet": "social-construction-naturalistic\n\nThere is a different model of necessity for the constructionist, however, which is to hold that the necessity in question is revealed a posteriori by our..."
        },
        {
          "corpus_id": "sep",
          "title": "epistemic-game",
          "url": "https://plato.stanford.edu/entries/epistemic-game/",
          "score": 0.0,
          "snippet": "epistemic-game\n\nAfter discussing some general issues that arise when describing the informational context of a game, we introduce the two main types of models that have been used to describe the..."
        },
        {
          "corpus_id": "sep",
          "title": "epistemic-game",
          "url": "https://plato.stanford.edu/entries/epistemic-game/",
          "score": 0.0,
          "snippet": "epistemic-game\n\nKuhn (1953) introduced the distinction between perfect and imperfect recall in games with imperfect information. Roughly, players have perfect recall provided they remember all of..."
        },
        {
          "corpus_id": "sep",
          "title": "epistemic-game",
          "url": "https://plato.stanford.edu/entries/epistemic-game/",
          "score": 0.0,
          "snippet": "epistemic-game\n\nAs we noted in Section 1.3, there are different stages to the decision making process. Differences between these stages become even more pronounced in extensive games in which there..."
        },
        {
          "corpus_id": "sep",
          "title": "logic-epistemic",
          "url": "https://plato.stanford.edu/entries/logic-epistemic/",
          "score": 0.0,
          "snippet": "logic-epistemic\n\nEpistemic logic is a subfield of epistemology concerned with logical approaches to knowledge, belief and related notions. Though any logic with an epistemic interpretation may be..."
        },
        {
          "corpus_id": "sep",
          "title": "logic-epistemic",
          "url": "https://plato.stanford.edu/entries/logic-epistemic/",
          "score": 0.0,
          "snippet": "logic-epistemic\n\nAristotelian texts set the groundwork for discussions of the logic of knowledge and belief, particularly De Sophisiticis Elenchis as well as the Prior and Posterior Analytics. While..."
        },
        {
          "corpus_id": "sep",
          "title": "logic-epistemic",
          "url": "https://plato.stanford.edu/entries/logic-epistemic/",
          "score": 0.0,
          "snippet": "logic-epistemic\n\nAccording to Boh, the English philosopher Ralph Strode formulated a fully general system of propositional epistemic rules in his influential 1387 book Consequences (Boh 1993: 135)...."
        },
        {
          "corpus_id": "sep",
          "title": "modality-varieties",
          "url": "https://plato.stanford.edu/entries/modality-varieties/",
          "score": 0.0,
          "snippet": "modality-varieties\n\nPhilosophers have paid more attention to the examples given by Kripke than to other possible cases of the necessary a posteriori, and for that reason the discussion in the rest of..."
        },
        {
          "corpus_id": "sep",
          "title": "modality-varieties",
          "url": "https://plato.stanford.edu/entries/modality-varieties/",
          "score": 0.0,
          "snippet": "modality-varieties\n\nContingentism has often been defended by pointing out that the laws of nature can be known only a posteriori, and that their negations are conceivable (see Sidelle 2002)...."
        },
        {
          "corpus_id": "sep",
          "title": "logic-modal",
          "url": "https://plato.stanford.edu/entries/logic-modal/",
          "score": 0.0,
          "snippet": "logic-modal\n\nThe most familiar logics in the modal family are constructed from a weak logic called \\(\\bK\\) (after Saul Kripke). Under the narrow reading, modal logic concerns necessity and..."
        },
        {
          "corpus_id": "sep",
          "title": "logic-modal",
          "url": "https://plato.stanford.edu/entries/logic-modal/",
          "score": 0.0,
          "snippet": "logic-modal\n\nControversy about iteration (repetition) of operators arises again in deontic logic. In some conceptions of obligation, \\(OOA\\) just amounts to \\(OA\\). ‘It ought to be that it ought to..."
        }
      ],
      "source_score": {
        "matched": [
          "modality-varieties",
          "natural-kinds"
        ],
        "missing": [
          "rigid-designators",
          "possible-worlds"
        ],
        "total_expected": 4,
        "ratio": 0.5
      },
      "fact_score": {
        "matched": [
          "rigid designator",
          "necessary a posteriori",
          "Kripke",
          "metaphysical possibility",
          "epistemic possibility",
          "water is H2O",
          "natural kind"
        ],
        "missing": [],
        "total_expected": 7,
        "ratio": 1.0
      },
      "embed_ms": 0,
      "search_ms": 0,
      "corpora_hit": [
        "sep"
      ],
      "vector_eligible": true,
      "synth": {
        "answer": "The distinction between epistemic and metaphysical possibility, and Kripke’s argument for necessary a posteriori truths like \"water is H2O,\" are central to contemporary modal philosophy. The passages provided clarify that these two types of modality track fundamentally different domains: one concerns the limits of knowledge (epistemology), while the other concerns the fundamental structure of reality (metaphysics).\n\n### 1. Epistemic vs. Metaphysical Possibility\n\n**Epistemic Possibility**\nEpistemic possibility is defined in terms of an agent's information or lack thereof [Source: essential-accidental]. A proposition $p$ is epistemically possible if it has not been ruled out by what we know; essentially, its negation is unknown [Source: essential-accidental]. It tracks \"informational indistinguishability between possible worlds\" based on current data [Source: logic-epistemic]. For example, before modern astronomy confirmed that Hesperus and Phosphorus are the same planet (Venus), it was *epistemically* possible for them to be different.\n\n**Metaphysical Possibility**\nMetaphysical possibility concerns how reality itself could have been, independent of our knowledge or concepts. To say something is metaphysically necessary means it must be true in all possible worlds where the relevant entities exist; conversely, if something is not metaphysically possible, its negation is a necessity [Source: essential-accidental]. Crucially, [unverified excerpt: metaphysical necessity... has nothing to do with what is known or believed] [Source: modality-varieties]. It relates to the essence of things rather than their conceptual definitions.\n\n**The Divergence (Why they are distinct)**\nKripke and others demonstrated that these two modalities often come apart [Source: analytic-synthetic]:\n*   **Epistemically Possible but Metaphysically Impossible:** We can imagine water being XYZ instead of H2O because we don't know its chemical nature yet. However, if water *is* essentially H2O, then a world where water is not H2O is metaphysically impossible, even though it remains epistemically possible for us to conceive of it as such [Source: logic-modal]. As the sources note regarding Goldbach’s Conjecture or \"water is not H2O,\" there are cases where something is conceivable (epistemic) but strictly impossible in reality (metaphysical) [Source: modality-epistemology; Source: essential-accidental].\n*   **Metaphysically Possible but Epistemically Impossible:** Conversely, some states of affairs might be physically/metaphysically consistent with our current knowledge constraints but ruled out by empirical facts we already possess. For instance, having only two planets in our solar system is metaphysically possible (it doesn't violate logical laws), but it is *not* epistemically possible for us to consider it a live option because we know empirically that there are eight [Source: essential-accidental].\n\n### 2. Kripke’s Argument for Necessary A Posteriori Truths (\"Water is H2O\")\n\nKripke argues against the traditional view that all necessary truths must be known a priori and all contingent truths a posteriori. He posits \"necessary a posteriori\" truths—statements that could not have been false, yet can only be discovered through empirical investigation [Source: modality-varieties; Source: natural-kinds].\n\n**The Mechanism: Rigid Designators**\nThe core of Kripke's argument relies on his semantics for **rigid designators**. \n*   A rigid designator refers to the same object in every possible world where that object exists [Source: natural-kinds].\n*   Natural kind terms (like 'water', 'gold', or 'tiger') are treated as rigid designators. They pick out the specific underlying essence or chemical structure of a substance across all worlds [Source: social-construction-naturalistic; Source: natural-kinds].\n\n**Applying it to \"Water is H2O\"**\n1.  **Identity:** The statement \"Water is H2O\" asserts an identity between two rigid designators ('water' and 'H2O'). \n2.  **Necessity:** In modal logic, any true identity statement relating two rigid designators is necessarily true [Source: natural-kinds]. If water *is* H2O in our world, then there is no possible world where that very stuff (which we call water) has a different chemical composition. It cannot be something else (like the basic element the Greeks thought it was); if it were XYZ, it wouldn't be water at all—it would just look like water but be a distinct substance [Source: logic-modal; Source: social-construction-naturalistic].\n3.  **A Posteriori Status:** While the truth of \"Water is H2O\" is necessary (it couldn't have been otherwise), we could not know this simply by analyzing the concept or definition of 'water'. We had to perform empirical chemistry to discover its molecular structure [Source: modality-varieties; Source: natural-kinds].\n\n**The Inference Model**\nThis can be formalized as a Kripkean inference model for a posteriori necessities [Source: modality-epistemology]:\n*   **(K1) If p, then necessarily p** (Known via philosophical analysis/semantics).\n*   **(K2) p is true** (Discovered empirically/a posteriori).\n*   **C. Therefore, necessarily p** (Which is known a posteriori due to the contribution of K2) [Source: modality-epistemology].\n\n### 3. Addressing Intuitions and Conceivability\n\nA major challenge to this view is that it seems *conceivable* that water could have been something else. How can we reconcile our intuition that \"water might not be H2O\" with the claim that it is metaphysically impossible?\n\nThe passages suggest two main responses:\n1.  **Denying Conceivability as a Guide:** Some necessitarians argue that while we can conceive of an odorless liquid falling from the sky, if that liquid were chemically XYZ rather than H2O, it wouldn't actually be water [Source: modality-varieties]. We are conceiving of a situation where objects behave like water but lack its essence (sometimes called 'schmass' or similar properties). Thus, what seems conceivable is merely epistemically possible, not metaphysically possible [Source: logic-modal; Source: dualism].\n2.  **Two-Dimensional Semantics:** Philosophers like Chalmers use Two-Dimensional Semantics to separate these intuitions. They distinguish between *primary* and *secondary* conceivability/possibility [Source: modality-epistemology]. \n    *   \"Water is not H2O\" might be *primarily conceivable* (if we imagine the world based on superficial appearances/stereotypes without knowing its essence) [Source: modality-varieties; Source: dualism].\n    *   However, it is *secondarily inconceivable*. Once we fix the reference of 'water' rigidly as H2O in our actual world, there is no secondary possibility where water is not H2O [Source: logic-modal; Source: modality-epistemology].\n\n### Summary\nThe distinction lies in their domains: **Epistemic possibility** tracks what we do not know to be false (conceivability), while **metaphysical possibility** tracks how reality essentially must be. Kripke’s \"Water is H2O\" demonstrates that because natural kind terms are rigid designators picking out essences, any identity involving them is metaphysically necessary—even though discovering those identities requires empirical science (a posteriori). The intuition that such truths could have been otherwise stems from confusing epistemic conceivability with metaphysical possibility [Source: analytic-synthetic; Source: modality-varieties].",
        "reasoning_chars": 0,
        "stream_wall_ms": 89577,
        "total_latency_ms": 84183,
        "intent": "DeepQuery",
        "source_origins": [
          "sep"
        ],
        "retrieved_chunk_count": 38,
        "chunks_fact_score": {
          "matched": [
            "necessary a posteriori",
            "Kripke",
            "metaphysical possibility",
            "epistemic possibility",
            "water is H2O",
            "natural kind"
          ],
          "missing": [
            "rigid designator"
          ],
          "total_expected": 7,
          "ratio": 0.85714287
        },
        "judge_fact_score": {
          "matched": [
            "rigid designator",
            "necessary a posteriori",
            "Kripke",
            "metaphysical possibility",
            "epistemic possibility",
            "water is H2O",
            "natural kind"
          ],
          "missing": [],
          "total_expected": 7,
          "ratio": 1.0
        },
        "judge_evidence": [
          {
            "fact": "rigid designator",
            "present": true,
            "evidence": "\"The core of Kripke's argument relies on his semantics for **rigid designators**.\""
          },
          {
            "fact": "necessary a posteriori",
            "present": true,
            "evidence": "\"Kripke argues against the traditional view that all necessary truths must be known a priori and all contingent truths a posteriori. He posits 'necessary a posteriori' truths—statements that could not have been false, yet can only be discovered through empirical investigation\""
          },
          {
            "fact": "Kripke",
            "present": true,
            "evidence": "\"The distinction between epistemic and metaphysical possibility, and Kripke's argument for necessary a posteriori truths like 'water is H2O,' are central to contemporary modal philosophy.\""
          },
          {
            "fact": "metaphysical possibility",
            "present": true,
            "evidence": "\"The distinction between epistemic and metaphysical possibility, and Kripke's argument for necessary a posteriori truths like 'water is H2O,' are central to contemporary modal philosophy.\""
          },
          {
            "fact": "epistemic possibility",
            "present": true,
            "evidence": "\"The distinction between epistemic and metaphysical possibility...\" or \"Epistemic possibility is defined in terms of an agent's information...\""
          },
          {
            "fact": "water is H2O",
            "present": true,
            "evidence": "\"Kripke's argument for necessary a posteriori truths like 'water is H2O'\""
          },
          {
            "fact": "natural kind",
            "present": true,
            "evidence": "\"Natural kind terms (like 'water', 'gold', or 'tiger') are treated as rigid designators.\""
          }
        ]
      }
    },
    {
      "question_id": "comparative_locke_reid_personal_identity",
      "category": "comparative",
      "question": "Reconstruct Locke's memory criterion of personal identity and explain\nReid's brave-officer objection. What does the objection show about the\ntransitivity of identity?\n",
      "retrieved": [
        {
          "corpus_id": "sep",
          "title": "reid",
          "url": "https://plato.stanford.edu/entries/reid/",
          "score": 0.0,
          "snippet": "reid\n\nReid's theory of memory informs his theory of personal identity, as does his three criticisms of Locke's theory of personal identity. First, Reid argues that Locke's account is misleading due..."
        },
        {
          "corpus_id": "sep",
          "title": "reid-memory-identity",
          "url": "https://plato.stanford.edu/entries/reid-memory-identity/",
          "score": 0.0,
          "snippet": "reid-memory-identity\n\nReid’s first criticism rests on his interpreting Locke’s definition as committing him to the position that a person is a subject of thought, which Reid regards as implying..."
        },
        {
          "corpus_id": "sep",
          "title": "identity-time",
          "url": "https://plato.stanford.edu/entries/identity-time/",
          "score": 0.0,
          "snippet": "identity-time\n\nWhat then, according to Locke, is it to have the same consciousness as some past person? He is customarily interpreted as holding that person A is the same person as earlier person B..."
        },
        {
          "corpus_id": "sep",
          "title": "locke-personal-identity",
          "url": "https://plato.stanford.edu/entries/locke-personal-identity/",
          "score": 0.0,
          "snippet": "locke-personal-identity\n\nThe most popular, or well known, version of this line of objection comes from Thomas Reid (1785). In the “brave officer” objection, Reid poses the following challenge to..."
        },
        {
          "corpus_id": "sep",
          "title": "identity-ethics",
          "url": "https://plato.stanford.edu/entries/identity-ethics/",
          "score": 0.0,
          "snippet": "identity-ethics\n\nNevertheless, even if this objection to Locke is thwarted, the others remain in force. For one thing, memory does seem to presuppose  personal identity, and so cannot constitute a..."
        },
        {
          "corpus_id": "sep",
          "title": "memory",
          "url": "https://plato.stanford.edu/entries/memory/",
          "score": 0.0,
          "snippet": "memory\n\nAssuming that a criterion of episodicity can be identified, it remains to identify a criterion of mnemicity—a criterion that distinguishes between remembering and imagining."
        },
        {
          "corpus_id": "sep",
          "title": "memory",
          "url": "https://plato.stanford.edu/entries/memory/",
          "score": 0.0,
          "snippet": "memory\n\nLocke ([1689] 1998)—who was perhaps anticipated in this by Spinoza (Lin 2005)—discussed the idea that what makes a person at a given time count as the same person as a person at an..."
        },
        {
          "corpus_id": "sep",
          "title": "reid",
          "url": "https://plato.stanford.edu/entries/reid/",
          "score": 0.0,
          "snippet": "reid\n\nOther works by Reid include:"
        },
        {
          "corpus_id": "sep",
          "title": "collins",
          "url": "https://plato.stanford.edu/entries/collins/",
          "score": 0.0,
          "snippet": "collins\n\nCollins accepts Locke’s revolutionary view that consciousness and not the substantial soul is the bearer of personal identity. Again agreeing with Locke, he regards memory as crucial to..."
        },
        {
          "corpus_id": "sep",
          "title": "animalism",
          "url": "https://plato.stanford.edu/entries/animalism/",
          "score": 0.0,
          "snippet": "animalism\n\nIt is in the context of his solution to this problem that Locke introduces the famous thought experiment involving the prince and the cobbler—not as a puzzle in need of explanation, but..."
        },
        {
          "corpus_id": "sep",
          "title": "locke-personal-identity",
          "url": "https://plato.stanford.edu/entries/locke-personal-identity/",
          "score": 0.0,
          "snippet": "locke-personal-identity\n\nOne of the overarching questions asked about Locke’s Essay is how much it includes metaphysical exploration. Some think that Locke’s project is exclusively..."
        },
        {
          "corpus_id": "sep",
          "title": "locke",
          "url": "https://plato.stanford.edu/entries/locke/",
          "score": 0.0,
          "snippet": "locke\n\nBerkeley, George |  Hume, David |  Leibniz, Gottfried Wilhelm |  liberalism |  Locke, John: moral philosophy |  Locke, John: on freedom |  Locke, John: on personal identity |  Locke, John:..."
        },
        {
          "corpus_id": "sep",
          "title": "memory-episprob",
          "url": "https://plato.stanford.edu/entries/memory-episprob/",
          "score": 0.0,
          "snippet": "memory-episprob\n\nThe most severe critic of the RTM was Scottish philosopher Thomas Reid, a contemporary of Hume.  I'll close this section of this essay by looking at Reid's critique of Locke and..."
        },
        {
          "corpus_id": "sep",
          "title": "reid-memory-identity",
          "url": "https://plato.stanford.edu/entries/reid-memory-identity/",
          "score": 0.0,
          "snippet": "reid-memory-identity\n\nThe passage in Locke differs from Reid’s paraphrase:"
        },
        {
          "corpus_id": "sep",
          "title": "real-essence",
          "url": "https://plato.stanford.edu/entries/real-essence/",
          "score": 0.0,
          "snippet": "real-essence\n\nLocke, John |  Locke, John: moral philosophy |  Locke, John: philosophy of science"
        },
        {
          "corpus_id": "sep",
          "title": "reid-ethics",
          "url": "https://plato.stanford.edu/entries/reid-ethics/",
          "score": 0.0,
          "snippet": "reid-ethics\n\nAccording to Reid, (3), then, is either false or trivial (for discussion, see Yaffe 2004, Ch. 6)."
        },
        {
          "corpus_id": "sep",
          "title": "identity-ethics",
          "url": "https://plato.stanford.edu/entries/identity-ethics/",
          "score": 0.0,
          "snippet": "identity-ethics\n\nBoth Reid and Butler, then, wind up rejecting Locke's relational view in favor of a substance-based view of identity. (And Reid's objection in particular anticipates Derek Parfit's..."
        },
        {
          "corpus_id": "sep",
          "title": "identity-time",
          "url": "https://plato.stanford.edu/entries/identity-time/",
          "score": 0.0,
          "snippet": "[Atlas highlights]\n[Reid (identity-time) — contested]: \"the elderly general is not the same person as the young schoolboy. Hence, the memory criterion implies... contrary to the transitivity of..."
        },
        {
          "corpus_id": "sep",
          "title": "reid",
          "url": "https://plato.stanford.edu/entries/reid/",
          "score": 0.0,
          "snippet": "reid\n\nNext Reid considers a theory he associates with Locke, namely that universals do not exist as metaphysical forms but rather universals are abstract ideas. Abstract ideas arise through a process..."
        },
        {
          "corpus_id": "sep",
          "title": "locke",
          "url": "https://plato.stanford.edu/entries/locke/",
          "score": 0.0,
          "snippet": "locke\n\nAt the end of the Second Treatise we learn about the nature of illegitimate civil governments and the conditions under which rebellion and regicide are legitimate and appropriate. As noted..."
        },
        {
          "corpus_id": "sep",
          "title": "memory",
          "url": "https://plato.stanford.edu/entries/memory/",
          "score": 0.0,
          "snippet": "memory\n\nThe particular kind of memory on which most recent work has focused has gone by a number of names, but, adopting Tulving’s (1972, 1985a) psychological terminology, philosophers increasingly..."
        },
        {
          "corpus_id": "sep",
          "title": "memory",
          "url": "https://plato.stanford.edu/entries/memory/",
          "score": 0.0,
          "snippet": "memory\n\nThe taxonomy in question, developed in detail by Squire (2009), divides the overarching category of memory into declarative and nondeclarative memory. Declarative memory, in turn, is divided..."
        },
        {
          "corpus_id": "sep",
          "title": "locke-personal-identity",
          "url": "https://plato.stanford.edu/entries/locke-personal-identity/",
          "score": 0.0,
          "snippet": "locke-personal-identity\n\nwhich comes through, as Winkler notes, in Reid’s objection—an objection which Winkler thinks sympathetic readers of Locke can answer and which is discussed in section 3..."
        },
        {
          "corpus_id": "sep",
          "title": "locke-personal-identity",
          "url": "https://plato.stanford.edu/entries/locke-personal-identity/",
          "score": 0.0,
          "snippet": "locke-personal-identity\n\nSome scholars take Locke to be a strict memory theorist. In other words, consciousness just is memory for Locke. As will become clear below, this reading dates back at least..."
        },
        {
          "corpus_id": "sep",
          "title": "reid",
          "url": "https://plato.stanford.edu/entries/reid/",
          "score": 0.0,
          "snippet": "reid\n\nThomas Reid (1710–1796) is a Scottish philosopher best known for his philosophical method, his theory of perception and its wide implications on epistemology, and as the developer and..."
        },
        {
          "corpus_id": "sep",
          "title": "identity-ethics",
          "url": "https://plato.stanford.edu/entries/identity-ethics/",
          "score": 0.0,
          "snippet": "identity-ethics\n\nSimilarly, Reid affirms Butler's objection and then adds a few of his own. One is that Locke's criterion implies the contradictory position that someone could both be and not be..."
        },
        {
          "corpus_id": "sep",
          "title": "identity-ethics",
          "url": "https://plato.stanford.edu/entries/identity-ethics/",
          "score": 0.0,
          "snippet": "identity-ethics\n\nThe second objection was Reid's, about transitivity of identity in  the Brave Officer case. What gets Locke in trouble is that memories  fade, so someone may no longer be capable of..."
        }
      ],
      "source_score": {
        "matched": [
          "locke",
          "reid",
          "locke-personal-identity",
          "reid-memory-identity"
        ],
        "missing": [
          "identity-personal"
        ],
        "total_expected": 5,
        "ratio": 0.8
      },
      "fact_score": {
        "matched": [
          "memory criterion",
          "Locke",
          "Reid",
          "brave officer",
          "transitivity",
          "personal identity",
          "consciousness"
        ],
        "missing": [],
        "total_expected": 7,
        "ratio": 1.0
      },
      "embed_ms": 0,
      "search_ms": 0,
      "corpora_hit": [
        "sep"
      ],
      "vector_eligible": true,
      "synth": {
        "answer": "Based on the provided knowledge base, here is a reconstruction of Locke’s memory criterion and an explanation of Reid’s objection.\n\n### Locke's Memory Criterion\nAccording to John Locke, personal identity does not consist in the persistence of a substantial soul or physical body, but rather in consciousness [Source: locke-personal-identity; Source: animalism]. Specifically, [unverified excerpt: a person is at present a thinking intelligent Being... who has reason and reflection, and can consider itself as itself] through time via its own consciousness [Source: animalism]. \n\nLocke defines this continuity by stating that a person at one time ($t_1$) is identical to a person at a later time ($t_2$) if and only if the latter remembers (or possesses consciousness of) the experiences had by the former [Source: identity-time; Source: memory]. This view treats personal identity as an extension of consciousness backward in time. As noted in the sources, Locke’s account allows for the possibility that consciousness could be \"transferred from one intelligent being to another,\" meaning that sameness of person does not necessarily require sameness of thinking substance [Source: reid-memory-identity].\n\n### Reid's Brave Officer Objection\nThomas Reid formulated his objection using a specific thought experiment involving three stages of a single life: a schoolboy, a young lieutenant (the brave officer), and an elderly general [Source: identity-time; Source: identity-ethics]. The scenario is constructed with the following memory links:\n\n1.  **The Schoolboy:** A boy who steals apples from a neighbor's orchard.\n2.  **The Young Lieutenant:** As a youth, he becomes a \"brave officer\" in battle. Crucially, as an adult officer, he remembers stealing the apples when he was the schoolboy. Therefore, by Locke’s criterion, the officer is the same person as the apple-stealing schoolboy.\n3.  **The Elderly General:** In his old age, this man (who was once the brave officer) remembers being the brave officer and capturing an enemy standard during battle. However, due to aging or memory loss, he has forgotten that he ever stole apples as a child [Source: identity-ethics; Source: reid].\n\n### What the Objection Shows About Transitivity of Identity\nReid uses this scenario to demonstrate that Locke's theory violates the logical law of transitivity regarding numerical identity. The objection reveals two conflicting conclusions based on Locke’s own criterion:\n\n1.  **Identity via Transitivity:** Since the elderly general is identical to the young lieutenant (because he remembers him), and the young lieutenant is identical to the schoolboy (because he remembered him), logic dictates by the transitivity of identity that the elderly general *must* be identical to the schoolboy, regardless of whether he currently remembers those specific childhood events [Source: identity-ethics].\n2.  **Non-Identity via Memory Criterion:** However, under Locke’s strict memory rule, personal identity requires direct consciousness of past actions. Because the elderly general has no conscious memory of stealing apples as a boy, Locke's criterion implies that the general is *not* the same person as the apple-stealing schoolboy [Source: identity-time; Source: identity-ethics].\n\n**Conclusion:** The objection shows that \"memory\" (or Locke's version of consciousness) is not transitive in the way numerical identity must be. Reid argues this proves that Locke’s account fails to preserve the fundamental logical properties of identity—specifically, that if $A=B$ and $B=C$, then $A=C$. By making identity dependent on fallible psychological links rather than an underlying substance or strict numerical sameness, Locke creates a contradiction where one individual can simultaneously be and not be identical to their past self [Source: reid; Source: identity-ethics].\n\n---\n*Verification note: these statements could not be confirmed against your sources — treat them as unverified:*\n- A person is at present a thinking intelligent Being... who has reason and reflection, and can consider itself as itself",
        "reasoning_chars": 0,
        "stream_wall_ms": 63953,
        "total_latency_ms": 58126,
        "intent": "DeepQuery",
        "source_origins": [
          "sep"
        ],
        "retrieved_chunk_count": 27,
        "chunks_fact_score": {
          "matched": [
            "memory criterion",
            "Locke",
            "Reid",
            "brave officer",
            "transitivity",
            "personal identity",
            "consciousness"
          ],
          "missing": [],
          "total_expected": 7,
          "ratio": 1.0
        },
        "judge_fact_score": {
          "matched": [
            "memory criterion",
            "Locke",
            "Reid",
            "brave officer",
            "transitivity",
            "personal identity",
            "consciousness"
          ],
          "missing": [],
          "total_expected": 7,
          "ratio": 1.0
        },
        "judge_evidence": [
          {
            "fact": "memory criterion",
            "present": true,
            "evidence": "\"Locke's memory criterion implies that the general is *not* the same person as the apple-stealing schoolboy\""
          },
          {
            "fact": "Locke",
            "present": true,
            "evidence": "Based on the provided knowledge base, here is a reconstruction of Locke's memory criterion..."
          },
          {
            "fact": "Reid",
            "present": true,
            "evidence": "Reid's Brave Officer Objection\nThomas Reid formulated his objection..."
          },
          {
            "fact": "brave officer",
            "present": true,
            "evidence": "\"The Young Lieutenant: As a youth, he becomes a 'brave officer' in battle.\""
          },
          {
            "fact": "transitivity",
            "present": true,
            "evidence": "logic dictates by the transitivity of identity that the elderly general *must* be identical to the schoolboy"
          },
          {
            "fact": "personal identity",
            "present": true,
            "evidence": "\"personal identity does not consist in the persistence of a substantial soul or physical body, but rather in consciousness\""
          },
          {
            "fact": "consciousness",
            "present": true,
            "evidence": "\"...who has reason and reflection, and can consider itself as itself through time via its own consciousness\""
          }
        ]
      }
    },
    {
      "question_id": "dialectical_gettier_lottery",
      "category": "dialectical",
      "question": "How do reliabilist analyses of knowledge handle Gettier cases, and what\ndoes the lottery paradox suggest about whether reliability is enough?\n",
      "retrieved": [
        {
          "corpus_id": "sep",
          "title": "sep",
          "url": null,
          "score": 0.0,
          "snippet": "The traditional Justified True Belief account of knowledge is challenged by Gettier cases, which demonstrate that justification does not preclude epistemic luck. In response, philosophers have...",
          "source": "raptor"
        },
        {
          "corpus_id": "sep",
          "title": "sep",
          "url": null,
          "score": 0.0,
          "snippet": "The passage traces the evolution of epistemological responses to Gettier cases, which challenged the traditional Justified True Belief analysis by demonstrating that justification does not preclude...",
          "source": "raptor"
        },
        {
          "corpus_id": "sep",
          "title": "sep",
          "url": null,
          "score": 0.0,
          "snippet": "The text analyzes the traditional Justified True Belief (JTB) account of knowledge, arguing that it is insufficient due to Gettier cases where justified true beliefs result from epistemic luck. To...",
          "source": "raptor"
        },
        {
          "corpus_id": "sep",
          "title": "sep",
          "url": null,
          "score": 0.0,
          "snippet": "The passages examine the 'swamping problem' and related challenges to reliabilism, which argue that reliable processes do not add value to true belief because their instrumental worth is overshadowed...",
          "source": "raptor"
        },
        {
          "corpus_id": "sep",
          "title": "sep",
          "url": null,
          "score": 0.0,
          "snippet": "The passages analyze process reliabilism, primarily associated with Alvin Goldman, as a theory where justification depends on the reliability of belief-forming mechanisms. This framework faces...",
          "source": "raptor"
        },
        {
          "corpus_id": "sep",
          "title": "sep",
          "url": null,
          "score": 0.0,
          "snippet": "The passages outline the development of reliabilism, a theory positing that epistemic justification depends on the reliability of belief-forming processes. It details Alvin Goldman's foundational...",
          "source": "raptor"
        },
        {
          "corpus_id": "sep",
          "title": "sep",
          "url": null,
          "score": 0.0,
          "snippet": "The text surveys process reliabilism as a theory of justification, outlining its foundational principles and addressing major objections such as the clairvoyance and generality problems. It examines...",
          "source": "raptor"
        },
        {
          "corpus_id": "sep",
          "title": "sep",
          "url": null,
          "score": 0.0,
          "snippet": "The passages examine criticisms of externalist reliabilism, particularly its tendency to grant unjustified foundational status to beliefs lacking objective reliability or proper grounding. Critics...",
          "source": "raptor"
        },
        {
          "corpus_id": "sep",
          "title": "contextualism-epistemology",
          "url": "https://plato.stanford.edu/entries/contextualism-epistemology/",
          "score": 0.0,
          "snippet": "[Atlas highlights]\n[Epistemic Contextualism (contextualism-epistemology)]: \"what is expressed by a knowledge attribution — a claim to the effect that S “knows” that p — depends partly on..."
        },
        {
          "corpus_id": "sep",
          "title": "epistemic-paradoxes",
          "url": "https://plato.stanford.edu/entries/epistemic-paradoxes/",
          "score": 0.0,
          "snippet": "[Atlas highlights]\nDefining surprise test paradox (epistemic-paradoxes): \"'Surprise test' is being defined in terms of what can be known. Specifically, a test is a surprise if and only if the student..."
        },
        {
          "corpus_id": "sep",
          "title": "knowledge-analysis",
          "url": "https://plato.stanford.edu/entries/knowledge-analysis/",
          "score": 0.0,
          "snippet": "knowledge-analysis\n\nIn honour of his contribution to the literature, cases like these have come to be known as “Gettier cases”. Since they appear to refute the JTB analysis, many epistemologists..."
        },
        {
          "corpus_id": "sep",
          "title": "epistemology",
          "url": "https://plato.stanford.edu/entries/epistemology/",
          "score": 0.0,
          "snippet": "epistemology\n\nIt turns out, as Edmund Gettier showed, that there are cases of JTB that are not cases of knowledge. JTB, therefore, is not sufficient for knowledge. Cases like that—known as Gettier ..."
        },
        {
          "corpus_id": "sep",
          "title": "epistemology-latin-america",
          "url": "https://plato.stanford.edu/entries/epistemology-latin-america/",
          "score": 0.0,
          "snippet": "[Atlas highlights]\nDefining The trilemma of knowledge (epistemology-latin-america): \"if (1) and (2) are true, then (3) is false... if (1) and (3) are true, then (2) is false... and if (2) and (3) are..."
        },
        {
          "corpus_id": "sep",
          "title": "epistemic-paradoxes",
          "url": "https://plato.stanford.edu/entries/epistemic-paradoxes/",
          "score": 0.0,
          "snippet": "[Atlas highlights]\nArgument: Kyburg's Lottery Paradox Argument [from epistemic-paradoxes]\n  P1. An acceptance rule permits rational belief in any proposition with a probability of at least .99.\n  P2...."
        },
        {
          "corpus_id": "sep",
          "title": "contextualism-epistemology",
          "url": "https://plato.stanford.edu/entries/contextualism-epistemology/",
          "score": 0.0,
          "snippet": "[Atlas highlights]\nDefining Subject Sensitive Invariantism (contextualism-epistemology): \"Whether a subject knows depends upon facts about his/her practical interests (or, depending on the view, what..."
        },
        {
          "corpus_id": "sep",
          "title": "apriori",
          "url": "https://plato.stanford.edu/entries/apriori/",
          "score": 0.0,
          "snippet": "apriori\n\nIf this is a problem for reliabilists about empirical knowledge, it may also be a problem for reliabilists when it comes to a priori knowledge. Mere reliability does not seem sufficient for..."
        },
        {
          "corpus_id": "sep",
          "title": "knowledge-analysis",
          "url": "https://plato.stanford.edu/entries/knowledge-analysis/",
          "score": 0.0,
          "snippet": "[Atlas highlights]\nDefining propositional knowledge (knowledge-analysis): \"By 'propositional knowledge', we mean knowledge of a proposition—for example, if Susan knows that Alyssa is a..."
        },
        {
          "corpus_id": "sep",
          "title": "knowledge-value",
          "url": "https://plato.stanford.edu/entries/knowledge-value/",
          "score": 0.0,
          "snippet": "[Atlas highlights]\n[strong conception of knowledge (knowledge-value)]: \"The three components of the traditional view of knowledge thus fit together “cohesively” to explain why knowledge is valued..."
        },
        {
          "corpus_id": "sep",
          "title": "contextualism-epistemology",
          "url": "https://plato.stanford.edu/entries/contextualism-epistemology/",
          "score": 0.0,
          "snippet": "[Atlas highlights]\n[Epistemic Contextualism (contextualism-epistemology)]: \"closure should be seen as holding only within a given context, and on pain of equivocation.\"\n[Epistemic Contextualism..."
        },
        {
          "corpus_id": "sep",
          "title": "epistemology-latin-america",
          "url": "https://plato.stanford.edu/entries/epistemology-latin-america/",
          "score": 0.0,
          "snippet": "epistemology-latin-america\n\nThere has also been some discussion of the concept of knowledge in terms of both reliability and fallibility. Let us begin with the former. Succinctly put, reliabilism..."
        },
        {
          "corpus_id": "sep",
          "title": "knowledge-value",
          "url": "https://plato.stanford.edu/entries/knowledge-value/",
          "score": 0.0,
          "snippet": "knowledge-value\n\nLottery cases therefore seem to show that justified true belief, no matter how strong the degree of justification, is not enough for acceptable practical reasoning—instead,..."
        },
        {
          "corpus_id": "sep",
          "title": "reliabilism",
          "url": "https://plato.stanford.edu/entries/reliabilism/",
          "score": 0.0,
          "snippet": "reliabilism\n\nHow do such accounts handle Gettier cases? Sosa 2007: 94–97 discusses Lehrer’s (1965) Nogot/Havit case, in which a subject S truly believes that someone here owns a Ford, but he only..."
        },
        {
          "corpus_id": "sep",
          "title": "epistemology-virtue",
          "url": "https://plato.stanford.edu/entries/epistemology-virtue/",
          "score": 0.0,
          "snippet": "epistemology-virtue\n\nA fourth response is that there is no evidence that knowledge requires the sort of dispositions that epistemic situationism challenges and, moreover, that there is theoretical..."
        },
        {
          "corpus_id": "sep",
          "title": "sriharsa",
          "url": "https://plato.stanford.edu/entries/sriharsa/",
          "score": 0.0,
          "snippet": "sriharsa\n\nFirst of all, Mist and Horns clearly conform to the structure of standard Gettier cases; similar examples are also discussed by classical Indian philosophers such as Dharmottara, Kumārila,..."
        },
        {
          "corpus_id": "sep",
          "title": "epistemology",
          "url": "https://plato.stanford.edu/entries/epistemology/",
          "score": 0.0,
          "snippet": "epistemology\n\nNext, let us consider why reliabilism is an externalist theory. Reliabilism says that the justification of one’s beliefs is a function of the reliability of one’s belief sources..."
        },
        {
          "corpus_id": "sep",
          "title": "closure-epistemic",
          "url": "https://plato.stanford.edu/entries/closure-epistemic/",
          "score": 0.0,
          "snippet": "closure-epistemic\n\nAs for lottery propositions: several theorists suggest that we do not in fact know that they are true because knowing them requires believing them because of something that..."
        },
        {
          "corpus_id": "sep",
          "title": "justep-foundational",
          "url": "https://plato.stanford.edu/entries/justep-foundational/",
          "score": 0.0,
          "snippet": "justep-foundational\n\nThe above is a crude sketch of Goldman’s early reliabilism—he later modified it to deal with a number of objections. But the sketch is enough to bring out the foundationalist..."
        },
        {
          "corpus_id": "sep",
          "title": "metaepistemology",
          "url": "https://plato.stanford.edu/entries/metaepistemology/",
          "score": 0.0,
          "snippet": "metaepistemology\n\nAnother kind of arguably surprising type of result from experimental epistemology concerns “Gettier cases”, and in two distinct ways: first by suggesting the Gettier..."
        },
        {
          "corpus_id": "sep",
          "title": "knowledge-analysis",
          "url": "https://plato.stanford.edu/entries/knowledge-analysis/",
          "score": 0.0,
          "snippet": "knowledge-analysis\n\nIt is not enough merely to pick out the actual extension of knowledge. Even if, in actual fact, all cases of S knowing that p are cases of j, and all cases of the latter are cases..."
        },
        {
          "corpus_id": "sep",
          "title": "knowledge-analysis",
          "url": "https://plato.stanford.edu/entries/knowledge-analysis/",
          "score": 0.0,
          "snippet": "knowledge-analysis\n\nEven a necessary biconditional linking knowledge to some state j would probably not be sufficient for an analysis of knowledge, although just what more is required is a matter of..."
        },
        {
          "corpus_id": "sep",
          "title": "epistemic-paradoxes",
          "url": "https://plato.stanford.edu/entries/epistemic-paradoxes/",
          "score": 0.0,
          "snippet": "epistemic-paradoxes\n\nCommon sense suggests that the students are informed by the announcement. The teacher is assuming that the announcement will enlighten the students. She seems right to assume..."
        },
        {
          "corpus_id": "sep",
          "title": "epistemic-paradoxes",
          "url": "https://plato.stanford.edu/entries/epistemic-paradoxes/",
          "score": 0.0,
          "snippet": "epistemic-paradoxes\n\nScience is about what is the case rather than what ought to be case. This seems to imply that science does not tell us what we ought to believe. The traditional way to fill the..."
        },
        {
          "corpus_id": "sep",
          "title": "contextualism-epistemology",
          "url": "https://plato.stanford.edu/entries/contextualism-epistemology/",
          "score": 0.0,
          "snippet": "contextualism-epistemology\n\nFinally, the potential relevance of social factors to epistemological questions also arose in discussion of Gettier cases. In particular, in response to cases involving..."
        },
        {
          "corpus_id": "sep",
          "title": "epistemology",
          "url": "https://plato.stanford.edu/entries/epistemology/",
          "score": 0.0,
          "snippet": "epistemology\n\nMany epistemologists attempt to explain one kind of cognitive success in terms of other kinds. For instance, Chisholm tries to explain all cognitive success notions in terms of just one..."
        },
        {
          "corpus_id": "sep",
          "title": "epistemology",
          "url": "https://plato.stanford.edu/entries/epistemology/",
          "score": 0.0,
          "snippet": "epistemology\n\nSome philosophers reject the Gettier problem altogether: they reject the aspiration to understand knowledge by trying to add to JTB. Some such philosophers try to explain knowledge in..."
        }
      ],
      "source_score": {
        "matched": [
          "knowledge-analysis",
          "reliabilism",
          "epistemic-paradoxes"
        ],
        "missing": [],
        "total_expected": 3,
        "ratio": 1.0
      },
      "fact_score": {
        "matched": [
          "Gettier",
          "reliabilism",
          "lottery paradox",
          "justified true belief",
          "process reliabilism"
        ],
        "missing": [
          "safety",
          "sensitivity"
        ],
        "total_expected": 7,
        "ratio": 0.71428573
      },
      "embed_ms": 0,
      "search_ms": 0,
      "corpora_hit": [
        "sep"
      ],
      "vector_eligible": true,
      "synth": {
        "answer": "Reliabilist analyses of knowledge handle Gettier cases by introducing a \"because of\" constraint, requiring that the truth of the belief be explained by (or correct *because of*) the exercise of an epistemic competence or reliable process [Source: reliabilism]. However, the lottery paradox suggests that reliability is not enough to secure knowledge. Lottery propositions are typically formed via highly reliable statistical reasoning (e.g., believing ticket $n$ will lose because it has a 99% chance), yet we intuitively deny that this constitutes knowledge [Source: closure-epistemic], [Source: epistemology-latin-america]. This indicates that mere high probability—or even general reliability—is insufficient for knowledge; one must believe the proposition \"because of something that establishes their truth\" rather than just having grounds where it is merely likely true [Source: closure-epistemic].\n\n### How Reliabilism Handles Gettier Cases\nThe traditional Justified True Belief (JTB) analysis fails to account for Gettier cases, which demonstrate that justification does not preclude epistemic luck—cases where a belief is true and justified but only by accident or luck [Source: epistemology], [Source: sep]. To address this, reliabilists argue that knowledge requires the belief to be produced by a reliable cognitive process. However, simple reliability can still fall prey to Gettier-style scenarios if the subject's belief happens to track truth in one instance while relying on an unreliable mechanism generally, or if the link between the reliable process and the truth is coincidental.\n\nTo solve this, virtue reliabilists (such as Ernest Sosa) refine the analysis with a \"because of\" condition. In standard Gettier cases—like Lehrer’s Nogot/Havit case where a subject believes someone owns a Ford based on misleading testimony—the subject holds the true belief because of an epistemic competence [Source: reliabilism]. Yet, their belief isn't *correct* because of that competence; it is correct only by luck [Source: reliabilism]. Reliabilism handles these cases by demanding not just that a competent/reliable faculty was used, but that the correctness of the belief must be attributable to the exercise of that specific competence [Source: reliabilism].\n\n### The Lottery Paradox and the Limits of Reliability\nThe lottery paradox presents a significant challenge to whether reliability alone can define knowledge. In D.C. Makinson's formulation (originating from Raymond Wilder), if one accepts propositions with high probability (e.g., >99%), rational agglomeration leads to believing every individual ticket will lose, which contradicts the known fact that one ticket will win [Source: epistemic-paradoxes]. \n\nIn terms of knowledge attribution, this highlights a gap between statistical reliability and actual knowing. Several theorists argue we do not know lottery propositions are true because our grounds for them rely solely on high likelihood rather than establishing their truth [Source: closure-epistemic]. For example, Safe indication theorists suggest we only know things when we believe them due to something that safely indicates their truth; relying merely on probabilistic odds fails this test [Source: closure-epistemic].\n\nFurthermore, while some reliabilists (like Juan Comesaña) have argued that the problems stemming from lotteries can be solved by appealing to a \"probabilistic account of reliability,\" others point out that even highly reliable processes don't yield knowledge if they lack an anti-luck condition or a direct connection to the fact [Source: epistemology-latin-america], [Source: sriharsa]. The lottery paradox thus suggests that for a belief to count as knowledge, it requires more than just being produced by a process with a high success rate; it requires grounds that rule out relevant alternatives or establish truth in a way that precludes luck.\n\n### Summary\nReliabilism addresses Gettier cases by requiring the *correctness* of the true belief to be caused by (or correct because of) a reliable cognitive competence rather than mere coincidence [Source: reliabilism]. However, the lottery paradox demonstrates that reliability—defined simply as producing mostly true beliefs—is insufficient for knowledge. High statistical probability does not grant us knowledge of individual outcomes, suggesting that an additional condition is necessary to bridge the gap between \"highly likely\" and \"known.\"\n\n---\n*Verification note: these statements could not be confirmed against your sources — treat them as unverified:*\n- highly reliable\n- In D.C. Makinson's formulation (originating from Raymond Wilder)",
        "reasoning_chars": 0,
        "stream_wall_ms": 63960,
        "total_latency_ms": 59467,
        "intent": "DeepQuery",
        "source_origins": [
          "sep"
        ],
        "retrieved_chunk_count": 35,
        "chunks_fact_score": {
          "matched": [
            "Gettier",
            "reliabilism",
            "lottery paradox",
            "justified true belief",
            "process reliabilism"
          ],
          "missing": [
            "safety",
            "sensitivity"
          ],
          "total_expected": 7,
          "ratio": 0.71428573
        },
        "judge_fact_score": {
          "matched": [
            "Gettier",
            "reliabilism",
            "lottery paradox",
            "justified true belief",
            "process reliabilism"
          ],
          "missing": [
            "safety",
            "sensitivity"
          ],
          "total_expected": 7,
          "ratio": 0.71428573
        },
        "judge_evidence": [
          {
            "fact": "Gettier",
            "present": true,
            "evidence": "\"Reliabilist analyses of knowledge handle Gettier cases by introducing a 'because of' constraint...\""
          },
          {
            "fact": "reliabilism",
            "present": true,
            "evidence": "\"Reliabilist analyses of knowledge handle Gettier cases... [Source: reliabilism].\""
          },
          {
            "fact": "lottery paradox",
            "present": true,
            "evidence": "\"However, the lottery paradox suggests that reliability is not enough to secure knowledge.\""
          },
          {
            "fact": "justified true belief",
            "present": true,
            "evidence": "\"The traditional Justified True Belief (JTB) analysis fails to account for Gettier cases...\""
          },
          {
            "fact": "process reliabilism",
            "present": true,
            "evidence": "\"Reliabilist analyses of knowledge handle Gettier cases...\" and \"To address this, reliabilists argue that knowledge requires the belief to be produced by a reliable cognitive process.\""
          },
          {
            "fact": "safety",
            "present": false,
            "evidence": "(absent)"
          },
          {
            "fact": "sensitivity",
            "present": false,
            "evidence": "(absent)"
          }
        ]
      }
    },
    {
      "question_id": "argument_internalism_externalism_justification",
      "category": "argument_reconstruction",
      "question": "Reconstruct the new evil demon problem and explain why it is taken as a\nserious challenge to externalist accounts of epistemic justification.\n",
      "retrieved": [
        {
          "corpus_id": "sep",
          "title": "epistemic-self-doubt",
          "url": "https://plato.stanford.edu/entries/epistemic-self-doubt/",
          "score": 0.0,
          "snippet": "epistemic-self-doubt\n\nepistemic paradoxes |  evidence |  justification, epistemic: internalist vs. externalist conceptions of |  Lewis, David |  probability, interpretations of"
        },
        {
          "corpus_id": "sep",
          "title": "reliabilism",
          "url": "https://plato.stanford.edu/entries/reliabilism/",
          "score": 0.0,
          "snippet": "reliabilism\n\nThe foregoing responses seek to accommodate the claim that the person in the demon world has justified beliefs (call this the “New Evil Demon Claim”). Another response is to reject..."
        },
        {
          "corpus_id": "sep",
          "title": "evil",
          "url": "https://plato.stanford.edu/entries/evil/",
          "score": 0.0,
          "snippet": "evil\n\nThirdly, what exactly is the underlying line of thought here? In the case of human actions, Swinburne surely holds that one should prevent someone from doing something that would be morally..."
        },
        {
          "corpus_id": "sep",
          "title": "evil",
          "url": "https://plato.stanford.edu/entries/evil/",
          "score": 0.0,
          "snippet": "[Atlas highlights]\n[evil]: \"\"In the case where one focuses only upon a single action whose known wrongmaking properties outweigh its known rightmaking properties... the result is as one would expect,..."
        },
        {
          "corpus_id": "sep",
          "title": "epistemology",
          "url": "https://plato.stanford.edu/entries/epistemology/",
          "score": 0.0,
          "snippet": "epistemology\n\nOne challenge for explanatory coherentists is to explain what makes one explanation better than another. Let’s use the evil demon hypothesis to illustrate this challenge. What we need..."
        },
        {
          "corpus_id": "sep",
          "title": "justep-foundational",
          "url": "https://plato.stanford.edu/entries/justep-foundational/",
          "score": 0.0,
          "snippet": "justep-foundational\n\nThe “new evil demon problem” (Lehrer and Cohen 1983; Cohen 1984) challenges the claim that externalist conditions like reliability really are necessary. Suppose that there is..."
        },
        {
          "corpus_id": "sep",
          "title": "basing-epistemic",
          "url": "https://plato.stanford.edu/entries/basing-epistemic/",
          "score": 0.0,
          "snippet": "basing-epistemic\n\nepistemology |  justification, epistemic: foundationalist theories of |  justification, epistemic: internalist vs. externalist conceptions of |  knowledge: analysis of"
        },
        {
          "corpus_id": "sep",
          "title": "justep-intext",
          "url": "https://plato.stanford.edu/entries/justep-intext/",
          "score": 0.0,
          "snippet": "justep-intext\n\nOne way to see the import of the externalist position regarding justification is by means of examples. The case described earlier wherein one gains a great number of justified..."
        },
        {
          "corpus_id": "sep",
          "title": "perception-episprob",
          "url": "https://plato.stanford.edu/entries/perception-episprob/",
          "score": 0.0,
          "snippet": "perception-episprob\n\nMany of the objections to these views are just specific applications of objections to reliabilism, externalism, and teleological theories more generally. For instance,..."
        },
        {
          "corpus_id": "sep",
          "title": "skeptical-theism",
          "url": "https://plato.stanford.edu/entries/skeptical-theism/",
          "score": 0.0,
          "snippet": "skeptical-theism\n\nconsequentialism |  evil: problem of |  hiddenness of God |  justification, epistemic: foundationalist theories of"
        },
        {
          "corpus_id": "sep",
          "title": "descartes-epistemology",
          "url": "https://plato.stanford.edu/entries/descartes-epistemology/",
          "score": 0.0,
          "snippet": "descartes-epistemology\n\nOne way to divide up theories of justification is in terms of the internalism-externalism distinction. Very roughly: a theory of epistemic justification is internalist insofar..."
        },
        {
          "corpus_id": "sep",
          "title": "moral-epistemology",
          "url": "https://plato.stanford.edu/entries/moral-epistemology/",
          "score": 0.0,
          "snippet": "moral-epistemology\n\nFirst, the entry ignores global skepticism, which doubts the possibility of anyone’s having any knowledge at all. Thus, it ignores the threat of an unstoppable regress in..."
        },
        {
          "corpus_id": "sep",
          "title": "skepticism",
          "url": "https://plato.stanford.edu/entries/skepticism/",
          "score": 0.0,
          "snippet": "skepticism\n\nDescartes, René: epistemology |  epistemic closure |  justification, epistemic: coherentist theories of |  justification, epistemic: foundationalist theories of |  justification,..."
        },
        {
          "corpus_id": "sep",
          "title": "knowledge-value",
          "url": "https://plato.stanford.edu/entries/knowledge-value/",
          "score": 0.0,
          "snippet": "knowledge-value\n\nSo far this discussion has taken it as given that whatever problems reliabilism faces in this regard, there are epistemological theories available—some form of virtue epistemology,..."
        },
        {
          "corpus_id": "sep",
          "title": "epistemology-virtue",
          "url": "https://plato.stanford.edu/entries/epistemology-virtue/",
          "score": 0.0,
          "snippet": "epistemology-virtue\n\ncontextualism, epistemic |  ethics: virtue |  justification, epistemic: coherentist theories of |  justification, epistemic: foundationalist theories of |  justification,..."
        },
        {
          "corpus_id": "sep",
          "title": "knowledge-analysis",
          "url": "https://plato.stanford.edu/entries/knowledge-analysis/",
          "score": 0.0,
          "snippet": "knowledge-analysis\n\ncontextualism, epistemic |  epistemic closure |  epistemology: naturalism in |  epistemology: social |  epistemology: virtue |  justification, epistemic: coherentist theories of |..."
        },
        {
          "corpus_id": "sep",
          "title": "reid",
          "url": "https://plato.stanford.edu/entries/reid/",
          "score": 0.0,
          "snippet": "reid\n\nThe traditional problem of evil focuses on the second definition of ‘evil’. To this Reid offers a soul-making theodicy, and couples it with an emphasis on human epistemic limits. First,..."
        },
        {
          "corpus_id": "sep",
          "title": "higher-order-evidence",
          "url": "https://plato.stanford.edu/entries/higher-order-evidence/",
          "score": 0.0,
          "snippet": "higher-order-evidence\n\ndisagreement |  evidence |  justification, epistemic: coherentist theories of |  justification, epistemic: foundationalist theories of |  justification, epistemic: internalist..."
        },
        {
          "corpus_id": "sep",
          "title": "intuition",
          "url": "https://plato.stanford.edu/entries/intuition/",
          "score": 0.0,
          "snippet": "intuition\n\nInsofar as the normative premise is meant to articulate a necessary truth, it is open to the “new evil demon” counterexample to the necessity of reliability (Cohen 1984) according to..."
        },
        {
          "corpus_id": "sep",
          "title": "justep-intext",
          "url": "https://plato.stanford.edu/entries/justep-intext/",
          "score": 0.0,
          "snippet": "[Atlas highlights]\n[justep-intext]: \"This example indicates that Maud is being both irrational and irresponsible... It fails to be justified precisely because Maud has been intellectually..."
        },
        {
          "corpus_id": "sep",
          "title": "evil",
          "url": "https://plato.stanford.edu/entries/evil/",
          "score": 0.0,
          "snippet": "evil\n\nNeither of these lines of argument is immune from challenge.  As regards the former, one can argue that the examples that are typically advanced of cases where some evil is logically necessary..."
        },
        {
          "corpus_id": "sep",
          "title": "evil",
          "url": "https://plato.stanford.edu/entries/evil/",
          "score": 0.0,
          "snippet": "evil\n\nWhat if one shifts to a slightly less abstract formulation of the argument from evil that is based upon the premise that the world contains a certain amount of evil, or upon the premise that..."
        },
        {
          "corpus_id": "sep",
          "title": "justep-foundational",
          "url": "https://plato.stanford.edu/entries/justep-foundational/",
          "score": 0.0,
          "snippet": "justep-foundational\n\nOne other response is to embrace infinitism and hold that an infinite regress is not necessarily vicious or problematic. Infinitism has a few defenders (e.g., Peter Klein (1998)..."
        },
        {
          "corpus_id": "sep",
          "title": "justep-foundational",
          "url": "https://plato.stanford.edu/entries/justep-foundational/",
          "score": 0.0,
          "snippet": "justep-foundational\n\nMichael Bergmann (2006: chs. 1 and 2) argues, however, that if to avoid regress we drop the strong access requirements that are so dear to some internalists, we also lose the..."
        },
        {
          "corpus_id": "sep",
          "title": "justep-foundational",
          "url": "https://plato.stanford.edu/entries/justep-foundational/",
          "score": 0.0,
          "snippet": "justep-foundational\n\nAlthough opponents of classical foundationalism are not always eager to admit it, we suspect that the primary dissatisfaction with classical foundationalism lies with the..."
        },
        {
          "corpus_id": "sep",
          "title": "reliabilism",
          "url": "https://plato.stanford.edu/entries/reliabilism/",
          "score": 0.0,
          "snippet": "reliabilism\n\nBy now, a number of problems have been raised for process reliabilism. Here we review some of the main challenges, focusing on the three that have received the most attention in the..."
        },
        {
          "corpus_id": "sep",
          "title": "reliabilism",
          "url": "https://plato.stanford.edu/entries/reliabilism/",
          "score": 0.0,
          "snippet": "reliabilism\n\nIn “What is Justified Belief?”, Goldman acknowledged this sort of problem, and suggested adding a “No Defeaters” condition to the theory of epistemic justification. There, he..."
        },
        {
          "corpus_id": "sep",
          "title": "reliabilism",
          "url": "https://plato.stanford.edu/entries/reliabilism/",
          "score": 0.0,
          "snippet": "reliabilism\n\nOne of the main goals of epistemologists is to provide a substantive and explanatory account of the conditions under which a belief has some desirable epistemic status (typically,..."
        },
        {
          "corpus_id": "sep",
          "title": "epistemic-self-doubt",
          "url": "https://plato.stanford.edu/entries/epistemic-self-doubt/",
          "score": 0.0,
          "snippet": "epistemic-self-doubt\n\nIt is possible to direct doubt at oneself over many things. One can doubt one’s own motives, or one’s competence to drive a car. One can doubt that one is up to the..."
        },
        {
          "corpus_id": "sep",
          "title": "epistemic-self-doubt",
          "url": "https://plato.stanford.edu/entries/epistemic-self-doubt/",
          "score": 0.0,
          "snippet": "epistemic-self-doubt\n\nIt might seem that consistency and coherence are not strong enough to tell us what the relation should be between the first order and the second order in cases of epistemic..."
        },
        {
          "corpus_id": "sep",
          "title": "epistemic-self-doubt",
          "url": "https://plato.stanford.edu/entries/epistemic-self-doubt/",
          "score": 0.0,
          "snippet": "epistemic-self-doubt\n\nThe same problem can be seen with Egan and Elga’s treatment of cases of self-attributing less extreme unreliability (such as INP) that they regard as unproblematic. Consider a..."
        }
      ],
      "source_score": {
        "matched": [
          "epistemology",
          "reliabilism",
          "knowledge-analysis"
        ],
        "missing": [],
        "total_expected": 3,
        "ratio": 1.0
      },
      "fact_score": {
        "matched": [
          "new evil demon",
          "internalism",
          "externalism",
          "epistemic justification",
          "reliabilism"
        ],
        "missing": [
          "mentalism",
          "BonJour"
        ],
        "total_expected": 7,
        "ratio": 0.71428573
      },
      "embed_ms": 0,
      "search_ms": 0,
      "corpora_hit": [
        "sep"
      ],
      "vector_eligible": true,
      "synth": {
        "answer": "The New Evil Demon problem is a central counterexample in contemporary epistemology, specifically targeting externalist theories of justification such as reliabilism. It argues that intuitive judgments about the cognitive status of victims in deceptive scenarios contradict the necessary conditions proposed by externalists for justified belief.\n\n### Reconstruction of the Problem\nThe thought experiment posits two subjects: you (in the actual world) and your \"twin\" or counterpart (in an evil demon world). The twin is physically and mentally identical to you; they possess exactly the same internal states, experiences, and beliefs [Source: justep-foundational]. However, while your perceptual beliefs are reliably produced by interaction with a real physical environment, your twin’s beliefs are systematically generated by a powerful deceiving entity (an \"evil demon\") who manipulates their sensory inputs [Source: justep-foundational][Source: intuition]. \n\nDespite this radical difference in causal history—your beliefs track truth, whereas your twin's do not—the standard intuitive response is that **the twin is no less justified than you are** [Source: justep-foundational]. Both subjects have access to identical evidence from their own subjective perspectives; they cannot tell the difference between being deceived and perceiving reality correctly.\n\n### The Challenge to Externalism\nThe problem serves as a serious challenge to externalist accounts of justification because it severs the link between *justification* and *reliability*.\n\n1.  **Reliabilism’s Core Claim:** Process reliabilism (a dominant form of externalism) holds that for a belief to be justified, it must be produced by a cognitive process that reliably yields true beliefs [Source: reliabilism][Source: intuition]. Reliability is treated as a necessary condition for epistemic justification.\n2.  **The Contradiction:** In the New Evil Demon scenario, your twin's perceptual processes are entirely unreliable—they produce false beliefs about the world almost exclusively due to the demon's interference. If reliability were strictly necessary for justification, the reliabilist must conclude that the twin’s beliefs are unjustified [Source: justep-foundational]. \n3.  **The Intuitive Clash:** However, because the twin shares all internal mental states with you (who *are* justified), it seems intuitively absurd to say their beliefs lack justification. As noted in the literature, this counterexample [unverified excerpt: insists that reliability is not necessary] for prima facie justification [Source: perception-episprob][Source: intuition].\n\n### Why It Is Taken Seriously\nThe New Evil Demon problem forces externalists into a dilemma regarding the nature of evidence and epistemic responsibility:\n\n*   **Internal Indistinguishability:** The scenario highlights that from the subject's perspective, there is no difference between being justified and merely appearing justified. If justification depends on factors entirely outside the subject’s awareness (like actual causal reliability), then two subjects with identical rational perspectives can have radically different epistemic statuses—one justified, one unjustified—solely due to luck or environmental facts they cannot access [Source: justep-foundational]. \n*   **Rejection of Internalism about Evidence:** Some reliabilists attempt to save their theory by arguing that the demon victim has *less evidence* than we do because \"evidence is knowledge\" (as suggested by Williamson) [Source: reliabilism]. However, this response is widely contested because it conflicts with the intuition that the twin's cognitive efforts and internal reasoning are as rational and responsible as ours. The problem thus exposes a tension between externalist requirements for truth-tracking and internalist intuitions regarding intellectual responsibility and subjective rationality [Source: reliabilism][Source: perception-episprob].\n\nIn summary, the New Evil Demon problem challenges externalism by demonstrating that **reliability cannot be a necessary condition for justification**, because subjects can possess justified beliefs even when their belief-forming processes are systematically unreliable due to factors beyond their control or awareness [Source: justep-foundational][Source: intuition].",
        "reasoning_chars": 0,
        "stream_wall_ms": 47935,
        "total_latency_ms": 44892,
        "intent": "DeepQuery",
        "source_origins": [
          "sep"
        ],
        "retrieved_chunk_count": 31,
        "chunks_fact_score": {
          "matched": [
            "new evil demon",
            "internalism",
            "externalism",
            "epistemic justification",
            "reliabilism"
          ],
          "missing": [
            "mentalism",
            "BonJour"
          ],
          "total_expected": 7,
          "ratio": 0.71428573
        },
        "judge_fact_score": {
          "matched": [
            "new evil demon",
            "internalism",
            "externalism",
            "epistemic justification",
            "reliabilism"
          ],
          "missing": [
            "mentalism",
            "BonJour"
          ],
          "total_expected": 7,
          "ratio": 0.71428573
        },
        "judge_evidence": [
          {
            "fact": "new evil demon",
            "present": true,
            "evidence": "\"The New Evil Demon problem is a central counterexample in contemporary epistemology...\""
          },
          {
            "fact": "internalism",
            "present": true,
            "evidence": "\"The problem thus exposes a tension between externalist requirements for truth-tracking and internalist intuitions regarding intellectual responsibility and subjective rationality\""
          },
          {
            "fact": "externalism",
            "present": true,
            "evidence": "\"specifically targeting externalist theories of justification such as reliabilism.\""
          },
          {
            "fact": "epistemic justification",
            "present": true,
            "evidence": "\"The New Evil Demon problem is a central counterexample in contemporary epistemology, specifically targeting externalist theories of justification...\""
          },
          {
            "fact": "reliabilism",
            "present": true,
            "evidence": "\"specifically targeting externalist theories of justification such as reliabilism.\""
          },
          {
            "fact": "mentalism",
            "present": false,
            "evidence": "(absent)"
          },
          {
            "fact": "BonJour",
            "present": false,
            "evidence": "(absent)"
          }
        ]
      }
    },
    {
      "question_id": "concept_qualia_physicalism",
      "category": "concept_distinction",
      "question": "What is the distinction between phenomenal and access consciousness, and\nwhy does it matter for the knowledge argument against physicalism?\n",
      "retrieved": [
        {
          "corpus_id": "sep",
          "title": "sep",
          "url": null,
          "score": 0.0,
          "snippet": "The Knowledge Argument, primarily formulated by Frank Jackson using the thought experiment of Mary the neurophysiologist, claims that physicalism is false because it cannot account for all facts...",
          "source": "raptor"
        },
        {
          "corpus_id": "sep",
          "title": "sep",
          "url": null,
          "score": 0.0,
          "snippet": "The text examines the knowledge argument, primarily through Frank Jackson's Mary thought experiment and related cases like Fred, to explore whether physical facts entail phenomenal knowledge. It...",
          "source": "raptor"
        },
        {
          "corpus_id": "sep",
          "title": "sep",
          "url": null,
          "score": 0.0,
          "snippet": "The text examines the Mary's Room thought experiment to argue that physicalism faces challenges in explaining how acquiring new phenomenal knowledge does not entail learning new physical facts. It...",
          "source": "raptor"
        },
        {
          "corpus_id": "sep",
          "title": "sep",
          "url": null,
          "score": 0.0,
          "snippet": "The Knowledge Argument, prominently formulated by Frank Jackson and influenced by Thomas Nagel, posits that complete physical knowledge does not entail knowledge of phenomenal experience, thereby...",
          "source": "raptor"
        },
        {
          "corpus_id": "sep",
          "title": "sep",
          "url": null,
          "score": 0.0,
          "snippet": "Frank Jackson's Knowledge Argument contends that physicalism is false because Mary the neurophysiologist acquires non-physical knowledge upon experiencing color for the first time. While Jackson...",
          "source": "raptor"
        },
        {
          "corpus_id": "sep",
          "title": "sep",
          "url": null,
          "score": 0.0,
          "snippet": "Frank Jackson's Knowledge Argument asserts that possessing complete physical information does not equate to knowing what phenomenal experience is like, thereby challenging the validity of...",
          "source": "raptor"
        },
        {
          "corpus_id": "sep",
          "title": "sep",
          "url": null,
          "score": 0.0,
          "snippet": "The passages argue that physicalism faces significant challenges from thought experiments involving Mary's Room and philosophical zombies, which suggest a gap between physical facts and phenomenal...",
          "source": "raptor"
        },
        {
          "corpus_id": "sep",
          "title": "sep",
          "url": null,
          "score": 0.0,
          "snippet": "The text distinguishes between first-order sensory qualities and higher-order phenomenal properties, arguing that the latter are ineffable and distinct from publicly describable attributes. This...",
          "source": "raptor"
        },
        {
          "corpus_id": "sep",
          "title": "consciousness",
          "url": "https://plato.stanford.edu/entries/consciousness/",
          "score": 0.0,
          "snippet": "[Atlas highlights]\n[Integrated Information Theory (consciousness)]: \"information integration of the relevant sort is both necessary and sufficient for consciousness regardless of the substrate in..."
        },
        {
          "corpus_id": "sep",
          "title": "consciousness",
          "url": "https://plato.stanford.edu/entries/consciousness/",
          "score": 0.0,
          "snippet": "consciousness\n\nThis particular role is most directly and definitionally tied to the notion of access consciousness (Block 1995), but meta-mental consciousness as well as the phenomenal and..."
        },
        {
          "corpus_id": "sep",
          "title": "consciousness",
          "url": "https://plato.stanford.edu/entries/consciousness/",
          "score": 0.0,
          "snippet": "consciousness\n\nMost eliminativists are more qualified in their negative assessment. Rather than rejecting the notion outright, they take issue only with some of the prominent features that it is..."
        },
        {
          "corpus_id": "sep",
          "title": "consciousness-animal",
          "url": "https://plato.stanford.edu/entries/consciousness-animal/",
          "score": 0.0,
          "snippet": "consciousness-animal\n\nAlso important has been a line of argumentation by philosophers that the subjective nature of consciousness makes it inherently difficult to study. Block's (1995) influential..."
        },
        {
          "corpus_id": "sep",
          "title": "physicalism",
          "url": "https://plato.stanford.edu/entries/physicalism/",
          "score": 0.0,
          "snippet": "physicalism\n\nAs with the knowledge argument, the issues surrounding Kripke’s argument are very much wide open. But it is important to note that most philosophers don’t consider the issues of..."
        },
        {
          "corpus_id": "sep",
          "title": "consciousness-intentionality",
          "url": "https://plato.stanford.edu/entries/consciousness-intentionality/",
          "score": 0.0,
          "snippet": "consciousness-intentionality\n\nBut what is the relationship between various kinds of information access and consciousness in the phenomenal, experiential sense? Block distinguishes the notions of..."
        },
        {
          "corpus_id": "sep",
          "title": "consciousness-higher",
          "url": "https://plato.stanford.edu/entries/consciousness-higher/",
          "score": 0.0,
          "snippet": "consciousness-higher\n\nTurning now to the notion of mental-state consciousness, the major distinction here is between phenomenal consciousness, on the one hand—which is a property of states that it..."
        },
        {
          "corpus_id": "sep",
          "title": "phenomenal-intentionality",
          "url": "https://plato.stanford.edu/entries/phenomenal-intentionality/",
          "score": 0.0,
          "snippet": "phenomenal-intentionality\n\nPhenomenal consciousness has various epistemic markers: It gives rise to (at least the appearance of) an explanatory gap (see Levine 1983 and the entry on  consciousness), ..."
        },
        {
          "corpus_id": "sep",
          "title": "qualia-knowledge",
          "url": "https://plato.stanford.edu/entries/qualia-knowledge/",
          "score": 0.0,
          "snippet": "qualia-knowledge\n\nThe differences between variants of the New Knowledge/Old Fact View concern the theoretical (physicalist) account of (a) phenomenal character, (b) phenomenal concepts of phenomenal..."
        },
        {
          "corpus_id": "sep",
          "title": "consciousness-neuroscience",
          "url": "https://plato.stanford.edu/entries/consciousness-neuroscience/",
          "score": 0.0,
          "snippet": "consciousness-neuroscience\n\nIntrospection illustrates a type of cognitive access, for a state that is introspected is access conscious. This raises a question that has epistemic implications: is..."
        },
        {
          "corpus_id": "sep",
          "title": "qt-consciousness",
          "url": "https://plato.stanford.edu/entries/qt-consciousness/",
          "score": 0.0,
          "snippet": "qt-consciousness\n\nDual-aspect approaches consider mental and material domains of reality as aspects, or manifestations, of one underlying reality in which mind and matter are unseparated. In such a..."
        },
        {
          "corpus_id": "sep",
          "title": "dualism",
          "url": "https://plato.stanford.edu/entries/dualism/",
          "score": 0.0,
          "snippet": "dualism\n\nOne category of arguments for dualism is constituted by the standard objections against physicalism. Prime examples are those based on the existence of qualia, the most important of which is..."
        },
        {
          "corpus_id": "sep",
          "title": "intentionality",
          "url": "https://plato.stanford.edu/entries/intentionality/",
          "score": 0.0,
          "snippet": "intentionality\n\nMany of the philosophers who accept a version of Brentano’s thesis that all mental states exhibit intentionality try to show that the mysteries of phenomenal consciousness can..."
        },
        {
          "corpus_id": "sep",
          "title": "epiphenomenalism",
          "url": "https://plato.stanford.edu/entries/epiphenomenalism/",
          "score": 0.0,
          "snippet": "epiphenomenalism\n\nDavid Lewis (1988) undertakes a thorough response to the knowledge argument. Among Lewis’s many considerations, there is one that seeks to enforce a connection between phenomenal..."
        },
        {
          "corpus_id": "sep",
          "title": "mental-representation",
          "url": "https://plato.stanford.edu/entries/mental-representation/",
          "score": 0.0,
          "snippet": "mental-representation\n\nAnother sort of representation appealed to by some phenomenalists (e.g., Chalmers (2003), Block (2003)) is what Chalmers calls a “pure phenomenal concept.” A phenomenal..."
        },
        {
          "corpus_id": "sep",
          "title": "consciousness-unity",
          "url": "https://plato.stanford.edu/entries/consciousness-unity/",
          "score": 0.0,
          "snippet": "consciousness-unity\n\nSimilarly, Bayne and Chalmers (2003: 24–7) distinguish objectual unity (a matter of two conscious experiences of one object, so different from Tye’s object unity), spatial..."
        },
        {
          "corpus_id": "sep",
          "title": "russellian-monism",
          "url": "https://plato.stanford.edu/entries/russellian-monism/",
          "score": 0.0,
          "snippet": "russellian-monism\n\nSome traditional physicalist theories conflict with other aspects of Russellian monism. For example, (physicalist) analytic functionalism (Armstrong 1968; Lewis 1966, 1972, 1980)..."
        },
        {
          "corpus_id": "sep",
          "title": "consciousness-representational",
          "url": "https://plato.stanford.edu/entries/consciousness-representational/",
          "score": 0.0,
          "snippet": "consciousness-representational\n\nThe Conceivability argument (Chalmers 1996, 2003) has it that “zombies” are conceivable—physical duplicates of ordinary human beings, that share all the human..."
        },
        {
          "corpus_id": "sep",
          "title": "properties-emergent",
          "url": "https://plato.stanford.edu/entries/properties-emergent/",
          "score": 0.0,
          "snippet": "properties-emergent\n\nSome accept this claim regarding these “phenomenal” qualities of conscious experience, but think that there is no corresponding deep challenge to physicalism with regards to..."
        },
        {
          "corpus_id": "sep",
          "title": "materialism-eliminative",
          "url": "https://plato.stanford.edu/entries/materialism-eliminative/",
          "score": 0.0,
          "snippet": "materialism-eliminative\n\nA somewhat similar outlook has been proposed by Keith Frankish and others, and is commonly referred to as “Illusionism” about consciousness, a label designed to help..."
        },
        {
          "corpus_id": "sep",
          "title": "consciousness",
          "url": "https://plato.stanford.edu/entries/consciousness/",
          "score": 0.0,
          "snippet": "consciousness\n\nThe noun “consciousness” has an equally diverse range of meanings that largely parallel those of the adjective “conscious”. Distinctions can be drawn between creature and state..."
        },
        {
          "corpus_id": "sep",
          "title": "consciousness-animal",
          "url": "https://plato.stanford.edu/entries/consciousness-animal/",
          "score": 0.0,
          "snippet": "consciousness-animal\n\nMany philosophers and scientists have either argued or assumed that consciousness is inherently private, and hence that one's own experience is unknowable to others. While..."
        },
        {
          "corpus_id": "sep",
          "title": "consciousness-animal",
          "url": "https://plato.stanford.edu/entries/consciousness-animal/",
          "score": 0.0,
          "snippet": "consciousness-animal\n\nThe remainder of this article deals primarily with the attribution of consciousness in its phenomenal sense to animals, although there will be some discussion of access..."
        },
        {
          "corpus_id": "sep",
          "title": "consciousness-animal",
          "url": "https://plato.stanford.edu/entries/consciousness-animal/",
          "score": 0.0,
          "snippet": "consciousness-animal\n\nTwo millennia after Aristotle, Descartes' mechanistic philosophy introduced the idea of a reflex to explain the behavior of nonhuman animals.  Although his conception of animals..."
        },
        {
          "corpus_id": "sep",
          "title": "physicalism",
          "url": "https://plato.stanford.edu/entries/physicalism/",
          "score": 0.0,
          "snippet": "physicalism\n\nSome philosophers suggest that ‘physicalism’ is distinct from ‘materialism’ for a reason quite unrelated to the one emphasized by Neurath and Carnap. As the name suggests,..."
        },
        {
          "corpus_id": "sep",
          "title": "physicalism",
          "url": "https://plato.stanford.edu/entries/physicalism/",
          "score": 0.0,
          "snippet": "physicalism\n\nSetting aside what it is properly called, the thesis of physicalism is often described as an extremely old, even ancient, thesis. The first sentence of  Friedrich Lange’s  The History..."
        },
        {
          "corpus_id": "sep",
          "title": "physicalism",
          "url": "https://plato.stanford.edu/entries/physicalism/",
          "score": 0.0,
          "snippet": "physicalism\n\nHow to respond to the sufficiency problem? Some respond by denying the coherence of the position that causes the problem. Necessitation dualism as we have just described it violates..."
        },
        {
          "corpus_id": "sep",
          "title": "consciousness-intentionality",
          "url": "https://plato.stanford.edu/entries/consciousness-intentionality/",
          "score": 0.0,
          "snippet": "consciousness-intentionality\n\nThis raises the question of just how a “possession of content” conception of intentionality may be coordinated with the conditions of satisfaction conception. It is..."
        },
        {
          "corpus_id": "sep",
          "title": "consciousness-intentionality",
          "url": "https://plato.stanford.edu/entries/consciousness-intentionality/",
          "score": 0.0,
          "snippet": "consciousness-intentionality\n\nThough Block’s proposed threefold distinction has proven influential, some would balk at proceeding on its basis. John Searle, for example, would recognize phenomenal..."
        },
        {
          "corpus_id": "sep",
          "title": "consciousness-intentionality",
          "url": "https://plato.stanford.edu/entries/consciousness-intentionality/",
          "score": 0.0,
          "snippet": "consciousness-intentionality\n\nIn telling this story, we have to acknowledge (and traverse) the divide in twentieth century western philosophy between so-called “analytic” and “continental”..."
        }
      ],
      "source_score": {
        "matched": [
          "consciousness",
          "qualia-knowledge",
          "physicalism"
        ],
        "missing": [],
        "total_expected": 3,
        "ratio": 1.0
      },
      "fact_score": {
        "matched": [
          "Block",
          "phenomenal consciousness",
          "access consciousness",
          "Jackson",
          "what it is like",
          "knowledge argument"
        ],
        "missing": [
          "Mary's room"
        ],
        "total_expected": 7,
        "ratio": 0.85714287
      },
      "embed_ms": 0,
      "search_ms": 0,
      "corpora_hit": [
        "sep"
      ],
      "vector_eligible": true,
      "synth": {
        "answer": "The distinction between phenomenal and access consciousness, primarily articulated by Ned Block (1995), is central to the debate over physicalism because it clarifies exactly what kind of knowledge Frank Jackson’s \"Mary\" lacks in his famous thought experiment [Source: consciousness-animal; Source: consciousness-intentionality].\n\n### The Distinction\n*   **Phenomenal Consciousness:** This refers to states that have a distinctive subjective feel or qualitative character—what it is like for the subject to be in those states. It is defined by its intrinsic nature rather than its function [Source: consciousness-higher]. Phenomenal consciousness gives rise to qualia and creates an explanatory gap between objective physical facts and subjective experience [Source: phenomenal-intentionality].\n*   **Access Consciousness:** This refers to information within a mental state that is \"poised\" or available for use in reasoning, rational control of action, and verbal report. It concerns the functional availability of information to cognitive systems (such as working memory) [Source: consciousness-animal; Source: consciousness-intentionality].\n\nBlock argues these two are distinct because access does not guarantee phenomenology—a mental representation can be broadcast for behavioral control without there being anything it feels like to have that representation [Source: consciousness-intentionality]. Conversely, some theorists suggest phenomenal states might exist even if they do not overflow into access consciousness (a phenomenon known as \"phenomenal overflow\") [Source: consciousness-neuroscience].\n\n### Why It Matters for the Knowledge Argument\nThe distinction matters because physicalists often attempt to defend their position by arguing that Mary only lacks *access* to certain information. \n\n1.  **Defining the Gap:** The knowledge argument asserts that complete physical knowledge of color vision is insufficient to know what seeing red actually feels like [Source: qualia-knowledge; Source: sep]. By distinguishing between the two types of consciousness, philosophers can pinpoint whether this missing piece is a functional gap or an ontological one. \n2.  **Physicalist Counter-Arguments (Conceptual Independence):** Physicalists argue that while Mary knows all the *physical facts*, she lacks \"phenomenal concepts\"—concepts whose denotation is a phenomenal property and which require actual experience to form [Source: mental-representation]. Because physical concepts and phenomenal concepts are cognitively independent, it is impossible for her to deduce the latter from the former without experiencing them [Source: qualia-knowledge].\n3.  **The Epiphenomenalism Trap:** If Mary’s new knowledge upon release is strictly about non-functional, purely qualitative properties (phenomena) rather than functional information processing (access), this raises the specter of epiphenomenalism—the idea that these subjective experiences have no causal power over our physical actions or reports [Source: epiphenomenalism; Source: consciousness-intentionality]. David Lewis argued that if one accepts irreducibly different \"phenomenal information,\" one must accept a form of epiphenomenalism, which he rejected as false to argue against the existence of such phenomenal facts in the first place [Source: epiphenomenalism].\n\nIn short, separating access from phenomenal consciousness allows critics to demonstrate that even if Mary gains full *functional* and *informational* (access) control upon seeing red for the first time, she still acquires new knowledge about its subjective nature. This suggests that physicalism—which claims all facts are physical—fails because it cannot account for these non-physical, qualitative properties [Source: qualia-knowledge; Source: sep].\n\n---\n*Verification note: these statements could not be confirmed against your sources — treat them as unverified:*\n- The distinction matters because physicalists often attempt to defend their position by arguing that Mary only lacks *access* to certain information.",
        "reasoning_chars": 0,
        "stream_wall_ms": 54968,
        "total_latency_ms": 51316,
        "intent": "DeepQuery",
        "source_origins": [
          "sep"
        ],
        "retrieved_chunk_count": 38,
        "chunks_fact_score": {
          "matched": [
            "Block",
            "phenomenal consciousness",
            "access consciousness",
            "Mary's room",
            "Jackson",
            "what it is like",
            "knowledge argument"
          ],
          "missing": [],
          "total_expected": 7,
          "ratio": 1.0
        },
        "judge_fact_score": {
          "matched": [
            "Block",
            "phenomenal consciousness",
            "access consciousness",
            "Jackson",
            "what it is like",
            "knowledge argument"
          ],
          "missing": [
            "Mary's room"
          ],
          "total_expected": 7,
          "ratio": 0.85714287
        },
        "judge_evidence": [
          {
            "fact": "Block",
            "present": true,
            "evidence": "The distinction between phenomenal and access consciousness, primarily articulated by Ned Block (1995)..."
          },
          {
            "fact": "phenomenal consciousness",
            "present": true,
            "evidence": "\"The distinction between phenomenal and access consciousness...\" \"Phenomenal Consciousness: This refers to states that have a distinctive subjective feel\""
          },
          {
            "fact": "access consciousness",
            "present": true,
            "evidence": "\"Access Consciousness: This refers to information within a mental state that is 'poised' or available for use in reasoning, rational control of action, and verbal report.\""
          },
          {
            "fact": "Mary's room",
            "present": false,
            "evidence": "(absent)"
          },
          {
            "fact": "Jackson",
            "present": true,
            "evidence": "\"clarifies exactly what kind of knowledge Frank Jackson's 'Mary' lacks in his famous thought experiment\""
          },
          {
            "fact": "what it is like",
            "present": true,
            "evidence": "\"what it is like for the subject to be in those states\""
          },
          {
            "fact": "knowledge argument",
            "present": true,
            "evidence": "\"Why It Matters for the Knowledge Argument\" ... \"The knowledge argument asserts that complete physical knowledge of color vision is insufficient to know what seeing red actually feels like\""
          }
        ]
      }
    },
    {
      "question_id": "position_summary_hard_problem_illusionism",
      "category": "position_summary",
      "question": "What is Chalmers's hard problem of consciousness, and how does\nillusionism propose to dissolve rather than solve it?\n",
      "retrieved": [
        {
          "corpus_id": "sep",
          "title": "sep",
          "url": null,
          "score": 0.0,
          "snippet": "The Problem of Perception challenges direct realism by highlighting the tension between ordinary experience and non-veridical phenomena like illusion and hallucination. Philosophers propose various...",
          "source": "raptor"
        },
        {
          "corpus_id": "sep",
          "title": "sep",
          "url": null,
          "score": 0.0,
          "snippet": "The Problem of Perception arises from the possibility that illusions and hallucinations render ordinary perceptual experience impossible, a challenge addressed through various theoretical frameworks....",
          "source": "raptor"
        },
        {
          "corpus_id": "sep",
          "title": "sep",
          "url": null,
          "score": 0.0,
          "snippet": "The Problem of Perception arises from the tension between our ordinary direct realist conception of experience and the phenomena of illusion and hallucination, which suggest that perceptual content...",
          "source": "raptor"
        },
        {
          "corpus_id": "sep",
          "title": "sep",
          "url": null,
          "score": 0.0,
          "snippet": "Panpsychism is presented as a viable solution to the hard problem of consciousness by positing that fundamental entities possess intrinsic mental properties, thereby avoiding the explanatory gaps...",
          "source": "raptor"
        },
        {
          "corpus_id": "sep",
          "title": "sep",
          "url": null,
          "score": 0.0,
          "snippet": "Representationalist theories of consciousness argue that phenomenal character is identical to or constituted by representational content, often supported by the transparency argument which suggests...",
          "source": "raptor"
        },
        {
          "corpus_id": "sep",
          "title": "sep",
          "url": null,
          "score": 0.0,
          "snippet": "Eliminativist philosophers argue that introspective evidence regarding the mind is unreliable and challenge the existence of qualitative states or phenomenal consciousness. Thinkers such as Dennett,...",
          "source": "raptor"
        },
        {
          "corpus_id": "sep",
          "title": "sep",
          "url": null,
          "score": 0.0,
          "snippet": "The argument from hallucination challenges naive realism by asserting that veridical and indistinguishable hallucinatory experiences share a common nature, thereby supporting the Common Kind Claim....",
          "source": "raptor"
        },
        {
          "corpus_id": "sep",
          "title": "sep",
          "url": null,
          "score": 0.0,
          "snippet": "The text advances the strong representational theory of consciousness, arguing that sensory qualities supervene on representational content and refuting rival views such as sense-data and...",
          "source": "raptor"
        },
        {
          "corpus_id": "sep",
          "title": "consciousness",
          "url": "https://plato.stanford.edu/entries/consciousness/",
          "score": 0.0,
          "snippet": "consciousness\n\nThis particular role is most directly and definitionally tied to the notion of access consciousness (Block 1995), but meta-mental consciousness as well as the phenomenal and..."
        },
        {
          "corpus_id": "sep",
          "title": "consciousness",
          "url": "https://plato.stanford.edu/entries/consciousness/",
          "score": 0.0,
          "snippet": "[Atlas highlights]\n[Global Workspace theories (consciousness)]: \"consciousness in both the access and phenomenal sense occurs when and only when the relevant content enters the larger global network..."
        },
        {
          "corpus_id": "sep",
          "title": "consciousness",
          "url": "https://plato.stanford.edu/entries/consciousness/",
          "score": 0.0,
          "snippet": "consciousness\n\nStandard accounts of skill acquisition stress the importance of conscious awareness during the initial learning phase, which gradually gives way to more automatic processes of the sort..."
        },
        {
          "corpus_id": "sep",
          "title": "consciousness-neuroscience",
          "url": "https://plato.stanford.edu/entries/consciousness-neuroscience/",
          "score": 0.0,
          "snippet": "consciousness-neuroscience\n\nDavid Chalmers presents the hard problem as follows:"
        },
        {
          "corpus_id": "sep",
          "title": "panpsychism",
          "url": "https://plato.stanford.edu/entries/panpsychism/",
          "score": 0.0,
          "snippet": "panpsychism\n\nThis is the problem David Chalmers (1995, 1996) famously named “the hard problem of consciousness”.[18] Some think the alleged problem involves a confusion, although anyone who..."
        },
        {
          "corpus_id": "sep",
          "title": "materialism-eliminative",
          "url": "https://plato.stanford.edu/entries/materialism-eliminative/",
          "score": 0.0,
          "snippet": "materialism-eliminative\n\nA somewhat similar outlook has been proposed by Keith Frankish and others, and is commonly referred to as “Illusionism” about consciousness, a label designed to help..."
        },
        {
          "corpus_id": "sep",
          "title": "consciousness-representational",
          "url": "https://plato.stanford.edu/entries/consciousness-representational/",
          "score": 0.0,
          "snippet": "consciousness-representational\n\nIllusionism is criticized by Strawson (2006), Prinz (2016), Balog (2016), Nida-Rümelin (2016), Schwitzgebel (2016), and Chalmers (2018). Though highly sympathetic to..."
        },
        {
          "corpus_id": "sep",
          "title": "consciousness-17th",
          "url": "https://plato.stanford.edu/entries/consciousness-17th/",
          "score": 0.0,
          "snippet": "consciousness-17th\n\nShelley Weinberg has argued for an interpretation of Locke’s theory of consciousness that she thinks solves many of the most pressing problems of interpretation. According to..."
        },
        {
          "corpus_id": "sep",
          "title": "qt-consciousness",
          "url": "https://plato.stanford.edu/entries/qt-consciousness/",
          "score": 0.0,
          "snippet": "qt-consciousness\n\nBefore proceeding further, it should be emphasized that many present-day approaches prefer to distinguish between first-person and third-person perspectives rather than mental and..."
        },
        {
          "corpus_id": "sep",
          "title": "perception-problem",
          "url": "https://plato.stanford.edu/entries/perception-problem/",
          "score": 0.0,
          "snippet": "perception-problem\n\nSense-datum theorists have developed more positive Problem of Perception style reasoning to support these additional ideas. For instance, Macpherson (2013: 12–13) outlines a..."
        },
        {
          "corpus_id": "sep",
          "title": "social-ontology",
          "url": "https://plato.stanford.edu/entries/social-ontology/",
          "score": 0.0,
          "snippet": "social-ontology\n\nDualism has seen a resurgence among some philosophers of mind, e.g., Chalmers 1996. It is not clear, however, that the sorts of argument marshalled in favor of mental dualism could..."
        },
        {
          "corpus_id": "sep",
          "title": "neuroscience",
          "url": "https://plato.stanford.edu/entries/neuroscience/",
          "score": 0.0,
          "snippet": "neuroscience\n\nDavid Chalmers (1996) famously argued that any possible brain-process account of consciousness will leave open an “explanatory gap” between the brain process and properties of the..."
        },
        {
          "corpus_id": "sep",
          "title": "consciousness-unity",
          "url": "https://plato.stanford.edu/entries/consciousness-unity/",
          "score": 0.0,
          "snippet": "consciousness-unity\n\nAs we saw, the notion of a unified experience subsuming simpler experiences is central to Bayne’s and Chalmers’ (2003; see Bayne 2010) account of the unity of consciousness...."
        },
        {
          "corpus_id": "sep",
          "title": "mind-identity",
          "url": "https://plato.stanford.edu/entries/mind-identity/",
          "score": 0.0,
          "snippet": "mind-identity\n\nPeople often think that even if a robot could scan its own perceptual processes this would not mean that the robot was conscious. This appeals to our intuitions, but perhaps we could..."
        },
        {
          "corpus_id": "sep",
          "title": "russellian-monism",
          "url": "https://plato.stanford.edu/entries/russellian-monism/",
          "score": 0.0,
          "snippet": "russellian-monism\n\nA second argument for Russellian monism is based on the claim that this theory offers an elegant, unified solution to two distinct philosophical problems (Lockwood 1989, 1992;..."
        },
        {
          "corpus_id": "sep",
          "title": "qualia",
          "url": "https://plato.stanford.edu/entries/qualia/",
          "score": 0.0,
          "snippet": "qualia\n\nThis position is not easy to take seriously; for what could be more obvious than the existence of conscious experience? Adherents of the view may respond that introspection simply leads us..."
        },
        {
          "corpus_id": "sep",
          "title": "substance",
          "url": "https://plato.stanford.edu/entries/substance/",
          "score": 0.0,
          "snippet": "substance\n\nThis solution, as Bennett recognises, makes substancehood a function of how we operate on the properties we perceive. It is, in that sense, more Kantian than realist. As what it recognises..."
        },
        {
          "corpus_id": "sep",
          "title": "panpsychism",
          "url": "https://plato.stanford.edu/entries/panpsychism/",
          "score": 0.0,
          "snippet": "panpsychism\n\nIn David Chalmers’ (2016) taxonomy of the combination problem, there are three dimensions of difficulty:"
        },
        {
          "corpus_id": "sep",
          "title": "tropes",
          "url": "https://plato.stanford.edu/entries/tropes/",
          "score": 0.0,
          "snippet": "tropes\n\nAccording to the trope proponent, if you accept the existence of tropes, you have the means available to solve or to dissolve a number of serious problems, not just in metaphysics but in..."
        },
        {
          "corpus_id": "sep",
          "title": "nominalism-mathematics",
          "url": "https://plato.stanford.edu/entries/nominalism-mathematics/",
          "score": 0.0,
          "snippet": "nominalism-mathematics\n\nOf the nominalist views discussed in this essay, deflationary nominalism is the view that comes closest to solving (or, in some cases, dissolving) the five problems that have..."
        },
        {
          "corpus_id": "sep",
          "title": "consciousness",
          "url": "https://plato.stanford.edu/entries/consciousness/",
          "score": 0.0,
          "snippet": "consciousness\n\nQualia problems in many forms—Can there be inverted qualia? (Block 1980a 1980b, Shoemaker 1981, 1982) Are qualia epiphenomenal? (Jackson 1982, Chalmers 1996) How could neural states..."
        },
        {
          "corpus_id": "sep",
          "title": "panpsychism",
          "url": "https://plato.stanford.edu/entries/panpsychism/",
          "score": 0.0,
          "snippet": "panpsychism\n\nBy taking human and animal consciousness to be fundamental, rather than somehow made up of more basic forms of consciousness, emergentists avoid some forms of the combination problem..."
        },
        {
          "corpus_id": "sep",
          "title": "panpsychism",
          "url": "https://plato.stanford.edu/entries/panpsychism/",
          "score": 0.0,
          "snippet": "panpsychism\n\nTo get around this problem, a fuller definition of “protophenomenal properties” would define them as properties that in certain combinations transparently account for the existence..."
        },
        {
          "corpus_id": "sep",
          "title": "consciousness-neuroscience",
          "url": "https://plato.stanford.edu/entries/consciousness-neuroscience/",
          "score": 0.0,
          "snippet": "consciousness-neuroscience\n\nThere are different responses to the hard problem. One response is to sharpen the explanatory targets of neuroscience by focusing on what Chalmers calls structural..."
        },
        {
          "corpus_id": "sep",
          "title": "consciousness-neuroscience",
          "url": "https://plato.stanford.edu/entries/consciousness-neuroscience/",
          "score": 0.0,
          "snippet": "consciousness-neuroscience\n\nThe Hard Problem can be specified in terms of generic and specific consciousness (Chalmers 1996). In both cases, Chalmers argues that there is an inherent limitation to..."
        },
        {
          "corpus_id": "sep",
          "title": "consciousness-neuroscience",
          "url": "https://plato.stanford.edu/entries/consciousness-neuroscience/",
          "score": 0.0,
          "snippet": "consciousness-neuroscience\n\nIt is undeniable that some organisms are subjects of experience. But the question of how it is that these systems are subjects of experience is perplexing. Why is it that..."
        },
        {
          "corpus_id": "sep",
          "title": "consciousness-representational",
          "url": "https://plato.stanford.edu/entries/consciousness-representational/",
          "score": 0.0,
          "snippet": "consciousness-representational\n\nAccording to the adverbial theory, Bertie’s experience involves no thing, either actual or nonactual, that is green. Rather, Bertie senses greenly, greenly-sensing..."
        },
        {
          "corpus_id": "sep",
          "title": "consciousness-representational",
          "url": "https://plato.stanford.edu/entries/consciousness-representational/",
          "score": 0.0,
          "snippet": "consciousness-representational\n\nSo much is familiar and not very controversial. But problems of consciousness are generally felt to be less tractable than matters of intentionality. The aim of a..."
        },
        {
          "corpus_id": "sep",
          "title": "consciousness-representational",
          "url": "https://plato.stanford.edu/entries/consciousness-representational/",
          "score": 0.0,
          "snippet": "consciousness-representational\n\nThe notions of consciousness most commonly addressed by philosophers are the following: (1) Conscious awareness of one’s own mental states, and “conscious..."
        }
      ],
      "source_score": {
        "matched": [
          "consciousness"
        ],
        "missing": [
          "qualia-knowledge",
          "physicalism"
        ],
        "total_expected": 3,
        "ratio": 0.33333334
      },
      "fact_score": {
        "matched": [
          "hard problem",
          "Chalmers",
          "illusionism",
          "Frankish",
          "phenomenal consciousness",
          "explanatory gap",
          "easy problems"
        ],
        "missing": [],
        "total_expected": 7,
        "ratio": 1.0
      },
      "embed_ms": 0,
      "search_ms": 0,
      "corpora_hit": [
        "sep"
      ],
      "vector_eligible": true,
      "synth": {
        "answer": "Chalmers’s hard problem of consciousness is the question of why and how physical processing in the brain gives rise to a rich inner life [Source: consciousness-neuroscience]. It asks \"why there is something it is like to entertain a mental image, or to experience an emotion\" when cognitive systems engage in information-processing [Source: consciousness-neuroscience]. Chalmers argues that while we can explain the structural and functional aspects of these processes (the \"easy problems\"), empirical explanations will always leave out the essential ingredient—the subjective quality itself—because phenomenal consciousness cannot be reduced to purely structural or functional descriptions [Source: consciousness-neuroscience]. This creates what he calls an \"explanatory gap,\" where one can imagine creatures with identical brain processes but completely lacking conscious experience (zombies) [Source: neuroscience; consciousness-representational].\n\nIllusionism proposes to dissolve this problem rather than solve it by arguing that the very phenomenon Chalmers is asking about does not exist. Proponents like Keith Frankish argue that introspection yields representations that substantially misrepresent our inner experience, much like sensory illusions misrepresent the outer world [Source: materialism-eliminative]. Introspection tricks us into believing we have phenomenal properties—the intrinsic \"what-it-is-likeness\" of qualitative states—but these properties are actually illusory [Source: materialism-eliminative]. \n\nInstead of solving how physical processes create non-physical qualia (which would require bridging an impossible gap), illusionists claim there are only \"quasi-phenomenal properties\"—non-phenomenal properties of inner states detected by introspection but misrepresented as having a magical subjective quality [Source: materialism-eliminative]. By eliminating the existence of true phenomenal consciousness, illusionism removes the need to explain its origin. The hard problem is dissolved because it is based on a conceptual confusion or misapprehension; we do not need to explain why brain processes produce what-it-is-likeness, because that property does not exist in reality [Source: materialism-eliminative].\n\n---\n*Verification note: these statements could not be confirmed against your sources — treat them as unverified:*\n- Chalmers argues that empirical explanations leave out the essential ingredient of subjective quality because phenomenal consciousness cannot be reduced to struc…",
        "reasoning_chars": 0,
        "stream_wall_ms": 37579,
        "total_latency_ms": 33751,
        "intent": "DeepQuery",
        "source_origins": [
          "sep"
        ],
        "retrieved_chunk_count": 37,
        "chunks_fact_score": {
          "matched": [
            "hard problem",
            "Chalmers",
            "illusionism",
            "Frankish",
            "phenomenal consciousness",
            "explanatory gap",
            "easy problems"
          ],
          "missing": [],
          "total_expected": 7,
          "ratio": 1.0
        },
        "judge_fact_score": {
          "matched": [
            "hard problem",
            "Chalmers",
            "illusionism",
            "Frankish",
            "phenomenal consciousness",
            "explanatory gap",
            "easy problems"
          ],
          "missing": [],
          "total_expected": 7,
          "ratio": 1.0
        },
        "judge_evidence": [
          {
            "fact": "hard problem",
            "present": true,
            "evidence": "\"Chalmers's hard problem of consciousness is the question...\""
          },
          {
            "fact": "Chalmers",
            "present": true,
            "evidence": "\"Chalmers's hard problem of consciousness is the question...\""
          },
          {
            "fact": "illusionism",
            "present": true,
            "evidence": "\"Illusionism proposes to dissolve this problem rather than solve it by arguing that the very phenomenon Chalmers is asking about does not exist.\""
          },
          {
            "fact": "Frankish",
            "present": true,
            "evidence": "Proponents like Keith Frankish argue that introspection yields representations..."
          },
          {
            "fact": "phenomenal consciousness",
            "present": true,
            "evidence": "\"phenomenal consciousness cannot be reduced to purely structural or functional descriptions\""
          },
          {
            "fact": "explanatory gap",
            "present": true,
            "evidence": "\"This creates what he calls an 'explanatory gap,' where one can imagine creatures with identical brain processes but completely lacking conscious experience (zombies)\""
          },
          {
            "fact": "easy problems",
            "present": true,
            "evidence": "\"Chalmers argues that while we can explain the structural and functional aspects of these processes (the 'easy problems')...\""
          }
        ]
      }
    },
    {
      "question_id": "dialectical_content_narrow_wide_burge",
      "category": "dialectical",
      "question": "Compare narrow and wide content, and explain how Burge's arthritis\nthought experiment is supposed to show that mental content is partly\nconstituted by social and linguistic facts external to the individual.\n",
      "retrieved": [
        {
          "corpus_id": "sep",
          "title": "sep",
          "url": null,
          "score": 0.0,
          "snippet": "Burge utilizes the arthritis example to illustrate how an individual can possess a concept despite holding false beliefs about its specific application, such as locating it in non-joint areas. This...",
          "source": "raptor"
        },
        {
          "corpus_id": "sep",
          "title": "sep",
          "url": null,
          "score": 0.0,
          "snippet": "The passages explore the philosophical concept of narrow content, contrasting it with broad content through thought experiments like Putnam's Twin Earth and Fodor's mapping conception. Narrow content...",
          "source": "raptor"
        },
        {
          "corpus_id": "sep",
          "title": "sep",
          "url": null,
          "score": 0.0,
          "snippet": "The text argues that narrow mental content is determined solely by an individual's intrinsic properties, distinct from broad content which depends on external factors like the environment. Using...",
          "source": "raptor"
        },
        {
          "corpus_id": "sep",
          "title": "sep",
          "url": null,
          "score": 0.0,
          "snippet": "Content externalism posits that mental content depends on individuation factors outside the individual, a view historically contextualized by figures like Sartre and Wittgenstein but most famously...",
          "source": "raptor"
        },
        {
          "corpus_id": "sep",
          "title": "sep",
          "url": null,
          "score": 0.0,
          "snippet": "The passages examine the philosophical debate between narrow mental content, defined by intrinsic properties independent of environment, and broad externalist views advanced by Hilary Putnam and...",
          "source": "raptor"
        },
        {
          "corpus_id": "sep",
          "title": "sep",
          "url": null,
          "score": 0.0,
          "snippet": "The passages advance the claim that phenomenal intentionality is necessary to explain aspects of mental content, such as aspectual shapes and determinacy, which cannot be fully accounted for by...",
          "source": "raptor"
        },
        {
          "corpus_id": "sep",
          "title": "sep",
          "url": null,
          "score": 0.0,
          "snippet": "The text examines various philosophical arguments concerning narrow versus broad content, highlighting debates over causal explanation and the intrinsic nature of mental properties. It evaluates...",
          "source": "raptor"
        },
        {
          "corpus_id": "sep",
          "title": "sep",
          "url": null,
          "score": 0.0,
          "snippet": "The text examines the philosophical debate surrounding narrow mental content, which is defined as content independent of environmental factors, contrasting it with broad externalist views advanced by...",
          "source": "raptor"
        },
        {
          "corpus_id": "sep",
          "title": "content-narrow",
          "url": "https://plato.stanford.edu/entries/content-narrow/",
          "score": 0.0,
          "snippet": "[Atlas highlights]\nDefining anti-individualism (content-narrow): \"The idea that mental content is broad is the idea that it is not determined entirely by an individual’s intrinsic properties, but..."
        },
        {
          "corpus_id": "sep",
          "title": "content-teleological",
          "url": "https://plato.stanford.edu/entries/content-teleological/",
          "score": 0.0,
          "snippet": "[Atlas highlights]\n[teleological theories of mental content (content-teleological)]: \"proponents... tendtoagree withthose who thinkthat two beingswho arephysicalreplicas... candifferin..."
        },
        {
          "corpus_id": "sep",
          "title": "perception-contents",
          "url": "https://plato.stanford.edu/entries/perception-contents/",
          "score": 0.0,
          "snippet": "[Atlas highlights]\nDefining existentially quantified content (perception-contents): \"(3): Some philosophers argue against this proposal on the grounds that it is not adequate to the phenomenology of..."
        },
        {
          "corpus_id": "sep",
          "title": "computational-mind",
          "url": "https://plato.stanford.edu/entries/computational-mind/",
          "score": 0.0,
          "snippet": "[Atlas highlights]\nDefining Narrow Content (computational-mind): \"Narrow content is what remains of mental content when one factors out all external elements.\"\n\ncomputational-mind\n\nA second criticism..."
        },
        {
          "corpus_id": "sep",
          "title": "content-narrow",
          "url": "https://plato.stanford.edu/entries/content-narrow/",
          "score": 0.0,
          "snippet": "[Atlas highlights]\n[narrow mental content (content-narrow)]: \"A state with content is a state that represents some part or aspect of the word; its content is the way it represents the world as..."
        },
        {
          "corpus_id": "sep",
          "title": "content-narrow",
          "url": "https://plato.stanford.edu/entries/content-narrow/",
          "score": 0.0,
          "snippet": "[Atlas highlights]\n[Tyler Burge (content-narrow)]: \"Against the argument that causal powers must be intrinsics because causation is local, Burge (1986, 1989) has argued that local causation is..."
        },
        {
          "corpus_id": "sep",
          "title": "content-externalism",
          "url": "https://plato.stanford.edu/entries/content-externalism/",
          "score": 0.0,
          "snippet": "[Atlas highlights]\n[Burge, Tyler (content-externalism)]: \"Burge (1979) believes that externalism refutes individualistic theorys of intentional mental states.\"\n\ncontent-externalism\n\nMental content is..."
        },
        {
          "corpus_id": "sep",
          "title": "functionalism",
          "url": "https://plato.stanford.edu/entries/functionalism/",
          "score": 0.0,
          "snippet": "[Atlas highlights]\n[Tyler Burge (functionalism)]: \"they mean different thingsby their terms and must be regarded ashaving different beliefs.\"\n\nfunctionalism\n\nThe same problem, moreover, appears to..."
        },
        {
          "corpus_id": "sep",
          "title": "consciousness-intentionality",
          "url": "https://plato.stanford.edu/entries/consciousness-intentionality/",
          "score": 0.0,
          "snippet": "[Atlas highlights]\nArgument: Externalism about mental content (Kripke/Putnam/Burge) [from consciousness-intentionality]\n  P1. The reference and truth conditions of expressions are not determined by..."
        },
        {
          "corpus_id": "sep",
          "title": "content-externalism",
          "url": "https://plato.stanford.edu/entries/content-externalism/",
          "score": 0.0,
          "snippet": "[Atlas highlights]\nArgument: Arthritis Argument (Burge) [from content-externalism]\n  P1. Larry believes he has arthritis in his thigh; this belief is false because arthritis affects joints only.\n ..."
        },
        {
          "corpus_id": "sep",
          "title": "mental-representation",
          "url": "https://plato.stanford.edu/entries/mental-representation/",
          "score": 0.0,
          "snippet": "mental-representation\n\nThis issue is widely taken to be of central importance, since psychological explanation, whether commonsense or scientific, is supposed to be both causal and content-based...."
        },
        {
          "corpus_id": "sep",
          "title": "content-teleological",
          "url": "https://plato.stanford.edu/entries/content-teleological/",
          "score": 0.0,
          "snippet": "content-teleological\n\nFurther, the proponents of teleological theories rarely believe that referential content is a kind of narrow content, and so they are not usually offering theories of narrow..."
        },
        {
          "corpus_id": "sep",
          "title": "self-knowledge-externalism",
          "url": "https://plato.stanford.edu/entries/self-knowledge-externalism/",
          "score": 0.0,
          "snippet": "self-knowledge-externalism\n\nNevertheless, it can be debated whether EXT entails the “shifty” theory of memory. When Burge first presented his Twin Earth experiment, he conceded that it does not..."
        },
        {
          "corpus_id": "sep",
          "title": "content-causal",
          "url": "https://plato.stanford.edu/entries/content-causal/",
          "score": 0.0,
          "snippet": "content-causal\n\nconsciousness: representational theories of |  externalism about the mind |  intentionality |  language of thought hypothesis |  meaning, theories of |  mental content: narrow | ..."
        },
        {
          "corpus_id": "sep",
          "title": "consciousness-intentionality",
          "url": "https://plato.stanford.edu/entries/consciousness-intentionality/",
          "score": 0.0,
          "snippet": "consciousness-intentionality\n\nReaction to the Fregean picture has determined the character of analytic discussions of intentionality or content in another major way. It may be granted that the..."
        },
        {
          "corpus_id": "sep",
          "title": "computational-mind",
          "url": "https://plato.stanford.edu/entries/computational-mind/",
          "score": 0.0,
          "snippet": "computational-mind\n\nBurge (2007, 2010a) defends externalism by analyzing current cognitive science. He argues that many branches of scientific psychology (especially perceptual psychology)..."
        },
        {
          "corpus_id": "sep",
          "title": "functionalism",
          "url": "https://plato.stanford.edu/entries/functionalism/",
          "score": 0.0,
          "snippet": "functionalism\n\nThe same problem, moreover, appears to arise for other sorts of belief as well. Tyler Burge (1979) presents cases in which it seems intuitive that a person, Oscar, and his functionally..."
        },
        {
          "corpus_id": "sep",
          "title": "meaning",
          "url": "https://plato.stanford.edu/entries/meaning/",
          "score": 0.0,
          "snippet": "meaning\n\nThe two sorts of mentalist theories sketched above both try to explain meaning in terms of the relationship between linguistic expressions and propositional attitudes of users of the..."
        },
        {
          "corpus_id": "sep",
          "title": "culture-cogsci",
          "url": "https://plato.stanford.edu/entries/culture-cogsci/",
          "score": 0.0,
          "snippet": "culture-cogsci\n\nThis core idea has been developed in several ways. Initial versions of externalism focused on semantics and mental content, holding that what some intentional mental states are about..."
        },
        {
          "corpus_id": "sep",
          "title": "perception-contents",
          "url": "https://plato.stanford.edu/entries/perception-contents/",
          "score": 0.0,
          "snippet": "perception-contents\n\nBoth kinds of theories are externalist: according to them, what makes it the case that a subject’s mental state has the content it does is in part facts about the subject’s..."
        },
        {
          "corpus_id": "sep",
          "title": "content-narrow",
          "url": "https://plato.stanford.edu/entries/content-narrow/",
          "score": 0.0,
          "snippet": "content-narrow\n\nThe idea that mental content is broad is the idea that it is not determined entirely by an individual’s intrinsic properties, but is determined in part by features of the..."
        },
        {
          "corpus_id": "sep",
          "title": "content-teleological",
          "url": "https://plato.stanford.edu/entries/content-teleological/",
          "score": 0.0,
          "snippet": "content-teleological\n\nConsider, for example, the thought that blossoms are forming. On a representational theory of thought, this involves a representation of blossoms forming. A theory of mental..."
        },
        {
          "corpus_id": "sep",
          "title": "content-teleological",
          "url": "https://plato.stanford.edu/entries/content-teleological/",
          "score": 0.0,
          "snippet": "content-teleological\n\nOne important aspect of mental representations that a theory of mental content needs to account for is their so-called “normative” nature. We may evaluate beliefs as true or..."
        },
        {
          "corpus_id": "sep",
          "title": "computational-mind",
          "url": "https://plato.stanford.edu/entries/computational-mind/",
          "score": 0.0,
          "snippet": "computational-mind\n\nCould a machine think? Could the mind itself be a thinking machine? The computer revolution transformed discussion of these questions, offering our best prospects yet for machines..."
        },
        {
          "corpus_id": "sep",
          "title": "computational-mind",
          "url": "https://plato.stanford.edu/entries/computational-mind/",
          "score": 0.0,
          "snippet": "computational-mind\n\nAnother problem for machine functionalism, also highlighted by Block and Fodor (1972), concerns the systematicity of thought. An ability to entertain one proposition is correlated..."
        },
        {
          "corpus_id": "sep",
          "title": "perception-contents",
          "url": "https://plato.stanford.edu/entries/perception-contents/",
          "score": 0.0,
          "snippet": "perception-contents\n\nBeliefs are often thought to be relations to contents, and contents of beliefs are often thought to be contents that one can stand in other relations toward, besides belief. Such..."
        },
        {
          "corpus_id": "sep",
          "title": "perception-contents",
          "url": "https://plato.stanford.edu/entries/perception-contents/",
          "score": 0.0,
          "snippet": "perception-contents\n\nThe first position is the view that experiences are raw feels, or sensory affectations of the subject, that do not purport to represent the world in any way at all. The..."
        }
      ],
      "source_score": {
        "matched": [
          "content-narrow",
          "content-externalism"
        ],
        "missing": [
          "intentionality"
        ],
        "total_expected": 3,
        "ratio": 0.6666667
      },
      "fact_score": {
        "matched": [
          "narrow content",
          "wide content",
          "Burge",
          "arthritis",
          "content externalism",
          "twin earth"
        ],
        "missing": [
          "individualism"
        ],
        "total_expected": 7,
        "ratio": 0.85714287
      },
      "embed_ms": 0,
      "search_ms": 0,
      "corpora_hit": [
        "sep"
      ],
      "vector_eligible": true,
      "synth": {
        "answer": "**Narrow vs. Wide Content: The Distinction and Burge’s Arthritis Argument**\n\nThe distinction between narrow content and wide (or broad) content is central to the debate over whether mental states are determined entirely by what happens \"inside\" an individual's head or if they depend on external factors like the physical environment and social community. Tyler Burge’s arthritis thought experiment serves as a primary argument for **content externalism**, demonstrating that at least some aspects of mental content—specifically wide content—are constituted by facts about linguistic communities rather than just intrinsic biological properties.\n\n### 1. Narrow Content\n**Narrow content** is defined as the component of mental content that is completely determined by an individual’s intrinsic properties [Source: content-narrow]. It represents what remains when all external elements (such as the specific physical substances in one's environment or the definitions used by one's community) are factored out [Source: computational-mind]. \n\nProponents of narrow content often argue from introspection and causal powers. For instance, Hilary Putnam’s \"Twin Earth\" thought experiment illustrates this distinction using two individuals, Oscar on Earth and Twin Oscar on a molecule-for-molecule identical planet where water-like substance is XYZ rather than H2O [Source: content-narrow]. Although they share identical internal states, their thoughts have different *wide* contents because they refer to different chemical structures (H2O vs. XYZ). However, since there is no way for them to distinguish these differences internally (\"from the inside\"), some philosophers posit that they still share a common *narrow* content—the aspect of their belief determined solely by their intrinsic physical makeup [Source: content-teleological; Source: self-knowledge-externalism].\n\n### 2. Wide Content\n**Wide content** (or broad content) refers to mental content that depends not only on an individual's intrinsic properties but also on features of their environment—both natural and social [Source: content-narrow]. \n\nWhile Putnam’s Twin Earth focuses on the contribution of the **natural environment**, Burge’s work highlights the role of the **social environment**. In cases involving artifacts or medical concepts, individuals often rely on \"semantic deference,\" assuming that experts in their community hold the correct definitions for terms they use imperfectly [Source: content-narrow; Source: sep]. Thus, wide content is individuated by external factors such as linguistic practices and expert opinion.\n\n### 3. Tyler Burge’s Arthritis Thought Experiment\nBurge’s arthritis argument (1979) challenges individualistic theories of mind by showing how social facts constitute mental content [Source: content-externalism]. The thought experiment proceeds through a specific logical structure found across multiple sources:\n\n*   **The Scenario:** Consider an individual named Larry who believes he has \"arthritis\" in his thigh. In reality, medical experts define arthritis strictly as a disease affecting joints, not the thigh. Therefore, Larry’s belief that he has arthritis in his thigh is false [Source: content-narrow; Source: content-externalism].\n*   **The Counterfactual Comparison:** Imagine a counterfactual world where all intrinsic physical and functional properties of Larry are identical to those in the actual world. However, in this counterfactual community, the term 'arthritis' is used more broadly to refer to rheumatoid ailments generally (including conditions of the thigh) [Source: content-narrow; Source: content-externalism].\n*   **The Resulting Content Difference:** In this counterfactual scenario, if Larry believes he has \"arthritis\" in his thigh, that belief would be *true*, because the word means something different there. Burge argues that despite being intrinsically identical, Larry’s thought in the actual world and his counterpart's thought in the counterfactual world have different contents—one is a false belief about joint inflammation, while the other is a true belief about a broader class of ailments [Source: content-narrow; Source: functionalism].\n\n### 4. How This Shows Social Constitution of Mental Content\nBurge uses this contrast to argue for **content externalism**: mental states are individuated by social and linguistic factors external to the individual [Source: content-externalism]. The argument can be summarized as follows:\n\n1.  If mental content were determined entirely by intrinsic properties (narrow content), then intrinsically identical individuals must possess thoughts with identical truth conditions.\n2.  However, in Burge’s scenario, two intrinsically identical subjects have beliefs that differ in truth value (one false, one true) solely because their communities use the word 'arthritis' differently.\n3.  Therefore, the content of Larry's belief is not fixed by his internal state alone but depends on how the term is used by his linguistic community and medical experts [Source: consciousness-intentionality; Source: functionalism].\n\nThis demonstrates **semantic deference**: even if an individual has a partial or mistaken understanding of a concept (like thinking arthritis can occur in the thigh), they still possess the concept *as defined by the community*. The meaning—and thus the mental content—is anchored to external social facts rather than just what is \"in one’s head\" [Source: content-narrow; Source: sep]. Consequently, intentional states like beliefs cannot be fully captured by characterizing them solely through intrinsic properties; their individuation requires reference to the practices of the individual's linguistic community [Source: functionalism].",
        "reasoning_chars": 0,
        "stream_wall_ms": 81160,
        "total_latency_ms": 76804,
        "intent": "DeepQuery",
        "source_origins": [
          "sep"
        ],
        "retrieved_chunk_count": 35,
        "chunks_fact_score": {
          "matched": [
            "narrow content",
            "wide content",
            "Burge",
            "arthritis",
            "content externalism",
            "twin earth",
            "individualism"
          ],
          "missing": [],
          "total_expected": 7,
          "ratio": 1.0
        },
        "judge_fact_score": {
          "matched": [
            "narrow content",
            "wide content",
            "Burge",
            "arthritis",
            "content externalism",
            "twin earth"
          ],
          "missing": [
            "individualism"
          ],
          "total_expected": 7,
          "ratio": 0.85714287
        },
        "judge_evidence": [
          {
            "fact": "narrow content",
            "present": true,
            "evidence": "**Narrow content** is defined as the component of mental content that is completely determined by an individual's intrinsic properties"
          },
          {
            "fact": "wide content",
            "present": true,
            "evidence": "**Wide content** (or broad content) refers to mental content that depends not only on an individual's intrinsic properties but also on features of their environment—both natural and social"
          },
          {
            "fact": "Burge",
            "present": true,
            "evidence": "\"Tyler Burge's arthritis thought experiment serves as a primary argument for content externalism...\""
          },
          {
            "fact": "arthritis",
            "present": true,
            "evidence": "\"Burge's arthritis thought experiment serves as a primary argument for content externalism...\""
          },
          {
            "fact": "content externalism",
            "present": true,
            "evidence": "\"Tyler Burge's arthritis thought experiment serves as a primary argument for content externalism, demonstrating that at least some aspects of mental content... are constituted by facts about linguistic communities rather than just intrinsic biological properties.\""
          },
          {
            "fact": "twin earth",
            "present": true,
            "evidence": "\"For instance, Hilary Putnam's 'Twin Earth' thought experiment illustrates this distinction using two individuals, Oscar on Earth and Twin Oscar on a molecule-for-molecule identical planet where water-like substance is XYZ rather than H2O\""
          },
          {
            "fact": "individualism",
            "present": false,
            "evidence": "(absent)"
          }
        ]
      }
    },
    {
      "question_id": "contested_trolley_doctrine_double_effect",
      "category": "contested",
      "question": "What are the main positions on whether the doctrine of double effect can\njustify the asymmetry between the trolley and footbridge cases?\n",
      "retrieved": [
        {
          "corpus_id": "sep",
          "title": "double-effect",
          "url": "https://plato.stanford.edu/entries/double-effect/",
          "score": 0.0,
          "snippet": "double-effect\n\nIf we are more inclined to call a harmful result a merely foreseen side effect when we believe that it is permissibly brought about, and if we are more inclined to describe a harmful..."
        },
        {
          "corpus_id": "sep",
          "title": "double-effect",
          "url": "https://plato.stanford.edu/entries/double-effect/",
          "score": 0.0,
          "snippet": "[Atlas highlights]\n[Samuel Rickless (double-effect)]: \"In cases in which harm must come to some... a stronger case is needed to justify harmful direct agency than to justify equally harmful indirect..."
        },
        {
          "corpus_id": "sep",
          "title": "intuitionism-ethics",
          "url": "https://plato.stanford.edu/entries/intuitionism-ethics/",
          "score": 0.0,
          "snippet": "intuitionism-ethics\n\nPeople tend to say that they should pull the lever in Switch, but that they ought not to push the man off the bridge in Bridge. Bridge looks similar to Switch in that you would..."
        },
        {
          "corpus_id": "sep",
          "title": "doing-allowing",
          "url": "https://plato.stanford.edu/entries/doing-allowing/",
          "score": 0.0,
          "snippet": "doing-allowing\n\nAt this point, it is worth discussing the relationship between the doing/allowing distinction and the famous Trolley Problem. The Trolley Problem dates back to Philippa Foot’s..."
        },
        {
          "corpus_id": "sep",
          "title": "morality-biology",
          "url": "https://plato.stanford.edu/entries/morality-biology/",
          "score": 0.0,
          "snippet": "morality-biology\n\nMost people respond to these cases by saying that Trolley is permissible while Bridge is not. But what explains this difference in moral response? Many philosophers have argued for..."
        },
        {
          "corpus_id": "sep",
          "title": "philippa-foot",
          "url": "https://plato.stanford.edu/entries/philippa-foot/",
          "score": 0.0,
          "snippet": "philippa-foot\n\nIn “The Problem of Abortion and the Doctrine of Double Effect”, (1967) Foot raises a related case that has been the subject of much subsequent discussion: a runaway trolley is..."
        },
        {
          "corpus_id": "sep",
          "title": "contractualism",
          "url": "https://plato.stanford.edu/entries/contractualism/",
          "score": 0.0,
          "snippet": "contractualism\n\nMost people agree that switching the trolley is permissible in Loop even though “one switches the trolley only because it will, by hitting the one person, be prevented from hitting..."
        },
        {
          "corpus_id": "sep",
          "title": "intuitionism-ethics",
          "url": "https://plato.stanford.edu/entries/intuitionism-ethics/",
          "score": 0.0,
          "snippet": "intuitionism-ethics\n\nSwitch seems to be a case where the bad outcome is foreseen, but not intended. Bridge seems to be a case where the bad outcome is intended as a means of saving the five. So one..."
        },
        {
          "corpus_id": "sep",
          "title": "ethics-deontological",
          "url": "https://plato.stanford.edu/entries/ethics-deontological/",
          "score": 0.0,
          "snippet": "ethics-deontological\n\nDeontologists of this stripe are committed to something like the doctrine of double effect, a long-established doctrine of Catholic theology (Woodward 2001). The Doctrine in its..."
        },
        {
          "corpus_id": "sep",
          "title": "euthanasia-voluntary",
          "url": "https://plato.stanford.edu/entries/euthanasia-voluntary/",
          "score": 0.0,
          "snippet": "euthanasia-voluntary\n\nOn the most plausible reading, the doctrine of double effect can be relevant to the permissibility of voluntary euthanasia only when a person’s death is bad for her or, to put..."
        },
        {
          "corpus_id": "sep",
          "title": "ethics-ai",
          "url": "https://plato.stanford.edu/entries/ethics-ai/",
          "score": 0.0,
          "snippet": "ethics-ai\n\nThere is some discussion of “trolley problems” in this context. In the classic “trolley problems” (Thomson 1976; Woollard and Howard-Snyder 2016: section 2) various dilemmas are..."
        },
        {
          "corpus_id": "sep",
          "title": "anscombe",
          "url": "https://plato.stanford.edu/entries/anscombe/",
          "score": 0.0,
          "snippet": "anscombe\n\nA philosophical understanding of intention (and thus not just Catholic doctrine) is needed to show that killing innocent people as a means to ending a war (or whatever) just is..."
        },
        {
          "corpus_id": "sep",
          "title": "nonidentity-problem",
          "url": "https://plato.stanford.edu/entries/nonidentity-problem/",
          "score": 0.0,
          "snippet": "nonidentity-problem\n\nThe conceptual concerns arise when attempts are made to explain the Asymmetry by reference to principles that assign a special moral status to actual people (or people who will..."
        },
        {
          "corpus_id": "sep",
          "title": "embodied-cognition",
          "url": "https://plato.stanford.edu/entries/embodied-cognition/",
          "score": 0.0,
          "snippet": "embodied-cognition\n\nDual process theories of moral psychology reject the moral sentimentalism claim that all moral judgments are made in the same way.  Dual process theories maintain that we have two..."
        },
        {
          "corpus_id": "sep",
          "title": "self-defense",
          "url": "https://plato.stanford.edu/entries/self-defense/",
          "score": 0.0,
          "snippet": "self-defense\n\nTrolley: A runaway trolley is lethally heading towards five innocent people. A bystander, Engineer, can divert the trolley away from the five down a side-track. The diverted trolley..."
        },
        {
          "corpus_id": "sep",
          "title": "causation-physics",
          "url": "https://plato.stanford.edu/entries/causation-physics/",
          "score": 0.0,
          "snippet": "causation-physics\n\nDavid Lewis proposes an answer to this concern, arguing that the time-asymmetry of counterfactuals is secured by an asymmetric overdetermination of the present by the future (Lewis..."
        },
        {
          "corpus_id": "sep",
          "title": "decision-causal",
          "url": "https://plato.stanford.edu/entries/decision-causal/",
          "score": 0.0,
          "snippet": "decision-causal\n\nMost texts on decision theory are consistent with causal decision theory. Many do not treat the special cases, such as Newcomb’s problem, that motivate a distinction between causal..."
        },
        {
          "corpus_id": "sep",
          "title": "vegetarianism",
          "url": "https://plato.stanford.edu/entries/vegetarianism/",
          "score": 0.0,
          "snippet": "vegetarianism\n\nIf buying wrongfully-produced meat is wrong because it produces more wrongfully-produced meat, is it wrong to pay rent in the rent case? Is it wrong to buy a vegetarian meal at a..."
        },
        {
          "corpus_id": "sep",
          "title": "religion-politics",
          "url": "https://plato.stanford.edu/entries/religion-politics/",
          "score": 0.0,
          "snippet": "religion-politics\n\nThe standard view among political theorists, such as Robert Audi, Jürgen Habermas, Charles Larmore, Steven Macedo, Martha Nussbaum, and John Rawls is that religious reasons can..."
        },
        {
          "corpus_id": "sep",
          "title": "doing-allowing",
          "url": "https://plato.stanford.edu/entries/doing-allowing/",
          "score": 0.0,
          "snippet": "[Atlas highlights]\n[Judith Jarvis Thomson (doing-allowing)]: \"If so, she argues, we are not entitled to turn the trolley onto a stranger. Doing so would be like stealing someone’s wallet to give to..."
        },
        {
          "corpus_id": "sep",
          "title": "double-effect",
          "url": "https://plato.stanford.edu/entries/double-effect/",
          "score": 0.0,
          "snippet": "double-effect\n\nDouble effect might also be part of a secular and non-absolutist view according to which a justification adequate for causing a certain harm as a side effect might not be adequate for..."
        },
        {
          "corpus_id": "sep",
          "title": "double-effect",
          "url": "https://plato.stanford.edu/entries/double-effect/",
          "score": 0.0,
          "snippet": "double-effect\n\nNevertheless, many criticisms of the principle of double effect do not proceed from consequentialist assumptions or skepticism about the distinction between intended and merely..."
        },
        {
          "corpus_id": "sep",
          "title": "intuitionism-ethics",
          "url": "https://plato.stanford.edu/entries/intuitionism-ethics/",
          "score": 0.0,
          "snippet": "intuitionism-ethics\n\nEmpirical psychology has recently cast doubt on the reliability of at least some of our moral intuitions. Since a self-evident proposition is one of which a clear intuition..."
        },
        {
          "corpus_id": "sep",
          "title": "intuitionism-ethics",
          "url": "https://plato.stanford.edu/entries/intuitionism-ethics/",
          "score": 0.0,
          "snippet": "intuitionism-ethics\n\nLike other epistemic foundationalists, Price insists that all reasoning and knowledge must ultimately rest on propositions that are not inferred from other premises. For ethical..."
        },
        {
          "corpus_id": "sep",
          "title": "doing-allowing",
          "url": "https://plato.stanford.edu/entries/doing-allowing/",
          "score": 0.0,
          "snippet": "doing-allowing\n\n(iv) Finally, the distinction between doing and allowing harm is sometimes thought to have, as part of its conceptual content, a moral element. This thought is rarely made explicit,..."
        },
        {
          "corpus_id": "sep",
          "title": "doing-allowing",
          "url": "https://plato.stanford.edu/entries/doing-allowing/",
          "score": 0.0,
          "snippet": "doing-allowing\n\n22 years after putting forward the bystander version of the trolley case, Thomson (2008) changed her mind and argued that the consensus that it is permissible for the bystander to..."
        },
        {
          "corpus_id": "sep",
          "title": "philippa-foot",
          "url": "https://plato.stanford.edu/entries/philippa-foot/",
          "score": 0.0,
          "snippet": "philippa-foot\n\nOn Foot’s view, we are generally not permitted to do something to someone that would interfere with someone’s negative rights, for example, we may not steal someone’s property;..."
        },
        {
          "corpus_id": "sep",
          "title": "philippa-foot",
          "url": "https://plato.stanford.edu/entries/philippa-foot/",
          "score": 0.0,
          "snippet": "philippa-foot\n\nThe term ‘hypothetical imperative’ comes from Immanuel Kant’s moral philosophy, in which it is contrasted with the ‘categorical imperative’. A hypothetical imperative is a..."
        },
        {
          "corpus_id": "sep",
          "title": "philippa-foot",
          "url": "https://plato.stanford.edu/entries/philippa-foot/",
          "score": 0.0,
          "snippet": "philippa-foot\n\nConsider a pair of scenarios called Rescue I and Rescue II (1984 [MD 80]). In both cases, we are driving a jeep along a sea shore and have the chance to save various configurations of..."
        }
      ],
      "source_score": {
        "matched": [
          "double-effect",
          "doing-allowing",
          "philippa-foot",
          "ethics-deontological"
        ],
        "missing": [
          "consequentialism"
        ],
        "total_expected": 5,
        "ratio": 0.8
      },
      "fact_score": {
        "matched": [
          "doctrine of double effect",
          "trolley problem",
          "footbridge",
          "intended versus foreseen",
          "Foot",
          "Thomson",
          "deontological"
        ],
        "missing": [],
        "total_expected": 7,
        "ratio": 1.0
      },
      "embed_ms": 0,
      "search_ms": 0,
      "corpora_hit": [
        "sep"
      ],
      "vector_eligible": true,
      "synth": {
        "answer": "The doctrine of double effect (DDE) is frequently invoked to explain the intuitive asymmetry between the \"Switch\" trolley case and the \"Footbridge\" case. However, its ability to justify this asymmetry is heavily contested. The main positions can be categorized into those that defend DDE as a necessary explanatory tool, those that argue it fails due to structural counterexamples, and those that reject DDE entirely in favor of alternative frameworks like rights-based deontology or empirical psychology.\n\n**1. Proponents: DDE as Necessary for Capturing Moral Distinctions**\nProponents argue that standard consequentialism cannot account for our intuitions about cases where harm is used as a means versus when it is merely foreseen. Philippa Foot explicitly defends a version of the doctrine alongside her principle of doing and allowing [Source: philippa-foot]. She argues that while we may permissibly allow death (e.g., by choosing not to use enough drugs to save five at the cost of one), it is impermissible to strictly intend death as an essential means (e.g., harvesting organs from one person to save five) [Source: philippa-foot]. For Foot, DDE captures distinctions that the simple \"doing vs. allowing\" distinction misses, particularly regarding negative rights (non-interference) versus positive rights (assistance) [Source: philippa-foot].\n\nSimilarly, Warren Quinn recasts double effect as a distinction between direct and indirect agency. On this view, harm is impermissible if victims are deliberately involved in something precisely *by way* of their being harmed (direct agency/intended means). Harm may be permissible if it occurs indirectly, where nothing intended contributes causally close to their harm [Source: double-effect]. This position maintains that there is an independent justification for treating harms used as means differently from foreseen side effects, even under the same circumstances [Source: double-effect].\n\n**2. Critics: Structural Failures and Counterexamples**\nA major line of criticism argues that DDE fails to justify the asymmetry because its core distinction—intention vs. foresight—is either unstable or contradicted by our intuitions in modified trolley cases.\n\n*   **The Loopback Case:** A critical variant involves a \"Loop\" track where pulling the lever diverts the trolley onto a spur with one person; unless this person stops the train (by being killed), it will loop back and kill five others on the main track. Here, killing the one is clearly used as a means to save the five (just like pushing him off the bridge). Yet, most people still judge switching the lever as permissible [Source: intuitionism-ethics]. This suggests that DDE cannot explain why Switch is permissible while Bridge is not, because both involve using someone as a means [Source: intuitionism-ethics].\n*   **The Scanlonian Critique:** Thomas Scanlon argues that verdicts in cases like Loop violate DDE yet remain intuitively correct. He posits that what makes an action wrong depends on considerations countering it, not merely on whether the agent failed to give proper weight to those considerations via their intention [Source: contractualism]. Thus, DDE’s focus on mental states (intention) misses the actual moral structure of the case.\n\n**3. Critics: Independent Justifications and Cognitive Bias**\nMany critics argue that DDE does no real justificatory work; rather, substantive independent moral reasons are doing the heavy lifting, and we *label* them as \"side effects\" or \"means\" based on our prior normative judgments.\n\n*   **The Knobe Effect:** Empirical research by Joshua Knobe demonstrates that people’s descriptions of intentions vs. side effects are biased by normative judgments. If a result is bad, it is more likely to be described as intended; if good, as foreseen [Source: double-effect]. This suggests the distinction between means and side effects is not an evaluatively neutral basis for judgment but is instead influenced by whether we believe the harm is permissible in the first place [Source: double-effect].\n*   **Independent Justifications:** Critics like Davis (1984) and McIntyre (2001) argue that when DDE is invoked, substantive independent justifications are implicitly relied upon [Source: double-effect]. The cases traditionally cited under DDE may simply be exceptions to the general prohibition on killing, united only by those independent considerations rather than the intention/foresight distinction itself [Source: double-effect].\n\n**4. Alternative Explanations: Rights, Psychology, and Doing-Allowing**\nSeveral positions reject DDE as the primary explanation for the asymmetry in favor of other frameworks:\n\n*   **Rights-Based Deontology:** Judith Jarvis Thomson and others offer deontological constraints prohibiting \"murdering some to save others\" (Bridge) while allowing diversion of public threats toward lesser harm (Switch). Here, the difference is not about intention but about violating negative rights against an innocent person who poses no threat [Source: morality-biology; Source: philippa-foot]. Foot herself initially tried to explain the trolley case via the doing/allowing distinction (killing one vs. letting five die), though she later acknowledged that bystander versions undermine this because a bystander clearly chooses between killing and letting die yet still seems permitted to switch [Source: doing-allowing].\n*   **Dual Process Theory:** Greene’s psychological account dismisses normative explanations like DDE as unconvincing. Instead, he argues the asymmetry stems from emotional response intensity. The \"personal\" harm of pushing someone off a bridge activates social/emotional brain regions (amygdala, medial prefrontal cortex) leading to an aversive gut reaction. Switching the lever is impersonal, activating higher cognition (dorsolateral prefrontal cortex), allowing for utilitarian reasoning [Source: morality-biology; Source: embodied-cognition].\n\n**Summary of Positions on Justification**\n1.  **DDE Justifies It:** Yes, because using a person as a means (intending their death) violates direct agency constraints that foreseen side effects do not (Quinn/Foot).\n2.  **DDE Fails Structurally:** No, because cases like Loop show we permit \"means\" harms in trolley-style scenarios but forbid them in footbridge scenarios, breaking DDE’s predictive power (Scanlon/Intuitionism-ethics).\n3.  **DDE is Epiphenomenal:** The distinction between intention and foresight is biased by our prior moral judgments (Knobe Effect), meaning independent reasons—not the doctrine itself—justify the asymmetry [Source: double-effect].\n4.  **Alternative Doctrines Explain It Better:** Rights-based deontology (Thomson/Foot) or psychological dual-process theory (Greene) better account for why Bridge feels wrong while Switch does not, without relying on the problematic mental-state distinctions of DDE [Source: morality-biology; Source: philippa-foot].\n\nI don't have reliable information on whether there are recent neuroscientific studies post-2016 that specifically test DDE predictions against fMRI data in trolley variants.\n\n---\n*Verification note: these statements could not be confirmed against your sources — treat them as unverified:*\n- Peter Singer is not mentioned in the text; Judith Jarvis Thomson is cited for rights-based deontology explanations.\n- Thomas Scanlon argues that verdicts in cases like Loop violate DDE yet remain intuitively correct.",
        "reasoning_chars": 0,
        "stream_wall_ms": 78564,
        "total_latency_ms": 74612,
        "intent": "DeepQuery",
        "source_origins": [
          "sep"
        ],
        "retrieved_chunk_count": 29,
        "chunks_fact_score": {
          "matched": [
            "doctrine of double effect",
            "trolley problem",
            "Foot",
            "Thomson",
            "deontological"
          ],
          "missing": [
            "footbridge",
            "intended versus foreseen"
          ],
          "total_expected": 7,
          "ratio": 0.71428573
        },
        "judge_fact_score": {
          "matched": [
            "doctrine of double effect",
            "trolley problem",
            "footbridge",
            "intended versus foreseen",
            "Foot",
            "Thomson",
            "deontological"
          ],
          "missing": [],
          "total_expected": 7,
          "ratio": 1.0
        },
        "judge_evidence": [
          {
            "fact": "doctrine of double effect",
            "present": true,
            "evidence": "\"The doctrine of double effect (DDE) is frequently invoked to explain the intuitive asymmetry between...\""
          },
          {
            "fact": "trolley problem",
            "present": true,
            "evidence": "\"The doctrine of double effect (DDE) is frequently invoked to explain the intuitive asymmetry between the \"Switch\" trolley case and the \"Footbridge\" case.\""
          },
          {
            "fact": "footbridge",
            "present": true,
            "evidence": "\"...cases where harm is used as a means versus when it is merely foreseen. Philippa Foot explicitly defends a version of the doctrine alongside her principle of doing and allowing\""
          },
          {
            "fact": "intended versus foreseen",
            "present": true,
            "evidence": "\"Proponents argue that standard consequentialism cannot account for our intuitions about cases where harm is used as a means versus when it is merely foreseen.\""
          },
          {
            "fact": "Foot",
            "present": true,
            "evidence": "\"Foot explicitly defends a version of the doctrine alongside her principle of doing and allowing\""
          },
          {
            "fact": "Thomson",
            "present": true,
            "evidence": "Judith Jarvis Thomson and others offer deontological constraints prohibiting \"murdering some to save others\" (Bridge) while allowing diversion of public threats toward lesser harm (Switch)."
          },
          {
            "fact": "deontological",
            "present": true,
            "evidence": "alternative frameworks like rights-based deontology"
          }
        ]
      }
    },
    {
      "question_id": "position_summary_virtue_ethics_function",
      "category": "position_summary",
      "question": "Reconstruct Aristotle's function argument for virtue ethics in\nNicomachean Ethics I, and explain MacIntyre's communitarian update of it\nin After Virtue.\n",
      "retrieved": [
        {
          "corpus_id": "sep",
          "title": "sep",
          "url": null,
          "score": 0.0,
          "snippet": "The author argues that Aristotelian virtue ethics faces serious empirical criticism because it presupposes the existence of global character traits that are widely held, a claim contradicted by...",
          "source": "raptor"
        },
        {
          "corpus_id": "sep",
          "title": "sep",
          "url": null,
          "score": 0.0,
          "snippet": "Lorenzo Valla advances a critique of Aristotelian-scholastic philosophy by reducing its complex categories to substance, quality, and action while rejecting syllogistic logic in favor of oratorical...",
          "source": "raptor"
        },
        {
          "corpus_id": "sep",
          "title": "sep",
          "url": null,
          "score": 0.0,
          "snippet": "Aristotle distinguishes between intellectual and ethical virtues, defining the latter as a golden mean determined by practical reason rather than rigid rules. He argues that while ethics lacks...",
          "source": "raptor"
        },
        {
          "corpus_id": "sep",
          "title": "sep",
          "url": null,
          "score": 0.0,
          "snippet": "The text contrasts neo-Aristotelian virtue ethics, which grounds moral goodness in human virtues and functional kinds, with Judith Jarvis Thomson's account that defines goodness relative to specific...",
          "source": "raptor"
        },
        {
          "corpus_id": "sep",
          "title": "sep",
          "url": null,
          "score": 0.0,
          "snippet": "The text contrasts neo-Aristotelian virtue ethics, which grounds moral goodness in human virtues and functional kinds, with Judith Jarvis Thomson's account that defines goodness relative to specific...",
          "source": "raptor"
        },
        {
          "corpus_id": "sep",
          "title": "sep",
          "url": null,
          "score": 0.0,
          "snippet": "Aristotle posits that the highest human good is eudaimonia, achieved primarily through philosophical contemplation rather than political activity or mere ethical living. He supports this by...",
          "source": "raptor"
        },
        {
          "corpus_id": "sep",
          "title": "sep",
          "url": null,
          "score": 0.0,
          "snippet": "Olivi challenges traditional Aristotelian and Thomistic views by arguing that virtues are distinct rather than unified, allowing for the possession of specific moral traits without others. He further...",
          "source": "raptor"
        },
        {
          "corpus_id": "sep",
          "title": "sep",
          "url": null,
          "score": 0.0,
          "snippet": "Augustine adapts ancient eudaimonism by subordinating virtue and happiness to God's prevenient grace, defining the supreme good as loving and knowing God. He grounds ethics in intentional love,...",
          "source": "raptor"
        },
        {
          "corpus_id": "sep",
          "title": "aristotle",
          "url": "https://plato.stanford.edu/entries/aristotle/",
          "score": 0.0,
          "snippet": "[Atlas highlights]\nArgument: Argument for Mixed Constitution via Democracy [from aristotle]\n  P1. Humans have deep acquisitional propensities that make pure aristocracy difficult to sustain.\n  P2...."
        },
        {
          "corpus_id": "sep",
          "title": "aristotle",
          "url": "https://plato.stanford.edu/entries/aristotle/",
          "score": 0.0,
          "snippet": "[Atlas highlights]\n[Kant (aristotle)]: \"That from the earliest times logic has traveled a secure course can be seen from the fact that since the time of Aristotle it has not had to go a single step..."
        },
        {
          "corpus_id": "sep",
          "title": "aristotle",
          "url": "https://plato.stanford.edu/entries/aristotle/",
          "score": 0.0,
          "snippet": "[Atlas highlights]\n[Aristotle (aristotle)]: \"Further, the end (telos) is spoken of as a cause. This is that for the sake of...\"\n[Aristotle (aristotle)]: \"...the primary source of the change and rest..."
        },
        {
          "corpus_id": "sep",
          "title": "aristotle-ethics",
          "url": "https://plato.stanford.edu/entries/aristotle-ethics/",
          "score": 0.0,
          "snippet": "aristotle-ethics\n\nThough the general point of view expressed in each work is the same, there are many subtle differences in organization and content as well. Clearly, one is a re-working of the..."
        },
        {
          "corpus_id": "sep",
          "title": "ethics-virtue",
          "url": "https://plato.stanford.edu/entries/ethics-virtue/",
          "score": 0.0,
          "snippet": "ethics-virtue\n\nWhether virtue ethics can be expected to grow into “virtue politics”—i.e. to extend from moral philosophy into political philosophy—is not so clear. Gisela Striker (2006) has..."
        },
        {
          "corpus_id": "sep",
          "title": "ethics-ancient",
          "url": "https://plato.stanford.edu/entries/ethics-ancient/",
          "score": 0.0,
          "snippet": "ethics-ancient\n\nLike Plato, Aristotle is a eudaimonist in that he argues that virtue (including in some way the moral virtues of courage, justice and the rest) is the dominant and most important..."
        },
        {
          "corpus_id": "sep",
          "title": "aristotle-rhetoric",
          "url": "https://plato.stanford.edu/entries/aristotle-rhetoric/",
          "score": 0.0,
          "snippet": "aristotle-rhetoric\n\nAristotle |  Aristotle, General Topics: aesthetics |  Aristotle, General Topics: logic |  Cicero |  Plato: rhetoric and poetry"
        },
        {
          "corpus_id": "sep",
          "title": "aristotle-natphil",
          "url": "https://plato.stanford.edu/entries/aristotle-natphil/",
          "score": 0.0,
          "snippet": "aristotle-natphil\n\nAristotle, General Topics: biology |  Aristotle, General Topics: logic |  Aristotle, General Topics: metaphysics |  Aristotle, General Topics: psychology |  Aristotle, Special..."
        },
        {
          "corpus_id": "sep",
          "title": "justice-virtue",
          "url": "https://plato.stanford.edu/entries/justice-virtue/",
          "score": 0.0,
          "snippet": "justice-virtue\n\nAristotle does not see the virtue of justice in quite the comprehensive sense Plato does; he treats it as a virtue of character (in the entirety of one of the ten books of the..."
        },
        {
          "corpus_id": "sep",
          "title": "african-ethics",
          "url": "https://plato.stanford.edu/entries/african-ethics/",
          "score": 0.0,
          "snippet": "african-ethics\n\nI take note of a view expressed by some philosophers on Aristotle's ethics: Bertrand Russell observed that “Aristotle's opinions on moral questions are always such as were..."
        },
        {
          "corpus_id": "sep",
          "title": "practical-reason-med",
          "url": "https://plato.stanford.edu/entries/practical-reason-med/",
          "score": 0.0,
          "snippet": "practical-reason-med\n\nThe earliest medieval commentators on the Nicomachean Ethics analyzed only the first three books of the work for reasons yet unexplained (Celano, 2022). The medieval authors of..."
        },
        {
          "corpus_id": "sep",
          "title": "well-being",
          "url": "https://plato.stanford.edu/entries/well-being/",
          "score": 0.0,
          "snippet": "well-being\n\nHis primary argument is the notorious and perfectionist ‘function argument’, according to which the good for some being is to be identified through attention to its ‘function’ or..."
        },
        {
          "corpus_id": "sep",
          "title": "ethics-business",
          "url": "https://plato.stanford.edu/entries/ethics-business/",
          "score": 0.0,
          "snippet": "ethics-business\n\nOne influential approach to business ethics draws on virtue ethics. Moore (2017) develops and applies MacIntyre’s (1984) virtue ethics to business. For MacIntyre, there are goods..."
        },
        {
          "corpus_id": "sep",
          "title": "aristotle-aesthetics",
          "url": "https://plato.stanford.edu/entries/aristotle-aesthetics/",
          "score": 0.0,
          "snippet": "aristotle-aesthetics\n\nIn the case of tragedy, Aristotle’s aim is to reconstruct for his readers what the art of poetic composition should be, in order to enable them to distinguish a good tragedy..."
        },
        {
          "corpus_id": "sep",
          "title": "moral-psych-emp",
          "url": "https://plato.stanford.edu/entries/moral-psych-emp/",
          "score": 0.0,
          "snippet": "moral-psych-emp\n\nOne way of defusing empirically motivated skepticism—dubbed by Alfano (2013) “the dodge”—is simply to deny that virtue ethics makes empirical claims. On this understanding,..."
        },
        {
          "corpus_id": "sep",
          "title": "aristotle-politics",
          "url": "https://plato.stanford.edu/entries/aristotle-politics/",
          "score": 0.0,
          "snippet": "aristotle-politics\n\nIn the Nicomachean Ethics Aristotle describes his subject matter as ‘political science’, which he characterizes as the most authoritative science. It prescribes which sciences..."
        },
        {
          "corpus_id": "sep",
          "title": "moral-character",
          "url": "https://plato.stanford.edu/entries/moral-character/",
          "score": 0.0,
          "snippet": "moral-character\n\nAristotle defines virtuous character in Nicomachean Ethics II.6:"
        },
        {
          "corpus_id": "sep",
          "title": "alexander-aphrodisias",
          "url": "https://plato.stanford.edu/entries/alexander-aphrodisias/",
          "score": 0.0,
          "snippet": "alexander-aphrodisias\n\nSince Alexander did not write a commentary on Aristotle’s ethics, his Ethical Problems, despite their somewhat disorganized state, are of considerable interest (cf. Madigan..."
        },
        {
          "corpus_id": "sep",
          "title": "albert-great",
          "url": "https://plato.stanford.edu/entries/albert-great/",
          "score": 0.0,
          "snippet": "albert-great\n\nAlbert’s concern with ethics as such is found in his two commentaries on Aristotle’s Nicomachean Ethics. The prologues to both these works reveal Albert’s original thoughts on..."
        },
        {
          "corpus_id": "sep",
          "title": "aristotle-ethics",
          "url": "https://plato.stanford.edu/entries/aristotle-ethics/",
          "score": 0.0,
          "snippet": "aristotle-ethics\n\nBielskis 2020; Broadie 2006; Chappell (ed.) 2006; Garver 2006; Gill (ed.) 2005; Kraut 2018; LeBar 2013; MacIntyre 1999; Peters 2014; Russell 2012b; Stohr 2003, 2009; Wiggins 2009."
        },
        {
          "corpus_id": "sep",
          "title": "aristotle",
          "url": "https://plato.stanford.edu/entries/aristotle/",
          "score": 0.0,
          "snippet": "aristotle\n\nDuring this period, Aristotle’s wife, Pythias, died and he developed a new relationship with Herpyllis, perhaps like him a native of Stagira, though her origins are disputed, as is the..."
        },
        {
          "corpus_id": "sep",
          "title": "ethics-ancient",
          "url": "https://plato.stanford.edu/entries/ethics-ancient/",
          "score": 0.0,
          "snippet": "ethics-ancient\n\nThis approach to the virtues by way of moral psychology, in fact, proves to be remarkably durable in ancient moral theory. In one way or another, the various schools attempt to..."
        },
        {
          "corpus_id": "sep",
          "title": "ethics-ancient",
          "url": "https://plato.stanford.edu/entries/ethics-ancient/",
          "score": 0.0,
          "snippet": "ethics-ancient\n\nAt this point another argument for the link between happiness and virtue – one more dispersed in the text of the Nicomachean Ethics – becomes relevant; it is based on value terms..."
        },
        {
          "corpus_id": "sep",
          "title": "ethics-ancient",
          "url": "https://plato.stanford.edu/entries/ethics-ancient/",
          "score": 0.0,
          "snippet": "ethics-ancient\n\nHuman excellence can be conceived in ways that do not include the moral virtues. For instance, someone thought of as excellent for benefiting friends and harming enemies can be cruel,..."
        },
        {
          "corpus_id": "sep",
          "title": "aristotle-ethics",
          "url": "https://plato.stanford.edu/entries/aristotle-ethics/",
          "score": 0.0,
          "snippet": "aristotle-ethics\n\nNo one tries to live well for the sake of some further goal; rather, being eudaimon is the highest end, and all subordinate goals—health, wealth, and other such resources—are..."
        },
        {
          "corpus_id": "sep",
          "title": "aristotle-ethics",
          "url": "https://plato.stanford.edu/entries/aristotle-ethics/",
          "score": 0.0,
          "snippet": "aristotle-ethics\n\nA common complaint about Aristotle’s attempt to defend his conception of happiness is that his argument is too general to show that it is in one’s interest to possess any of the..."
        },
        {
          "corpus_id": "sep",
          "title": "ethics-virtue",
          "url": "https://plato.stanford.edu/entries/ethics-virtue/",
          "score": 0.0,
          "snippet": "ethics-virtue\n\nA misunderstanding of eudaimonia as an unmoralized concept leads some critics to suppose that the neo-Aristotelians are attempting to ground their claims in a scientific account of..."
        },
        {
          "corpus_id": "sep",
          "title": "ethics-virtue",
          "url": "https://plato.stanford.edu/entries/ethics-virtue/",
          "score": 0.0,
          "snippet": "ethics-virtue\n\nIn the West, virtue ethics’ founding fathers are Plato and Aristotle, and in the East it can be traced back to Mencius and Confucius. It persisted as the dominant approach in Western..."
        },
        {
          "corpus_id": "sep",
          "title": "ethics-virtue",
          "url": "https://plato.stanford.edu/entries/ethics-virtue/",
          "score": 0.0,
          "snippet": "ethics-virtue\n\nIts re-emergence had an invigorating effect on the other two approaches, many of whose proponents then began to address these topics in the terms of their favoured theory. (One..."
        }
      ],
      "source_score": {
        "matched": [
          "ethics-virtue",
          "aristotle-ethics"
        ],
        "missing": [
          "communitarianism"
        ],
        "total_expected": 3,
        "ratio": 0.6666667
      },
      "fact_score": {
        "matched": [
          "function argument",
          "ergon",
          "eudaimonia",
          "virtue",
          "MacIntyre",
          "After Virtue",
          "practice",
          "tradition"
        ],
        "missing": [],
        "total_expected": 8,
        "ratio": 1.0
      },
      "embed_ms": 0,
      "search_ms": 0,
      "corpora_hit": [
        "sep"
      ],
      "vector_eligible": true,
      "synth": {
        "answer": "Thorough overview from available sources, not exhaustive. The provided knowledge base contains detailed information on Aristotle’s function argument and MacIntyre’s application of virtue ethics to business practices, but it lacks the specific textual evidence required to reconstruct MacIntyre’s *communitarian* update in *After Virtue*.\n\n### 1. Aristotle's Function Argument (*Nicomachean Ethics*, Book I)\nAristotle argues that happiness (*eudaimonia*) is the highest human good [Source: aristotle-ethics]. To determine what constitutes this good, he employs a \"function\" or \"ergon\" argument based on his biological and psychological distinctions [Source: well-being; Source: aristotle-ethics]:\n\n*   **The Human Function:** Humans possess nutritive (growth/reproduction), locomotive (motion), perceptive, and rational capacities [Source: aristotle-ethics]. The unique function of humans—what distinguishes them from other species—is their capacity for reason [Source: well-being; Source: aristotle-ethics].\n*   **Excellence in Function:** Just as doing anything well requires virtue or excellence (*aretē*), living well consists in the activity of the soul in accordance with virtue [Source: aristotle-ethics]. Specifically, happiness is [unverified excerpt: activity caused by the rational soul in accordance with virtue] over a full life [Source: aristotle-ethics].\n\n### 2. MacIntyre's Communitarian Update\nThe provided sources do not contain specific details regarding Alasdair MacIntyre’s *communitarian update* to Aristotle found in his book *After Virtue*. \n\nHowever, the texts do document how MacIntyre applies Aristotelian concepts to modern contexts (specifically business ethics):\n*   **Internal Goods and Practices:** MacIntyre argues that there are goods internal to practices, which require virtues for their attainment [Source: ethics-business]. \n*   **Business as Practice:** Scholars like Moore have applied this framework to argue that \"business is a practice\" containing its own internal goods requiring the cultivation of business virtues [Source: ethics-business].\n\n**Gap Note:** The sources provided do not cover MacIntyre’s specific arguments regarding narrative unity of life, tradition-constituted inquiry, or the critique of Enlightenment moral philosophy found in *After Virtue*. \n\nWant me to search the web for details on MacIntyre's communitarian update in *After Virtue*?",
        "reasoning_chars": 0,
        "stream_wall_ms": 51819,
        "total_latency_ms": 45760,
        "intent": "DeepQuery",
        "source_origins": [
          "sep"
        ],
        "retrieved_chunk_count": 37,
        "chunks_fact_score": {
          "matched": [
            "function argument",
            "eudaimonia",
            "virtue",
            "MacIntyre",
            "tradition"
          ],
          "missing": [
            "ergon",
            "After Virtue",
            "practice"
          ],
          "total_expected": 8,
          "ratio": 0.625
        },
        "judge_fact_score": {
          "matched": [
            "function argument",
            "ergon",
            "eudaimonia",
            "virtue",
            "MacIntyre",
            "After Virtue",
            "practice"
          ],
          "missing": [
            "tradition"
          ],
          "total_expected": 8,
          "ratio": 0.875
        },
        "judge_evidence": [
          {
            "fact": "function argument",
            "present": true,
            "evidence": "\"Aristotle argues that happiness (*eudaimonia*) is the highest human good... he employs a 'function' or 'ergon' argument based on his biological and psychological distinctions\""
          },
          {
            "fact": "ergon",
            "present": true,
            "evidence": "\"he employs a 'function' or 'ergon' argument based on his biological and psychological distinctions\""
          },
          {
            "fact": "eudaimonia",
            "present": true,
            "evidence": "\"Aristotle argues that happiness (*eudaimonia*) is the highest human good\""
          },
          {
            "fact": "virtue",
            "present": true,
            "evidence": "\"living well consists in the activity of the soul in accordance with virtue\""
          },
          {
            "fact": "MacIntyre",
            "present": true,
            "evidence": "\"MacIntyre's application of virtue ethics to business practices\""
          },
          {
            "fact": "After Virtue",
            "present": true,
            "evidence": "\"The provided sources do not contain specific details regarding Alasdair MacIntyre's communitarian update to Aristotle found in his book After Virtue.\""
          },
          {
            "fact": "practice",
            "present": true,
            "evidence": "\"MacIntyre applies Aristotelian concepts to modern contexts (specifically business practices)\""
          },
          {
            "fact": "tradition",
            "present": false,
            "evidence": "(absent)"
          }
        ]
      }
    },
    {
      "question_id": "position_summary_kripke_reference_causal_historical",
      "category": "position_summary",
      "question": "Reconstruct Kripke's causal-historical theory of reference and explain\nhow it handles names whose initial baptism is uncertain or whose\nreference may shift over time.\n",
      "retrieved": [
        {
          "corpus_id": "sep",
          "title": "sep",
          "url": null,
          "score": 0.0,
          "snippet": "To address the historical pessimism regarding scientific theory change, philosophers like Poincaré and Duhem proposed that continuity exists in the relational structures preserved by mathematical...",
          "source": "raptor"
        },
        {
          "corpus_id": "sep",
          "title": "sep",
          "url": null,
          "score": 0.0,
          "snippet": "The text examines various theories of name reference, including cluster and use theories, while addressing challenges such as the epistemic argument. It highlights Searle's proposal to resolve issues...",
          "source": "raptor"
        },
        {
          "corpus_id": "sep",
          "title": "sep",
          "url": null,
          "score": 0.0,
          "snippet": "The text evaluates competing theories of reference for impure indexicals, contrasting Gricean intentionalist approaches with descriptivist constraints. It examines whether speaker intentions or...",
          "source": "raptor"
        },
        {
          "corpus_id": "sep",
          "title": "sep",
          "url": null,
          "score": 0.0,
          "snippet": "The text argues that proper names like 'Socrates' do not possess meanings defined by descriptive clusters, such as being the teacher of Plato and Xenophon. This position is supported by modal...",
          "source": "raptor"
        },
        {
          "corpus_id": "sep",
          "title": "sep",
          "url": null,
          "score": 0.0,
          "snippet": "The passages argue that rigid designators and transworld identity are distinct from essentialism and realism, defending the view that names refer to specific individuals across possible worlds...",
          "source": "raptor"
        },
        {
          "corpus_id": "sep",
          "title": "sep",
          "url": null,
          "score": 0.0,
          "snippet": "The text critiques traditional apriorist accounts of meaning by distinguishing between empirical propositions and conceptual necessities, while simultaneously challenging cluster theories regarding...",
          "source": "raptor"
        },
        {
          "corpus_id": "sep",
          "title": "sep",
          "url": null,
          "score": 0.0,
          "snippet": "The text examines whether proper names possess intrinsic meanings or if their reference is determined by use, historical chains of attribution, and cognitive significance. It contrasts...",
          "source": "raptor"
        },
        {
          "corpus_id": "sep",
          "title": "sep",
          "url": null,
          "score": 0.0,
          "snippet": "The passages argue that rigid designators establish necessary truths about identity and essence across possible worlds, distinguishing this concept from descriptivism and counterpart theory. This...",
          "source": "raptor"
        },
        {
          "corpus_id": "sep",
          "title": "names",
          "url": "https://plato.stanford.edu/entries/names/",
          "score": 0.0,
          "snippet": "[Atlas highlights]\nArgument: Identification-Does-not-Constitute-Meaning Argument [from names]\n  P1. Identifying descriptions may explain the cognitive significance of coreferring names.\n  P2...."
        },
        {
          "corpus_id": "sep",
          "title": "names",
          "url": "https://plato.stanford.edu/entries/names/",
          "score": 0.0,
          "snippet": "[Atlas highlights]\nArgument: Homonymy Argument for Proper Names [from names]\n  P1. The same syntactic item (e.g., 'Alice') can refer to many different people.\n  P2. Each may be allocated its own..."
        },
        {
          "corpus_id": "sep",
          "title": "names",
          "url": "https://plato.stanford.edu/entries/names/",
          "score": 0.0,
          "snippet": "[Atlas highlights]\nArgument: Use Theory as Species of Cluster Theory [from names]\n  P1. A use theory specifies a set P of attributions constraining an utterance's reference and may include..."
        },
        {
          "corpus_id": "sep",
          "title": "reference",
          "url": "https://plato.stanford.edu/entries/reference/",
          "score": 0.0,
          "snippet": "[Atlas highlights]\nArgument: Objection against classical descriptivism regarding indexicals [from reference]\n  P1. According to the classical descriptivist, two speakers uttering 'I am hungry' assert..."
        },
        {
          "corpus_id": "sep",
          "title": "reference",
          "url": "https://plato.stanford.edu/entries/reference/",
          "score": 0.0,
          "snippet": "[Atlas highlights]\n[Keith Donnellan (reference)]: \"On Donnellan’s telling, this is irrelevant; the token description ‘the man drinking the martini’ can refer to this man in our visual field..."
        },
        {
          "corpus_id": "sep",
          "title": "theoretical-terms-science",
          "url": "https://plato.stanford.edu/entries/theoretical-terms-science/",
          "score": 0.0,
          "snippet": "theoretical-terms-science\n\nAs is well known, Kripke (1980) set forth a causal-historical account of reference as an alternative to the descriptivist picture. This account begins with an initial..."
        },
        {
          "corpus_id": "sep",
          "title": "information",
          "url": "https://plato.stanford.edu/entries/information/",
          "score": 0.0,
          "snippet": "information\n\ni.e., if the king of France does not exist it cannot be true that I am looking for him, which is unsatisfactory. Kripke (1971) criticized Russell’s solution and proposed his so-called..."
        },
        {
          "corpus_id": "sep",
          "title": "realism-theory-change",
          "url": "https://plato.stanford.edu/entries/realism-theory-change/",
          "score": 0.0,
          "snippet": "realism-theory-change\n\nAn answer to this ‘disastrous’ history-fed argument was the development of a causal theory of reference, which allows for referential continuity in theory-change. This..."
        },
        {
          "corpus_id": "sep",
          "title": "descriptions",
          "url": "https://plato.stanford.edu/entries/descriptions/",
          "score": 0.0,
          "snippet": "descriptions\n\nKripke’s positive proposal—suggestion really—was that names are associated with a causal chain; there is an initial baptism of an individual (e.g., Albert Einstein as ‘Albert..."
        },
        {
          "corpus_id": "sep",
          "title": "meaning",
          "url": "https://plato.stanford.edu/entries/meaning/",
          "score": 0.0,
          "snippet": "meaning\n\nIn Naming and Necessity, Kripke suggested that the reference of a name could be explained in terms of the history of use of that name, rather than by descriptions associated with that name..."
        },
        {
          "corpus_id": "sep",
          "title": "self-reference",
          "url": "https://plato.stanford.edu/entries/self-reference/",
          "score": 0.0,
          "snippet": "self-reference\n\nFor a more extensive discussion of Kripke’s theory, its successors and rivals, see the entry on  the liar paradox."
        },
        {
          "corpus_id": "sep",
          "title": "thomas-kuhn",
          "url": "https://plato.stanford.edu/entries/thomas-kuhn/",
          "score": 0.0,
          "snippet": "thomas-kuhn\n\nWhile this referentialist response to the incommensurability thesis was initially framed in Fregean terms (Scheffler 1967), it received further impetus from the work of Kripke (1980) and..."
        },
        {
          "corpus_id": "sep",
          "title": "prop-attitude-reports",
          "url": "https://plato.stanford.edu/entries/prop-attitude-reports/",
          "score": 0.0,
          "snippet": "prop-attitude-reports\n\nIn his 1980 (originally presented as a series of lectures in 1970) Saul Kripke argued that the reference of a name is not determined by identifying descriptions a speaker..."
        },
        {
          "corpus_id": "sep",
          "title": "social-construction-naturalistic",
          "url": "https://plato.stanford.edu/entries/social-construction-naturalistic/",
          "score": 0.0,
          "snippet": "social-construction-naturalistic\n\nThere is a different model of necessity for the constructionist, however, which is to hold that the necessity in question is revealed a posteriori by our..."
        },
        {
          "corpus_id": "sep",
          "title": "gene",
          "url": "https://plato.stanford.edu/entries/gene/",
          "score": 0.0,
          "snippet": "gene\n\nAbout the time when philosophers of science turned to biology, a new theory of meaning was widely discussed—the causal theory of reference (Kripke 1972; Putnam 1975; see entries on  reference..."
        },
        {
          "corpus_id": "sep",
          "title": "word-meaning",
          "url": "https://plato.stanford.edu/entries/word-meaning/",
          "score": 0.0,
          "snippet": "word-meaning\n\nSince the early 1970s, views on lexical meaning were revolutionized by semantic externalism. Initially, externalism was limited to proper names and natural kind words such as ‘gold’..."
        },
        {
          "corpus_id": "sep",
          "title": "natural-kinds",
          "url": "https://plato.stanford.edu/entries/natural-kinds/",
          "score": 0.0,
          "snippet": "natural-kinds\n\nTreating kinds as abstract individuals permits an analogue for natural kind terms to the natural story concerning the reference of singular proper names that emerges from Kripke’s..."
        },
        {
          "corpus_id": "sep",
          "title": "rigid-designators",
          "url": "https://plato.stanford.edu/entries/rigid-designators/",
          "score": 0.0,
          "snippet": "rigid-designators\n\nAnother theory of reference that was named about the time ‘rigid designator’ was coined, and that is widely associated with rigid designation, is the causal theory of..."
        },
        {
          "corpus_id": "sep",
          "title": "definitions",
          "url": "https://plato.stanford.edu/entries/definitions/",
          "score": 0.0,
          "snippet": "definitions\n\nis necessary. A name such as ‘Jack the Ripper’, Kripke argued, is rigid: it picks out the same individual across possible worlds; the description, on the other hand, is non-rigid...."
        },
        {
          "corpus_id": "sep",
          "title": "concepts",
          "url": "https://plato.stanford.edu/entries/concepts/",
          "score": 0.0,
          "snippet": "concepts\n\nConceptual atomism follows in the anti-descriptivist tradition that traces back to Saul Kripke, Hilary Putnam, and others working in the philosophy of language (see Kripke 1972/80, Putnam..."
        },
        {
          "corpus_id": "sep",
          "title": "names",
          "url": "https://plato.stanford.edu/entries/names/",
          "score": 0.0,
          "snippet": "names\n\nProper names are familiar expressions of natural language, whose semantics remains a contested subject. Do names have meanings, or do they simply refer to particular things without that..."
        },
        {
          "corpus_id": "sep",
          "title": "reference",
          "url": "https://plato.stanford.edu/entries/reference/",
          "score": 0.0,
          "snippet": "reference\n\nThe most popular option has been to pair a Millian semantics with a metasemantic picture adumbrated at roughly the same time by Peter Geach (1969), Keith Donnellan (1970), and the..."
        },
        {
          "corpus_id": "sep",
          "title": "reference",
          "url": "https://plato.stanford.edu/entries/reference/",
          "score": 0.0,
          "snippet": "reference\n\nAs Kripke points out, complications arise due to the fact that we can apparently re-use names. So, I may have come across the name ‘Napoleon’ via a chain of use leading back to the..."
        },
        {
          "corpus_id": "sep",
          "title": "theoretical-terms-science",
          "url": "https://plato.stanford.edu/entries/theoretical-terms-science/",
          "score": 0.0,
          "snippet": "theoretical-terms-science\n\nThis account has two particular merits. First, it is much closer to the way scientists understand and use theoretical terms than purely causal accounts. Because of this, it..."
        },
        {
          "corpus_id": "sep",
          "title": "theoretical-terms-science",
          "url": "https://plato.stanford.edu/entries/theoretical-terms-science/",
          "score": 0.0,
          "snippet": "theoretical-terms-science\n\nThe Pythagorean view shifts the problem of theoretical terms to the theory of meaning and reference for mathematical expressions. The question of how we are able to refer..."
        },
        {
          "corpus_id": "sep",
          "title": "theoretical-terms-science",
          "url": "https://plato.stanford.edu/entries/theoretical-terms-science/",
          "score": 0.0,
          "snippet": "theoretical-terms-science\n\nNow, there are three major accounts of reference and meaning that have been used, implicitly or explicitly, for the semantics of theoretical terms: (i) the descriptivist..."
        },
        {
          "corpus_id": "sep",
          "title": "information",
          "url": "https://plato.stanford.edu/entries/information/",
          "score": 0.0,
          "snippet": "information\n\nThe same people would probably have no problems with the statement that “Secret services sometimes distribute false information”, or with the sentence “The information provided by..."
        },
        {
          "corpus_id": "sep",
          "title": "information",
          "url": "https://plato.stanford.edu/entries/information/",
          "score": 0.0,
          "snippet": "information\n\nThe empiricists methodology is not without problems. The biggest issue is that all knowledge becomes probabilistic and a posteriori. Immanuel Kant (1724–1804) was one of the first to..."
        },
        {
          "corpus_id": "sep",
          "title": "information",
          "url": "https://plato.stanford.edu/entries/information/",
          "score": 0.0,
          "snippet": "information\n\nPhilosophy of Information deals with the philosophical analysis of the notion of information both from a historical and a systematic perspective. With the emergence of the empiricist..."
        }
      ],
      "source_score": {
        "matched": [
          "rigid-designators",
          "reference",
          "descriptions"
        ],
        "missing": [],
        "total_expected": 3,
        "ratio": 1.0
      },
      "fact_score": {
        "matched": [
          "causal-historical",
          "Kripke",
          "rigid designator",
          "initial baptism",
          "reference borrowing"
        ],
        "missing": [
          "qua-problem",
          "descriptivism"
        ],
        "total_expected": 7,
        "ratio": 0.71428573
      },
      "embed_ms": 0,
      "search_ms": 0,
      "corpora_hit": [
        "sep"
      ],
      "vector_eligible": true,
      "synth": {
        "answer": "Saul Kripke’s causal-historical theory of reference, primarily articulated in *Naming and Necessity* (1980), posits that the reference of a proper name is not determined by identifying descriptions associated with it by speakers, but rather by an objective historical chain linking current uses to an original act of naming.\n\n### 1. The Core Mechanism: Baptism and Transmission\nThe standard case for how names refer involves two distinct stages [Source: meaning]:\n\n**Initial Baptism:** Reference is fixed via an \"inaugurating stipulation\" or dubbing event where a language user gives a name to an object, often through ostension (pointing) while perceiving the target [Source: reference]. Kripke describes this as saying something like, “You’re to be called ‘N’” [Source: reference]. This initial act establishes the name’s reference without requiring the speaker to possess any specific descriptive knowledge of the object; descriptions may fix the reference initially but do not constitute the *meaning* of the name [Source: names], [Source: rigid-designators]. The name becomes a **rigid designator**, picking out the same individual across all possible worlds regardless of whether that individual satisfies the associated descriptions [Source: definitions], [Source: information].\n\n**Causal-Historical Transmission:** Once baptized, the name is passed from speaker to speaker through communicative exchanges. Subsequent speakers \"borrow\" their reference from those earlier in the chain [Source: reference]. To successfully refer using the name, a speaker need only intend to use it with the same reference as the person they acquired it from; they do not need to know who the original bearer was or possess accurate identifying descriptions (e.g., knowing Aristotle’s life details) [Source: word-meaning], [Source: gene]. The link between the current user and the object is constituted by this historical chain of communication stretching back to the initial dubbing [Source: word-meaning], [Source: natural-kinds].\n\n### 2. Handling Uncertain Initial Baptisms\nKripke acknowledges that complications arise because names can be re-used or introduced in ways that are not straightforward baptisms of a single individual. His theory handles uncertainty through **speaker intention** and the distinction between relevant causal connections and irrelevant ones.\n\n*   **Re-use and New Introductions:** If a speaker encounters an existing name (e.g., 'Napoleon') but decides to apply it to a new entity (e.g., their cat), Kripke argues this introduces a *new use* or even a new specific name, governed by the speaker’s intent [Source: reference]. The fact that the user inherited the word form from history is insufficient; what matters is whether they intend to refer to the original historical figure or establish a new link [Source: reference].\n*   **Irrelevant Causal Connections:** Not every causal connection to previous use fixes reference. A detailed account of which connections are \"appropriate\" has proven difficult, but generally, only those links where speakers intend to preserve the reference established by their lenders count as part of the chain [Source: reference], [Source: names]. If a baptism is uncertain—meaning it is unclear if an initial dubbing actually occurred—the theory relies on identifying whether there exists a continuous chain of communicative intent linking current usage back to *some* original ostensive act.\n\n### 3. Handling Reference Shifts Over Time\nThe strict Kripkean picture makes **no allowance for reference change** within a single name’s history because each “change” in fact requires the institution of a new specific name with a new inaugural event [Source: names]. However, the passages note several nuances and extensions regarding how reference stability or shift is managed:\n\n*   **Rigidity vs. Theory Change:** While Kripke’s causal story ensures referential continuity across possible worlds (rigid designation), it also allows for referential continuity through radical scientific theory changes (e.g., from Newtonian to relativistic physics) [Source: thomas-kuhn], [Source: realism-theory-change]. This counters the \"disastrous\" history-fed argument that terms change meaning entirely when theories shift; instead, the term continues to refer to the same entity even if our descriptions of it change drastically [Source: thomas-kuhn].\n*   **Causal Descriptive Theories and Empty Terms:** Purely causal accounts struggle with empty theoretical terms (like 'caloric' or 'phlogiston') where no actual entity was baptized. To handle this—and potential reference shifts in science—hybrid **causal-descriptive theories** were developed (e.g., by Kroon 1985, Sankey 1994) which allow for a descriptive component alongside the causal chain [Source: thomas-kuhn], [Source: theoretical-terms-science]. These hybrids tackle problems of referential continuity when the initial \"baptism\" might have been based on false descriptions or non-existent entities [Source: thomas-kuhn].\n*   **Reference Borrowing and Experts:** In cases involving natural kinds or scientific terms, competent users may be radically mistaken about what the term refers to but still successfully refer because they rely on experts who stand in a suitable causal relation with the original naming event (e.g., identifying 'water' as H2O even if laypeople only associate it with wetness) [Source: social-construction-naturalistic], [Source: gene]. This ensures that reference remains stable despite shifts in popular descriptive understanding.\n\n### Summary of Limitations\nKripke’s account is often criticized for not fully explaining *meaning*—only fixing reference—and for struggling with empty names or negative existentials, issues Kripke himself admitted he did not solve in his initial lectures [Source: theoretical-terms-science], [Source: prop-attitude-reports]. Furthermore, while the causal chain explains how we refer to Aristotle, it does not explain why \"Aristotle was a great warrior\" has cognitive significance distinct from [unverified excerpt: The teacher of Alexander was a great warrior,] a problem known as Frege’s puzzle which Kripke argued stems from pragmatic context rather than name semantics [Source: prop-attitude-reports], [Source: names].\n\nWant me to search for more specific details on how modern philosophers resolve the \"empty name\" problem within this framework?",
        "reasoning_chars": 0,
        "stream_wall_ms": 82003,
        "total_latency_ms": 77462,
        "intent": "DeepQuery",
        "source_origins": [
          "sep"
        ],
        "retrieved_chunk_count": 37,
        "chunks_fact_score": {
          "matched": [
            "causal-historical",
            "Kripke",
            "rigid designator",
            "initial baptism",
            "descriptivism"
          ],
          "missing": [
            "reference borrowing",
            "qua-problem"
          ],
          "total_expected": 7,
          "ratio": 0.71428573
        },
        "judge_fact_score": {
          "matched": [
            "causal-historical",
            "Kripke",
            "rigid designator",
            "initial baptism",
            "reference borrowing",
            "descriptivism"
          ],
          "missing": [
            "qua-problem"
          ],
          "total_expected": 7,
          "ratio": 0.85714287
        },
        "judge_evidence": [
          {
            "fact": "causal-historical",
            "present": true,
            "evidence": "\"Saul Kripke's causal-historical theory of reference... posits that the reference of a proper name is not determined by identifying descriptions associated with it by speakers, but rather by an objective historical chain linking current uses to an original act of naming.\""
          },
          {
            "fact": "Kripke",
            "present": true,
            "evidence": "\"Saul Kripke's causal-historical theory of reference, primarily articulated in Naming and Necessity (1980)..."
          },
          {
            "fact": "rigid designator",
            "present": true,
            "evidence": "\"The name becomes a rigid designator, picking out the same individual across all possible worlds regardless of whether that individual satisfies the associated descriptions\""
          },
          {
            "fact": "initial baptism",
            "present": true,
            "evidence": "\"Initial Baptism: Reference is fixed via an 'inaugurating stipulation' or dubbing event where a language user gives a name to an object...\""
          },
          {
            "fact": "reference borrowing",
            "present": true,
            "evidence": "\"Subsequent speakers 'borrow' their reference from those earlier in the chain\""
          },
          {
            "fact": "qua-problem",
            "present": false,
            "evidence": "(absent)"
          },
          {
            "fact": "descriptivism",
            "present": true,
            "evidence": "hybrid causal-descriptive theories were developed... which allow for a descriptive component alongside the causal chain"
          }
        ]
      }
    },
    {
      "question_id": "dialectical_putnam_twin_earth_meaning",
      "category": "dialectical",
      "question": "What is Putnam's twin earth thought experiment, and what does the\nslogan 'meanings just ain't in the head' commit one to about the\nlocation of mental content?\n",
      "retrieved": [
        {
          "corpus_id": "sep",
          "title": "sep",
          "url": null,
          "score": 0.0,
          "snippet": "The text argues that narrow mental content is determined solely by an individual's intrinsic properties, distinct from broad content which depends on external factors like the environment. Using...",
          "source": "raptor"
        },
        {
          "corpus_id": "sep",
          "title": "sep",
          "url": null,
          "score": 0.0,
          "snippet": "The passages explore the philosophical concept of narrow content, contrasting it with broad content through thought experiments like Putnam's Twin Earth and Fodor's mapping conception. Narrow content...",
          "source": "raptor"
        },
        {
          "corpus_id": "sep",
          "title": "sep",
          "url": null,
          "score": 0.0,
          "snippet": "The passages advance the claim that phenomenal intentionality is necessary to explain aspects of mental content, such as aspectual shapes and determinacy, which cannot be fully accounted for by...",
          "source": "raptor"
        },
        {
          "corpus_id": "sep",
          "title": "sep",
          "url": null,
          "score": 0.0,
          "snippet": "The passages examine the philosophical debate between narrow mental content, defined by intrinsic properties independent of environment, and broad externalist views advanced by Hilary Putnam and...",
          "source": "raptor"
        },
        {
          "corpus_id": "sep",
          "title": "sep",
          "url": null,
          "score": 0.0,
          "snippet": "Hilary Putnam argues that the statement 'I am a brain in a vat' is self-refuting because its truth conditions depend on external causal connections to real brains and vats, which do not exist for an...",
          "source": "raptor"
        },
        {
          "corpus_id": "sep",
          "title": "sep",
          "url": null,
          "score": 0.0,
          "snippet": "Content externalism posits that mental content depends on individuation factors outside the individual, a view historically contextualized by figures like Sartre and Wittgenstein but most famously...",
          "source": "raptor"
        },
        {
          "corpus_id": "sep",
          "title": "sep",
          "url": null,
          "score": 0.0,
          "snippet": "Burge utilizes the arthritis example to illustrate how an individual can possess a concept despite holding false beliefs about its specific application, such as locating it in non-joint areas. This...",
          "source": "raptor"
        },
        {
          "corpus_id": "sep",
          "title": "sep",
          "url": null,
          "score": 0.0,
          "snippet": "The text introduces the Moral Twin Earth Objection by drawing an analogy to Hilary Putnam's causal regulation semantics regarding natural kinds like water. It highlights the distinction between...",
          "source": "raptor"
        },
        {
          "corpus_id": "sep",
          "title": "content-narrow",
          "url": "https://plato.stanford.edu/entries/content-narrow/",
          "score": 0.0,
          "snippet": "[Atlas highlights]\nArgument: Twin Earth argument (linguistic) [from content-narrow]\n  P1. Oscar on Earth and Twin Oscar are exact duplicates with identical intrinsic properties.\n  P2. On Earth,..."
        },
        {
          "corpus_id": "sep",
          "title": "computational-mind",
          "url": "https://plato.stanford.edu/entries/computational-mind/",
          "score": 0.0,
          "snippet": "[Atlas highlights]\nDefining Narrow Content (computational-mind): \"Narrow content is what remains of mental content when one factors out all external elements.\"\n\ncomputational-mind\n\nA second criticism..."
        },
        {
          "corpus_id": "sep",
          "title": "content-externalism",
          "url": "https://plato.stanford.edu/entries/content-externalism/",
          "score": 0.0,
          "snippet": "[Atlas highlights]\nDefining Twin Earth (content-externalism): \"Imagine a planet, a twin earth. First, it duplicates earth in almost every respect... Second, the only difference between earth and twin..."
        },
        {
          "corpus_id": "sep",
          "title": "self-knowledge-externalism",
          "url": "https://plato.stanford.edu/entries/self-knowledge-externalism/",
          "score": 0.0,
          "snippet": "self-knowledge-externalism\n\nexternalism about the mind |  introspection |  self-knowledge |  skepticism: and content externalism"
        },
        {
          "corpus_id": "sep",
          "title": "content-externalism",
          "url": "https://plato.stanford.edu/entries/content-externalism/",
          "score": 0.0,
          "snippet": "[Atlas highlights]\nDefining narrow content (content-externalism): \"There is, some have argued, another type of content—narrow content—that is immune to these kinds of..."
        },
        {
          "corpus_id": "sep",
          "title": "naturalism-moral",
          "url": "https://plato.stanford.edu/entries/naturalism-moral/",
          "score": 0.0,
          "snippet": "[Atlas highlights]\nArgument: Moral Twin Earth Objection [from naturalism-moral]\n  P1. On causal reference theory, if different societies use moral terms regulated by different natural properties,..."
        },
        {
          "corpus_id": "sep",
          "title": "epiphenomenalism",
          "url": "https://plato.stanford.edu/entries/epiphenomenalism/",
          "score": 0.0,
          "snippet": "epiphenomenalism\n\n(1) Many philosophers hold an externalist view of intentionality, according to which intentionality requires representation, and representation depends on circumstances external to..."
        },
        {
          "corpus_id": "sep",
          "title": "mental-representation",
          "url": "https://plato.stanford.edu/entries/mental-representation/",
          "score": 0.0,
          "snippet": "mental-representation\n\nThis issue is widely taken to be of central importance, since psychological explanation, whether commonsense or scientific, is supposed to be both causal and content-based...."
        },
        {
          "corpus_id": "sep",
          "title": "computational-mind",
          "url": "https://plato.stanford.edu/entries/computational-mind/",
          "score": 0.0,
          "snippet": "[Atlas highlights]\nDefining language of thought (computational-mind): \"thinking occurs in a language of thought (sometimes called Mentalese).\"\n\ncomputational-mind\n\nHilary Putnam (1967) introduced..."
        },
        {
          "corpus_id": "sep",
          "title": "consciousness-intentionality",
          "url": "https://plato.stanford.edu/entries/consciousness-intentionality/",
          "score": 0.0,
          "snippet": "[Atlas highlights]\nArgument: Externalism about mental content (Kripke/Putnam/Burge) [from consciousness-intentionality]\n  P1. The reference and truth conditions of expressions are not determined by..."
        },
        {
          "corpus_id": "sep",
          "title": "skepticism-content-externalism",
          "url": "https://plato.stanford.edu/entries/skepticism-content-externalism/",
          "score": 0.0,
          "snippet": "skepticism-content-externalism\n\nDescartes, René |  epistemic closure |  externalism about the mind |  skepticism"
        },
        {
          "corpus_id": "sep",
          "title": "content-narrow",
          "url": "https://plato.stanford.edu/entries/content-narrow/",
          "score": 0.0,
          "snippet": "content-narrow\n\nAmong the earliest and most influential arguments for broad content were Hilary Putnam’s arguments in such essays as “The Meaning of ‘Meaning’” (1975). Putnam’s arguments..."
        },
        {
          "corpus_id": "sep",
          "title": "content-nonconceptual",
          "url": "https://plato.stanford.edu/entries/content-nonconceptual/",
          "score": 0.0,
          "snippet": "content-nonconceptual\n\nBoth possible world semantics and Russellian accounts of content are considered to be coarse grained accounts of content (in contrast to the Fregean fine grained account of..."
        },
        {
          "corpus_id": "sep",
          "title": "mental-representation",
          "url": "https://plato.stanford.edu/entries/mental-representation/",
          "score": 0.0,
          "snippet": "mental-representation\n\nOn the most common versions of externalism, though intentional contents are externally determined, mental representations themselves, and the states they partly constitute,..."
        },
        {
          "corpus_id": "sep",
          "title": "thought-experiment",
          "url": "https://plato.stanford.edu/entries/thought-experiment/",
          "score": 0.0,
          "snippet": "thought-experiment\n\nNot included are the many specialized papers that discuss a particular thought experiment in its systematic contribution to the discussion of a particular issue (such as..."
        },
        {
          "corpus_id": "sep",
          "title": "content-causal",
          "url": "https://plato.stanford.edu/entries/content-causal/",
          "score": 0.0,
          "snippet": "content-causal\n\nThird, these theories assume that it is possible to explain the origin of underived content without appeal to other semantic or contentful notions. So, it is assumed that there is..."
        },
        {
          "corpus_id": "sep",
          "title": "meaning",
          "url": "https://plato.stanford.edu/entries/meaning/",
          "score": 0.0,
          "snippet": "meaning\n\nThe two sorts of mentalist theories sketched above both try to explain meaning in terms of the relationship between linguistic expressions and propositional attitudes of users of the..."
        },
        {
          "corpus_id": "sep",
          "title": "self-knowledge-externalism",
          "url": "https://plato.stanford.edu/entries/self-knowledge-externalism/",
          "score": 0.0,
          "snippet": "self-knowledge-externalism\n\nWhat this indicates is that Oscar is unable to discriminate from the armchair whether assertions using ‘water’ have a water content versus a twin water content. As..."
        },
        {
          "corpus_id": "sep",
          "title": "realism-sem-challenge",
          "url": "https://plato.stanford.edu/entries/realism-sem-challenge/",
          "score": 0.0,
          "snippet": "realism-sem-challenge\n\nHow does Putnam prove we can know we are not brains in a vat? To understand Putnam’s argument, we need to first recall the ‘Twin-Earth’ considerations used to support..."
        },
        {
          "corpus_id": "sep",
          "title": "naturalism-moral",
          "url": "https://plato.stanford.edu/entries/naturalism-moral/",
          "score": 0.0,
          "snippet": "naturalism-moral\n\nImagine a world—Moral Twin Earth—that is exactly like the actual world, except on Moral Twin Earth, people’s use of moral terminology is causally regulated by different..."
        },
        {
          "corpus_id": "sep",
          "title": "content-narrow",
          "url": "https://plato.stanford.edu/entries/content-narrow/",
          "score": 0.0,
          "snippet": "content-narrow\n\nThe idea that mental content is broad is the idea that it is not determined entirely by an individual’s intrinsic properties, but is determined in part by features of the..."
        },
        {
          "corpus_id": "sep",
          "title": "content-narrow",
          "url": "https://plato.stanford.edu/entries/content-narrow/",
          "score": 0.0,
          "snippet": "content-narrow\n\nSince Oscar and Twin Oscar have exactly the same intrinsic properties, yet refer to different substances when they use their ‘water’-words, their intrinsic properties cannot..."
        },
        {
          "corpus_id": "sep",
          "title": "content-externalism",
          "url": "https://plato.stanford.edu/entries/content-externalism/",
          "score": 0.0,
          "snippet": "content-externalism\n\nDespite its seemingly outlandish nature, this twin earth thought experiment is just a way of making graphic a simple point. You and your twin are, as a matter of stipulation,..."
        },
        {
          "corpus_id": "sep",
          "title": "content-externalism",
          "url": "https://plato.stanford.edu/entries/content-externalism/",
          "score": 0.0,
          "snippet": "content-externalism\n\nDespite some initially over-exuberant formulations of Putnam (1975)—of the “Cut the pie any way you like, meaning just ain’t in the head”, variety—the correct..."
        },
        {
          "corpus_id": "sep",
          "title": "computational-mind",
          "url": "https://plato.stanford.edu/entries/computational-mind/",
          "score": 0.0,
          "snippet": "computational-mind\n\nAn old view, stretching back at least to William of Ockham’s Summa Logicae, holds that thinking occurs in a language of thought (sometimes called Mentalese). Fodor revives this..."
        },
        {
          "corpus_id": "sep",
          "title": "computational-mind",
          "url": "https://plato.stanford.edu/entries/computational-mind/",
          "score": 0.0,
          "snippet": "computational-mind\n\nRapid progress in computer science prompted many, including Turing, to contemplate whether we could build a computer capable of thought.  Artificial Intelligence (AI) aims to..."
        },
        {
          "corpus_id": "sep",
          "title": "naturalism-moral",
          "url": "https://plato.stanford.edu/entries/naturalism-moral/",
          "score": 0.0,
          "snippet": "naturalism-moral\n\nThis move might promise to account for much of the intuitive appeal of internalism while remaining fundamentally naturalistic. That would leave in place worries about the..."
        },
        {
          "corpus_id": "sep",
          "title": "naturalism-moral",
          "url": "https://plato.stanford.edu/entries/naturalism-moral/",
          "score": 0.0,
          "snippet": "naturalism-moral\n\nWhile the term ‘moral naturalism’ has a number of different meanings, it is most frequently used to describe naturalistic versions of moral realism. Moral realists hold that..."
        }
      ],
      "source_score": {
        "matched": [
          "content-externalism",
          "content-narrow"
        ],
        "missing": [
          "natural-kinds"
        ],
        "total_expected": 3,
        "ratio": 0.6666667
      },
      "fact_score": {
        "matched": [
          "twin earth",
          "Putnam",
          "XYZ",
          "water",
          "meanings just ain't in the head",
          "semantic externalism"
        ],
        "missing": [
          "wide content"
        ],
        "total_expected": 7,
        "ratio": 0.85714287
      },
      "embed_ms": 0,
      "search_ms": 0,
      "corpora_hit": [
        "sep"
      ],
      "vector_eligible": true,
      "synth": {
        "answer": "Hilary Putnam’s Twin Earth thought experiment is designed to demonstrate that the meaning of a term—and by extension, mental content—is not determined solely by an individual's internal state. The scenario posits two identical planets: Earth and \"Twin Earth.\" On Earth (specifically around 1750), water has the chemical composition H2O. On Twin Earth, there exists a molecule-for-molecule duplicate of every inhabitant on Earth, including an exact duplicate named Oscar. However, while everything else is identical, the substance in the oceans and rivers of Twin Earth looks, tastes, and functions exactly like water but consists of XYZ—a different molecular structure entirely [Source: content-externalism].\n\nWhen both Oskars look at their respective liquids and say \"water,\" they are using words that sound and feel identical to them internally. Yet, because reference depends on external factors—on what the liquid actually *is* rather than just how it appears—the term 'water' refers to H2O for Earth-Oscar and to XYZ for Twin-Earth-Oscar [Source: content-narrow; Source: content-externalism]. Because Oscar and his twin have identical intrinsic properties (everything inside their heads is qualitatively the same) yet refer to different substances, Putnam concludes that internal states alone cannot determine meaning or mental content [Source: content-narrow].\n\nThe slogan **\"meanings just ain't in the head\"** commits one to **semantic externalism** regarding the location of mental content. Specifically, it establishes that mental contents are \"broad\" rather than \"narrow.\" A narrow content would be completely determined by an individual's intrinsic properties; a broad content depends on features of the environment as well [Source: content-narrow]. Therefore, if meanings are not in the head, then at least some aspects of what we think about (our beliefs and thoughts) depend on our causal interaction with the physical world and our linguistic community [Source: consciousness-intentionality].\n\nHowever, this commitment does *not* necessarily mean that the mental states themselves are physically located outside the skull. As noted regarding Davidson’s critique using the analogy of sunburn: just because something is externally individuated (its identity relies on external factors), it does not mean it is externally located [Source: content-externalism]. Thus, \"meanings ain't in the head\" means that **what** a thought refers to or its truth conditions are fixed by external facts; but the psychological state itself remains situated within the individual's biological boundaries [Source: content-externalism].\n\n---\n*Verification note: these statements could not be confirmed against your sources — treat them as unverified:*\n- meanings just ain't in the head",
        "reasoning_chars": 0,
        "stream_wall_ms": 52262,
        "total_latency_ms": 47472,
        "intent": "DeepQuery",
        "source_origins": [
          "sep"
        ],
        "retrieved_chunk_count": 36,
        "chunks_fact_score": {
          "matched": [
            "twin earth",
            "Putnam",
            "water",
            "meanings just ain't in the head",
            "semantic externalism",
            "wide content"
          ],
          "missing": [
            "XYZ"
          ],
          "total_expected": 7,
          "ratio": 0.85714287
        },
        "judge_fact_score": {
          "matched": [
            "twin earth",
            "Putnam",
            "XYZ",
            "water",
            "meanings just ain't in the head",
            "semantic externalism",
            "wide content"
          ],
          "missing": [],
          "total_expected": 7,
          "ratio": 1.0
        },
        "judge_evidence": [
          {
            "fact": "twin earth",
            "present": true,
            "evidence": "\"Hilary Putnam's Twin Earth thought experiment is designed to demonstrate that the meaning of a term...\""
          },
          {
            "fact": "Putnam",
            "present": true,
            "evidence": "\"Hilary Putnam's Twin Earth thought experiment is designed to demonstrate that the meaning of a term...\""
          },
          {
            "fact": "XYZ",
            "present": true,
            "evidence": "\"However, while everything else is identical, the substance in the oceans and rivers of Twin Earth looks, tastes, and functions exactly like water but consists of XYZ—a different molecular structure entirely\""
          },
          {
            "fact": "water",
            "present": true,
            "evidence": "\"On Earth (specifically around 1750), water has the chemical composition H2O.\""
          },
          {
            "fact": "meanings just ain't in the head",
            "present": true,
            "evidence": "\"The slogan 'meanings just ain't in the head' commits one to semantic externalism regarding the location of mental content.\""
          },
          {
            "fact": "semantic externalism",
            "present": true,
            "evidence": "\"The slogan 'meanings just ain't in the head' commits one to semantic externalism regarding the location of mental content.\""
          },
          {
            "fact": "wide content",
            "present": true,
            "evidence": "\"Specifically, it establishes that mental contents are 'broad' rather than 'narrow.'\""
          }
        ]
      }
    },
    {
      "question_id": "argument_godel_incompleteness",
      "category": "argument_reconstruction",
      "question": "State Gödel's two incompleteness theorems and explain what philosophical\nlessons they have been taken to draw, separately, against logicism and\nagainst Hilbert's program.\n",
      "retrieved": [
        {
          "corpus_id": "sep",
          "title": "sep",
          "url": null,
          "score": 0.0,
          "snippet": "Gödel's incompleteness theorems establish fundamental limits on provability in formal axiomatic systems, demonstrating that sufficiently complex theories cannot be both complete and consistent. This...",
          "source": "raptor"
        },
        {
          "corpus_id": "sep",
          "title": "sep",
          "url": null,
          "score": 0.0,
          "snippet": "Gödel's incompleteness theorems demonstrate fundamental limits on provability within formal axiomatic theories, significantly impacting modern logic and the philosophy of mathematics. These results...",
          "source": "raptor"
        },
        {
          "corpus_id": "sep",
          "title": "sep",
          "url": null,
          "score": 0.0,
          "snippet": "The incompleteness theorems and related undecidability results were independently established by Gödel, Church, and Turing through distinct definitions of computable functions. These foundational...",
          "source": "raptor"
        },
        {
          "corpus_id": "sep",
          "title": "sep",
          "url": null,
          "score": 0.0,
          "snippet": "Kurt Gödel advanced foundational results in logic and set theory, notably the incompleteness theorems which refuted Hilbert's program. He supported these mathematical achievements with philosophical...",
          "source": "raptor"
        },
        {
          "corpus_id": "sep",
          "title": "sep",
          "url": null,
          "score": 0.0,
          "snippet": "Gödel's incompleteness theorems, which demonstrate that truth is undefinable within formal systems and challenge Hilbert’s program, were met with mixed reception ranging from quick assimilation to...",
          "source": "raptor"
        },
        {
          "corpus_id": "sep",
          "title": "sep",
          "url": null,
          "score": 0.0,
          "snippet": "Gödel's incompleteness theorems demonstrate that any consistent formal system capable of expressing elementary arithmetic is inherently incomplete and cannot prove its own consistency. These...",
          "source": "raptor"
        },
        {
          "corpus_id": "sep",
          "title": "sep",
          "url": null,
          "score": 0.0,
          "snippet": "Gödel's incompleteness theorems demonstrate that any sufficiently strong, consistent axiomatic system like P contains undecidable sentences constructed via arithmetization of syntax and the Diagonal...",
          "source": "raptor"
        },
        {
          "corpus_id": "sep",
          "title": "sep",
          "url": null,
          "score": 0.0,
          "snippet": "Hilbert's Program sought to secure mathematics by providing finitary consistency proofs for formal systems, but Gödel’s incompleteness theorems demonstrated that such a proof is impossible within...",
          "source": "raptor"
        },
        {
          "corpus_id": "sep",
          "title": "hilbert-program",
          "url": "https://plato.stanford.edu/entries/hilbert-program/",
          "score": 0.0,
          "snippet": "[Atlas highlights]\nDefining Hilbert's Program (hilbert-program): \"It calls for a formalization of all of mathematics in axiomatic form, together with a proof that this axiomatization of mathematics..."
        },
        {
          "corpus_id": "sep",
          "title": "goedel",
          "url": "https://plato.stanford.edu/entries/goedel/",
          "score": 0.0,
          "snippet": "[Atlas highlights]\nDefining Incompleteness Theorems (goedel): \"The First Incompleteness Theorem provides a counterexample to completeness by exhibiti ng an arithmetic statement which is n either..."
        },
        {
          "corpus_id": "sep",
          "title": "computability",
          "url": "https://plato.stanford.edu/entries/computability/",
          "score": 0.0,
          "snippet": "[Atlas highlights]\n[Kurt Gödel (computability)]: \"the set of valid formulas first-order logic is recursively enumerabl (r.e.).\"\nDefining Incompleteness Theorem (computability): \"there is no complete..."
        },
        {
          "corpus_id": "sep",
          "title": "proof-theory-development",
          "url": "https://plato.stanford.edu/entries/proof-theory-development/",
          "score": 0.0,
          "snippet": "[Atlas highlights]\n[Gödel (proof-theory-development)]: \"Godel proved the impossibility of a complete formaliZation of elementary arithmetic\"\n[Gentzen (proof-theory-development)]: \"actual proofs are..."
        },
        {
          "corpus_id": "sep",
          "title": "weyl",
          "url": "https://plato.stanford.edu/entries/weyl/",
          "score": 0.0,
          "snippet": "[Atlas highlights]\n[Hilbert (weyl)]: \"Hilbert’s view seems accordingly to have been that the formal soundness of mathematics issues ultimately, not from a logical source, but from a concrete..."
        },
        {
          "corpus_id": "sep",
          "title": "logic-intuitionistic",
          "url": "https://plato.stanford.edu/entries/logic-intuitionistic/",
          "score": 0.0,
          "snippet": "[Atlas highlights]\nDefining Hilbert's formalist program (logic-intuitionistic): \"To justify classical mathematics by reducing it to formal system whose consistency should be established by finitistic..."
        },
        {
          "corpus_id": "sep",
          "title": "goedel-incompleteness",
          "url": "https://plato.stanford.edu/entries/goedel-incompleteness/",
          "score": 0.0,
          "snippet": "[Atlas highlights]\nArgument: Argument against logicism via incompleteness [from goedel-incompleteness]\n  P1. Logicism holds that mathematics can be reduced to logic (analytic truths).\n  P2. Gödel's..."
        },
        {
          "corpus_id": "sep",
          "title": "goedel",
          "url": "https://plato.stanford.edu/entries/goedel/",
          "score": 0.0,
          "snippet": "[Atlas highlights]\n[Kurt Gödel (goedel)]: \"The Con tinu um Hy pothesi s i s Gö del's exampl e o f a meanin gful questi on. The conce pt 'how many' lea ds 'unambi guousl y' t o a defi ni te meani..."
        },
        {
          "corpus_id": "sep",
          "title": "logic-paraconsistent",
          "url": "https://plato.stanford.edu/entries/logic-paraconsistent/",
          "score": 0.0,
          "snippet": "[Atlas highlights]\nArgument: Paraconsistent response to Gödel's Incompleteness Theorem [from logic-paraconsistent]\n  P1. Gödel’s first theorem states that for any consistent, sound axiomatic..."
        },
        {
          "corpus_id": "sep",
          "title": "recursive-functions",
          "url": "https://plato.stanford.edu/entries/recursive-functions/",
          "score": 0.0,
          "snippet": "[Atlas highlights]\nArgument: First Incompleteness Theorem Proof Sketch [from recursive-functions]\n  P1. System P is a fixed formal system with finitely many non-logical axioms sufficient for..."
        },
        {
          "corpus_id": "sep",
          "title": "logic-firstorder-emergence",
          "url": "https://plato.stanford.edu/entries/logic-firstorder-emergence/",
          "score": 0.0,
          "snippet": "logic-firstorder-emergence\n\nSo even if we imagine the philosophical Grundlagenkrise entirely removed from the picture, the technical results of the Hilbert school would not have been significantly..."
        },
        {
          "corpus_id": "sep",
          "title": "goedel-incompleteness",
          "url": "https://plato.stanford.edu/entries/goedel-incompleteness/",
          "score": 0.0,
          "snippet": "goedel-incompleteness\n\nOf the various fields of philosophy, Gödel’s theorems are obviously most immediately relevant for the philosophy of mathematics. To begin with, they pose, at least prima..."
        },
        {
          "corpus_id": "sep",
          "title": "hilbert-program",
          "url": "https://plato.stanford.edu/entries/hilbert-program/",
          "score": 0.0,
          "snippet": "hilbert-program\n\nGödel’s incompleteness theorems showed that Hilbert’s optimism was undue. In September 1930, Kurt Gödel announced his first incompleteness theorem at a conference in..."
        },
        {
          "corpus_id": "sep",
          "title": "philosophy-mathematics",
          "url": "https://plato.stanford.edu/entries/philosophy-mathematics/",
          "score": 0.0,
          "snippet": "philosophy-mathematics\n\nThen Kurt Gödel proved that there exist arithmetical statements that are undecidable in Peano Arithmetic (Gödel 1931). This has become known as his Gödel’s first..."
        },
        {
          "corpus_id": "sep",
          "title": "proof-theory",
          "url": "https://plato.stanford.edu/entries/proof-theory/",
          "score": 0.0,
          "snippet": "proof-theory\n\nIn 1931 Gödel published a paper (1931a) that showed that there are true arithmetic statements that cannot be proved in the formal system of Principia Mathematica, assuming PM to be..."
        },
        {
          "corpus_id": "sep",
          "title": "intuitionistic-logic-development",
          "url": "https://plato.stanford.edu/entries/intuitionistic-logic-development/",
          "score": 0.0,
          "snippet": "intuitionistic-logic-development\n\nGödel’s incompleteness theorems showed that Hilbert’s Program, in its most ambitious form, cannot succeed. Brouwer’s assistant Hurewicz discussed the..."
        },
        {
          "corpus_id": "sep",
          "title": "logic-intuitionistic",
          "url": "https://plato.stanford.edu/entries/logic-intuitionistic/",
          "score": 0.0,
          "snippet": "logic-intuitionistic\n\nGödel [1933e] interpreted these results as showing that intuitionistic logic and arithmetic are richer than classical logic and arithmetic, because the intuitionistic theory..."
        },
        {
          "corpus_id": "sep",
          "title": "proof-theory-development",
          "url": "https://plato.stanford.edu/entries/proof-theory-development/",
          "score": 0.0,
          "snippet": "proof-theory-development\n\nBoole, George |  computability and complexity |  epsilon calculus |  Frege, Gottlob |  Gödel, Kurt: incompleteness theorems |  Hilbert, David: program in the foundations of..."
        },
        {
          "corpus_id": "sep",
          "title": "weyl",
          "url": "https://plato.stanford.edu/entries/weyl/",
          "score": 0.0,
          "snippet": "weyl\n\nThe later impact of Gödel’s incompleteness theorems on Hilbert’s program led Weyl to remark in   1949:[32]"
        },
        {
          "corpus_id": "sep",
          "title": "computability",
          "url": "https://plato.stanford.edu/entries/computability/",
          "score": 0.0,
          "snippet": "computability\n\nIn his 1930 Ph.D. thesis, Gödel presented a complete axiomatization of first-order logic, based on the Principia Mathematica by Whitehead and Russell (Gödel 1930). Gödel proved his..."
        },
        {
          "corpus_id": "sep",
          "title": "hilbert-program",
          "url": "https://plato.stanford.edu/entries/hilbert-program/",
          "score": 0.0,
          "snippet": "hilbert-program\n\nIn the early 1920s, the German mathematician David Hilbert (1862–1943) put forward a new proposal for the foundation of classical mathematics which has come to be known as..."
        },
        {
          "corpus_id": "sep",
          "title": "hilbert-program",
          "url": "https://plato.stanford.edu/entries/hilbert-program/",
          "score": 0.0,
          "snippet": "hilbert-program\n\nHow do Gödel’s theorems impact Hilbert’s program? Through a careful (“Gödel”-) coding of sequences of symbols (formulas, proofs), Gödel showed that in theories \\(T\\) which..."
        },
        {
          "corpus_id": "sep",
          "title": "goedel",
          "url": "https://plato.stanford.edu/entries/goedel/",
          "score": 0.0,
          "snippet": "goedel\n\nGödel mentioned the possibility of the unsolvability of a question about the reals already in his 1929 thesis, in arguing against the formalist principle of Hilbert’s, that consistency is..."
        },
        {
          "corpus_id": "sep",
          "title": "goedel",
          "url": "https://plato.stanford.edu/entries/goedel/",
          "score": 0.0,
          "snippet": "goedel\n\nKurt Friedrich Gödel (b. 1906, d. 1978) was one of the principal founders of the modern, metamathematical era in mathematical logic. He is widely known for his Incompleteness Theorems, which..."
        },
        {
          "corpus_id": "sep",
          "title": "computability",
          "url": "https://plato.stanford.edu/entries/computability/",
          "score": 0.0,
          "snippet": "computability\n\nA mathematical problem is computable if it can be solved in principle by a computing device. Some common synonyms for “computable” are “solvable”, “decidable”, and..."
        },
        {
          "corpus_id": "sep",
          "title": "computability",
          "url": "https://plato.stanford.edu/entries/computability/",
          "score": 0.0,
          "snippet": "computability\n\nA year later, in 1931, Gödel shocked the mathematical world by proving his Incompleteness Theorem: there is no complete and computable axiomatization of the first-order theory of the..."
        },
        {
          "corpus_id": "sep",
          "title": "proof-theory-development",
          "url": "https://plato.stanford.edu/entries/proof-theory-development/",
          "score": 0.0,
          "snippet": "proof-theory-development\n\nIn pursuing his consistency program, Gentzen set as his first task the analysis of purely logical deduction, to be extended later to arithmetic and analysis. In his thesis..."
        },
        {
          "corpus_id": "sep",
          "title": "proof-theory-development",
          "url": "https://plato.stanford.edu/entries/proof-theory-development/",
          "score": 0.0,
          "snippet": "proof-theory-development\n\nThe development of   -->proof theory-->  can be naturally divided into: the prehistory of the notion of proof  in ancient logic and mathematics; the discovery by   Frege ..."
        }
      ],
      "source_score": {
        "matched": [
          "goedel-incompleteness",
          "goedel",
          "hilbert-program"
        ],
        "missing": [
          "frege-hilbert"
        ],
        "total_expected": 4,
        "ratio": 0.75
      },
      "fact_score": {
        "matched": [
          "first incompleteness",
          "second incompleteness",
          "Gödel",
          "Hilbert's program",
          "logicism",
          "consistency",
          "arithmetic"
        ],
        "missing": [
          "self-reference"
        ],
        "total_expected": 8,
        "ratio": 0.875
      },
      "embed_ms": 0,
      "search_ms": 0,
      "corpora_hit": [
        "sep"
      ],
      "vector_eligible": true,
      "synth": {
        "answer": "Based on the provided knowledge base, here are Gödel’s two incompleteness theorems and their philosophical implications for logicism and Hilbert's program.\n\n### 1. The Two Incompleteness Theorems\n\n**The First Incompleteness Theorem**\nThis theorem establishes that no consistent formal system capable of expressing elementary arithmetic is complete [Source: computability]. Specifically, it states that there exists an arithmetical statement (the \"Gödel sentence\") which is true in the standard model but neither provable nor refutable within the axiomatic system itself [Source: goedel; Source: proof-theory-development]. As formulated in the context of recursive functions, if a system $P$ is $\\omega$-consistent, there exists a formula $G_P$ such that $P \\nvdash G_P$ and $P \\nvdash \\neg G_P$, where $G_P$ essentially asserts its own unprovability ($G_P \\leftrightarrow \\neg Prov_P(G_P)$) [Source: recursive-functions].\n\n**The Second Incompleteness Theorem**\nThis theorem states that any consistent formal theory that allows for the development of basic parts of arithmetic cannot prove its own consistency [Source: proof-theory; Source: goedel-incompleteness]. If we let $Con_T$ represent the statement \"Theory $T$ is consistent\" (formalized as $\\forall x \\neg Pr(x, \\ulcorner 0 = 1\\urcorner)$), then if $T$ is consistent, $T \\nvdash Con_T$ [Source: hilbert-program]. Consequently, a finitary consistency proof for such a system cannot be carried out within the system itself [Source: hilbert-program].\n\n### 2. Philosophical Lessons Against Logicism and Hilbert's Program\n\nThe two theorems are taken to draw distinct philosophical conclusions against these two foundational programs of early twentieth-century mathematics.\n\n**Against Logicism**\nLogicism holds that mathematics can be reduced to logic, meaning all mathematical truths are analytic (derivable from self-evident logical steps) [Source: goedel-incompleteness]. The First Incompleteness Theorem is used as an argument against this view through the following reasoning:\n1. If all mathematical truths were analytic/derivable from self-evident logical steps within a formal system, they would be provable within that system [Source: goedel-incompleteness].\n2. Gödel's first theorem shows there exist true statements in arithmetic that cannot be proved within any consistent formal system containing elementary number theory [Source: goedel-incompleteness; Source: computability].\n3. Therefore, these true statements are not derivable purely logically; they represent synthetic truths or demonstrate that the theory of integers is demonstrably non-analytic [Source: goedel-incompleteness].\n\n**Against Hilbert’s Program**\nHilbert’s program sought to justify classical mathematics by providing a finitary consistency proof for all mathematical axioms using only \"finitary\" methods (concrete, constructive reasoning) [Source: hilbert-program; Source: logic-intuitionistic]. The Second Incompleteness Theorem refutes this ambition directly:\n1. Hilbert's goal was to prove the consistency of higher mathematics (such as analysis and set theory) using restricted finitary means [Source: weyl; Source: hilbert-program].\n2. However, any formal system strong enough to contain elementary arithmetic cannot prove its own consistency if it is consistent [Source: proof-theory].\n3. Since finitist mathematics is generally considered contained within these stronger systems (e.g., Peano Arithmetic), a finitary consistency proof for those systems would have to be expressible *within* them [Source: hilbert-program].\n4. Because the Second Incompleteness Theorem proves such an internal derivation of $Con_T$ is impossible, Hilbert's optimism that classical mathematics could be secured by this specific method was \"undue\" and his program failed in its most ambitious form [Source: intuitionistic-logic-development; Source: hilbert-program].\n\nI don't know if you need further details on how Gentzen or other logicians attempted to salvage parts of Hilbert's Program through relativized approaches.",
        "reasoning_chars": 0,
        "stream_wall_ms": 61371,
        "total_latency_ms": 56079,
        "intent": "DeepQuery",
        "source_origins": [
          "sep"
        ],
        "retrieved_chunk_count": 36,
        "chunks_fact_score": {
          "matched": [
            "first incompleteness",
            "Gödel",
            "Hilbert's program",
            "logicism",
            "consistency",
            "arithmetic"
          ],
          "missing": [
            "second incompleteness",
            "self-reference"
          ],
          "total_expected": 8,
          "ratio": 0.75
        },
        "judge_fact_score": {
          "matched": [
            "first incompleteness",
            "second incompleteness",
            "Gödel",
            "Hilbert's program",
            "logicism",
            "consistency",
            "arithmetic",
            "self-reference"
          ],
          "missing": [],
          "total_expected": 8,
          "ratio": 1.0
        },
        "judge_evidence": [
          {
            "fact": "first incompleteness",
            "present": true,
            "evidence": "**The First Incompleteness Theorem**\nThis theorem establishes that no consistent formal system capable of expressing elementary arithmetic is complete"
          },
          {
            "fact": "second incompleteness",
            "present": true,
            "evidence": "\"The Second Incompleteness Theorem states that any consistent formal theory... cannot prove its own consistency\""
          },
          {
            "fact": "Gödel",
            "present": true,
            "evidence": "\"Based on the provided knowledge base, here are Gödel's two incompleteness theorems...\""
          },
          {
            "fact": "Hilbert's program",
            "present": true,
            "evidence": "\"Hilbert's program sought to justify classical mathematics by providing a finitary consistency proof for all mathematical axioms using only 'finitary' methods\""
          },
          {
            "fact": "logicism",
            "present": true,
            "evidence": "\"Philosophical Lessons Against Logicism and Hilbert's Program\" ... \"Against Logicism: Logicism holds that mathematics can be reduced to logic...\""
          },
          {
            "fact": "consistency",
            "present": true,
            "evidence": "\"no consistent formal system capable of expressing elementary arithmetic is complete\""
          },
          {
            "fact": "arithmetic",
            "present": true,
            "evidence": "no consistent formal system capable of expressing elementary arithmetic is complete"
          },
          {
            "fact": "self-reference",
            "present": true,
            "evidence": "\"G_P essentially asserts its own unprovability\""
          }
        ]
      }
    },
    {
      "question_id": "argument_rawls_original_position",
      "category": "argument_reconstruction",
      "question": "Reconstruct Rawls's original-position argument for the two principles of\njustice, and explain Nozick's entitlement-theory objection that the\nargument illegitimately privileges patterned over historical\nconceptions of justice.\n",
      "retrieved": [
        {
          "corpus_id": "sep",
          "title": "original-position",
          "url": "https://plato.stanford.edu/entries/original-position/",
          "score": 0.0,
          "snippet": "original-position\n\nRawls makes four arguments in Theory, Part I for the principles of justice. The main argument for the difference principle is made later in section 49, and is substantially amended..."
        },
        {
          "corpus_id": "sep",
          "title": "nozick-political",
          "url": "https://plato.stanford.edu/entries/nozick-political/",
          "score": 0.0,
          "snippet": "nozick-political\n\nStill, by far the most philosophically important chapter of Part II is chapter 7, “Distributive Justice” in which Nozick seeks to counter the view that a more extensive state is..."
        },
        {
          "corpus_id": "sep",
          "title": "justice-distributive",
          "url": "https://plato.stanford.edu/entries/justice-distributive/",
          "score": 0.0,
          "snippet": "justice-distributive\n\nNozick does not make an attempt to provide a principle of rectification. The absence of such a principle is much worse for a historical theory than for a patterned theory. Past..."
        },
        {
          "corpus_id": "sep",
          "title": "rawls",
          "url": "https://plato.stanford.edu/entries/rawls/",
          "score": 0.0,
          "snippet": "rawls\n\nThe argument from the original position has two parts. In the first part, the parties agree to principles of justice. In the second part, the parties check that a society ordered by these..."
        },
        {
          "corpus_id": "sep",
          "title": "international-justice",
          "url": "https://plato.stanford.edu/entries/international-justice/",
          "score": 0.0,
          "snippet": "international-justice\n\nThe debate between libertarian and liberal theories of distributive justice is a long-standing one within analytic political philosophy; Robert Nozick’s Anarchy, State, and..."
        },
        {
          "corpus_id": "sep",
          "title": "rawls",
          "url": "https://plato.stanford.edu/entries/rawls/",
          "score": 0.0,
          "snippet": "[Atlas highlights]\n[John Rawls (rawls)]: \"\"The most stable conception of justice,\" Rawls says, \"is one that is perspicuous to our reason, congruent with our good...\"\"\n\nrawls\n\nGiven that the two..."
        },
        {
          "corpus_id": "sep",
          "title": "justice",
          "url": "https://plato.stanford.edu/entries/justice/",
          "score": 0.0,
          "snippet": "justice\n\nTheories of justice can then be distinguished according to the relative weight they attach to procedures and substantive outcomes. Some theories are purely procedural in form. Robert Nozick..."
        },
        {
          "corpus_id": "sep",
          "title": "justice-virtue",
          "url": "https://plato.stanford.edu/entries/justice-virtue/",
          "score": 0.0,
          "snippet": "justice-virtue\n\nRawls’s positive view of justice is concerned primarily with the justice of institutions or (what he calls) the “basic structure” of society: justice as an individual virtue is..."
        },
        {
          "corpus_id": "sep",
          "title": "contractarianism-contemporary",
          "url": "https://plato.stanford.edu/entries/contractarianism-contemporary/",
          "score": 0.0,
          "snippet": "contractarianism-contemporary\n\nRawls, along with Gauthier and Buchanan, was sometimes attracted to such a reading. Rawls (1999, 104) describes the argument from the original position as invoking..."
        },
        {
          "corpus_id": "sep",
          "title": "reflective-equilibrium",
          "url": "https://plato.stanford.edu/entries/reflective-equilibrium/",
          "score": 0.0,
          "snippet": "reflective-equilibrium\n\nRawls insists that the principles that emerge from the Original Position must fit with our considered judgments about justice in wide reflective equilibrium. This constraint..."
        },
        {
          "corpus_id": "sep",
          "title": "autonomy-moral",
          "url": "https://plato.stanford.edu/entries/autonomy-moral/",
          "score": 0.0,
          "snippet": "autonomy-moral\n\nBut it is the Kantian brand of liberalism that places autonomy of persons at center stage. Rawls’s Theory of Justice was seen as the contemporary manifestation of this Kantian..."
        },
        {
          "corpus_id": "sep",
          "title": "justice-bad-luck",
          "url": "https://plato.stanford.edu/entries/justice-bad-luck/",
          "score": 0.0,
          "snippet": "justice-bad-luck\n\nThere are two reasons for narrowing the focus in this way. First, some end-result principles have been defended on the basis of considerations about luck. Thus it is often suggested..."
        },
        {
          "corpus_id": "sep",
          "title": "nozick-political",
          "url": "https://plato.stanford.edu/entries/nozick-political/",
          "score": 0.0,
          "snippet": "nozick-political\n\nThis account of the political philosophy of Robert Nozick is fundamentally an account of the rights-oriented libertarian doctrine that Nozick presents in Anarchy, State, and Utopia...."
        },
        {
          "corpus_id": "sep",
          "title": "william-david-ross",
          "url": "https://plato.stanford.edu/entries/william-david-ross/",
          "score": 0.0,
          "snippet": "william-david-ross\n\nRoss has a further argument against Rawls. Rawls’s theory contains two principles of justice, lexically ordered. His first principle outlining a set of basic rights takes..."
        },
        {
          "corpus_id": "sep",
          "title": "liberalism",
          "url": "https://plato.stanford.edu/entries/liberalism/",
          "score": 0.0,
          "snippet": "liberalism\n\nThus, Robert Nozick (1974: 160ff) famously classifies Rawls’s difference principle as patterned but not historical: prescribing a distribution while putting no moral weight on who..."
        },
        {
          "corpus_id": "sep",
          "title": "religion-politics",
          "url": "https://plato.stanford.edu/entries/religion-politics/",
          "score": 0.0,
          "snippet": "religion-politics\n\nFirst, Rawls' own position about the relation between coercive law and religious reasons has shifted. In Political Liberalism, Rawls admits that at one point he inclined toward..."
        },
        {
          "corpus_id": "sep",
          "title": "envy",
          "url": "https://plato.stanford.edu/entries/envy/",
          "score": 0.0,
          "snippet": "envy\n\nIn constructing the “original position” from which deliberators select principles of justice in A Theory of Justice, Rawls assumes that the imagined deliberators are not motivated by..."
        },
        {
          "corpus_id": "sep",
          "title": "equality",
          "url": "https://plato.stanford.edu/entries/equality/",
          "score": 0.0,
          "snippet": "equality\n\nSince Rawls’ Theory of Justice is the classical focal point of present-day political philosophy, it is worth noting the different ways his theory claims to be egalitarian. First, Rawls..."
        },
        {
          "corpus_id": "sep",
          "title": "original-position",
          "url": "https://plato.stanford.edu/entries/original-position/",
          "score": 0.0,
          "snippet": "original-position\n\nRawls conjectures in Theory that the argument in the OP “aims eventually to be strictly deductive….a kind of moral geometry” (TJ 121/104–5; see also JF 17, 83). This is not..."
        },
        {
          "corpus_id": "sep",
          "title": "justice",
          "url": "https://plato.stanford.edu/entries/justice/",
          "score": 0.0,
          "snippet": "[Atlas highlights]\n[justice]: \"justice is entirely a matter of th e sequence of prior events that created it\"\n\njustice\n\nTheories of justice can then be distinguished according to the relative weight..."
        },
        {
          "corpus_id": "sep",
          "title": "rawls",
          "url": "https://plato.stanford.edu/entries/rawls/",
          "score": 0.0,
          "snippet": "rawls\n\nThe use of political power in a liberal society will be legitimate if it is employed in accordance with the principles of any liberal conception of justice. By Rawls’s criteria, a..."
        },
        {
          "corpus_id": "sep",
          "title": "rawls",
          "url": "https://plato.stanford.edu/entries/rawls/",
          "score": 0.0,
          "snippet": "rawls\n\nJustice as fairness is Rawls’s theory of justice for a liberal society. As a member of the family of liberal political conceptions of justice it provides a framework for the legitimate use..."
        },
        {
          "corpus_id": "sep",
          "title": "original-position",
          "url": "https://plato.stanford.edu/entries/original-position/",
          "score": 0.0,
          "snippet": "original-position\n\nThe original position is a central feature of John Rawls’s social contract account of justice, “justice as fairness,” set forth in A Theory of Justice (TJ). The original..."
        },
        {
          "corpus_id": "sep",
          "title": "original-position",
          "url": "https://plato.stanford.edu/entries/original-position/",
          "score": 0.0,
          "snippet": "original-position\n\nHistorically the idea of a social contract had a more limited role than Rawls assigns to it. In Hobbes and Locke the social contract serves as an argument for the legitimacy of..."
        },
        {
          "corpus_id": "sep",
          "title": "nozick-political",
          "url": "https://plato.stanford.edu/entries/nozick-political/",
          "score": 0.0,
          "snippet": "nozick-political\n\nThere are four main topics that most deserve discussion with respect to Anarchy, State, and Utopia. They are: (1) the underpinning (if any) and the character and robustness of the..."
        },
        {
          "corpus_id": "sep",
          "title": "nozick-political",
          "url": "https://plato.stanford.edu/entries/nozick-political/",
          "score": 0.0,
          "snippet": "nozick-political\n\nSo, Nozick offers very much the same type of argument for the existence of some correct regulative principle for social interaction as Rawls does in A Theory of Justice. The..."
        },
        {
          "corpus_id": "sep",
          "title": "justice",
          "url": "https://plato.stanford.edu/entries/justice/",
          "score": 0.0,
          "snippet": "justice\n\nThe problem for Rawls, however, is to show that the principles that would be selected in such an original position are in fact recognizable as principles of justice. One might expect the..."
        },
        {
          "corpus_id": "sep",
          "title": "justice",
          "url": "https://plato.stanford.edu/entries/justice/",
          "score": 0.0,
          "snippet": "justice\n\nWhen he turns to the distribution of income and wealth, Rawls has to show why his choosers would pick the difference principle, which considers only the position of the worst-off social..."
        }
      ],
      "source_score": {
        "matched": [
          "original-position",
          "rawls",
          "nozick-political",
          "justice-distributive"
        ],
        "missing": [],
        "total_expected": 4,
        "ratio": 1.0
      },
      "fact_score": {
        "matched": [
          "original position",
          "veil of ignorance",
          "Rawls",
          "two principles",
          "difference principle",
          "Nozick",
          "entitlement theory",
          "patterned"
        ],
        "missing": [],
        "total_expected": 8,
        "ratio": 1.0
      },
      "embed_ms": 0,
      "search_ms": 0,
      "corpora_hit": [
        "sep"
      ],
      "vector_eligible": true,
      "synth": {
        "answer": "### Rawls’s Original-Position Argument\n\nJohn Rawls constructs the \"original position\" as a fair and impartial point of view for reasoning about fundamental principles of justice [Source: original-position]. It is designed to model free and equal persons who jointly agree upon social and political rules without being biased by their specific circumstances. The defining feature of this setup is the **\"veil of ignorance,\"** which deprives the parties of all knowledge regarding their personal characteristics, social status, historical context, or conception of the good (though they retain general facts about psychology, economics, and biology) [Source: original-position][Source: autonomy-moral].\n\nThe argument proceeds in two parts. First, the parties must choose between competing conceptions of justice—primarily Rawls’s own \"justice as fairness\" versus classical utilitarianism—to determine how society will be governed [Source: rawls]. Second, Rawls argues that a society ordered by these chosen principles would remain stable over time because citizens would develop a desire to act on them; since the principles are congruent with each citizen's good and rooted in mutual respect rather than abnegation, they gain willing allegiance [Source: rawls][Source: original-position].\n\nRawls contends it is rational for the parties behind the veil of ignorance to select his **two principles of justice**:\n1.  The first principle guarantees equal basic rights and liberties necessary for free and equal persons to pursue their ends and maintain self-respect [Source: original-position].\n2.  The second principle ensures fair equality of educational and employment opportunities (allowing all to compete fairly) and secures a guaranteed minimum of \"all-purpose means\" (including income and wealth), specifically requiring that social and economic inequalities be arranged to the greatest benefit of the least advantaged members of society—known as the **\"difference principle\"** [Source: original-position][Source: nozick-political].\n\nRawls argues against utilitarianism by positing that parties, concerned with securing their fundamental interests and maintaining self-respect under conditions of uncertainty, would reject principles allowing for the sacrifice of some for the greater good of others. Instead, they would prioritize liberty and ensure that any permitted inequalities work to improve the position of the worst-off group [Source: justice][Source: rawls].\n\n### Nozick’s Entitlement-Theory Objection\n\nRobert Nozick objects to Rawlsian (and other liberal) theories on the grounds that they illegitimately privilege **patterned** or **end-state** conceptions of justice over **historical** ones. In *Anarchy, State, and Utopia*, Nozick distinguishes between three types of distributive justice:\n*   **End-state theories:** Define justice by some overall property of a distribution at a given time (e.g., whether it is egalitarian).\n*   **Patterned theories:** Require that what each person receives matches an individual feature such as their desert, need, or merit [Source: justice].\n*   **Historical theories:** Ask only about the process by which the final outcome arose; if individuals acquired holdings through legitimate means—such as voluntary contract, gift, or just acquisition—they are entitled to them regardless of the resulting pattern [Source: justice][Source: nozick-political].\n\nNozick argues that Rawls’s difference principle is a \"patterned\" conception because it prescribes a specific distributional outcome (maximizing the minimum) while putting \"no moral weight on who produced the goods being distributed\" [Source: liberalism]. To maintain this pattern in society, the state must continuously interfere with people's lives. Because Nozick views individuals as having inviolable rights and distinct systems of ends, he asserts that imposing sacrifices upon one person for another violates their rationality and autonomy; thus, sacrificing an individual to benefit others is morally prohibited [Source: nozick-political][Source: william-david-ross].\n\nConsequently, Nozick claims that any attempt by a just state to pursue \"patterned\" principles of distributive justice—such as Rawls’s difference principle—is impossible without becoming totalitarian or violating property rights [Source: international-justice]. For Nozick, the shape of the final distribution is irrelevant; justice is entirely a matter of the sequence of prior events (the history) that created it. Therefore, redistributing wealth to satisfy a pattern like the difference principle constitutes an unjust violation of historical entitlements [Source: justice].",
        "reasoning_chars": 0,
        "stream_wall_ms": 58177,
        "total_latency_ms": 52519,
        "intent": "DeepQuery",
        "source_origins": [
          "sep"
        ],
        "retrieved_chunk_count": 28,
        "chunks_fact_score": {
          "matched": [
            "original position",
            "Rawls",
            "two principles",
            "difference principle",
            "Nozick",
            "patterned"
          ],
          "missing": [
            "veil of ignorance",
            "entitlement theory"
          ],
          "total_expected": 8,
          "ratio": 0.75
        },
        "judge_fact_score": {
          "matched": [
            "original position",
            "veil of ignorance",
            "Rawls",
            "two principles",
            "difference principle",
            "Nozick",
            "entitlement theory",
            "patterned"
          ],
          "missing": [],
          "total_expected": 8,
          "ratio": 1.0
        },
        "judge_evidence": [
          {
            "fact": "original position",
            "present": true,
            "evidence": "\"John Rawls constructs the 'original position' as a fair and impartial point of view for reasoning about fundamental principles of justice\""
          },
          {
            "fact": "veil of ignorance",
            "present": true,
            "evidence": "\"The defining feature of this setup is the \"veil of ignorance,\" which deprives the parties of all knowledge regarding their personal characteristics...\""
          },
          {
            "fact": "Rawls",
            "present": true,
            "evidence": "\"John Rawls constructs the 'original position' as a fair and impartial point of view...\""
          },
          {
            "fact": "two principles",
            "present": true,
            "evidence": "\"Rawls contends it is rational for the parties behind the veil of ignorance to select his two principles of justice\""
          },
          {
            "fact": "difference principle",
            "present": true,
            "evidence": "\"Rawls argues that a society ordered by these chosen principles would remain stable over time... specifically requiring that social and economic inequalities be arranged to the greatest benefit of the least advantaged members of society—known as the 'difference principle'\""
          },
          {
            "fact": "Nozick",
            "present": true,
            "evidence": "\"### Nozick's Entitlement-Theory Objection... Robert Nozick objects to Rawlsian (and other liberal) theories on the grounds that they illegitimately privilege patterned or end-state conceptions of justice over historical ones.\""
          },
          {
            "fact": "entitlement theory",
            "present": true,
            "evidence": "\"Nozick's Entitlement-Theory Objection\" ... Nozick distinguishes between three types of distributive justice: End-state theories, Patterned theories, and Historical theories."
          },
          {
            "fact": "patterned",
            "present": true,
            "evidence": "\"Nozick objects to Rawlsian (and other liberal) theories on the grounds that they illegitimately privilege patterned or end-state conceptions of justice over historical ones.\""
          }
        ]
      }
    },
    {
      "question_id": "comparative_berlin_liberty",
      "category": "comparative",
      "question": "Compare Berlin's negative and positive conceptions of liberty, and\nexplain why Berlin thinks positive liberty is historically liable to\nauthoritarian inversion.\n",
      "retrieved": [
        {
          "corpus_id": "sep",
          "title": "sep",
          "url": null,
          "score": 0.0,
          "snippet": "The passages analyze the conceptual distinctions and tensions between negative liberty, defined as freedom from external constraints, and positive liberty, which involves internal capacities or...",
          "source": "raptor"
        },
        {
          "corpus_id": "sep",
          "title": "sep",
          "url": null,
          "score": 0.0,
          "snippet": "Isaiah Berlin argues for the primacy of negative liberty over positive liberty, contending that the latter's association with rational self-rule and a singular public interest threatens ethical...",
          "source": "raptor"
        },
        {
          "corpus_id": "sep",
          "title": "sep",
          "url": null,
          "score": 0.0,
          "snippet": "Isaiah Berlin advocates for value pluralism and negative liberty, arguing that genuine values are numerous, incompatible, and incommensurable. He supports this by asserting that ethical conflicts...",
          "source": "raptor"
        },
        {
          "corpus_id": "sep",
          "title": "sep",
          "url": null,
          "score": 0.0,
          "snippet": "The concept of liberty is fundamentally analyzed through the distinction between negative and positive senses, a framework established by Isaiah Berlin but subject to various interpretations...",
          "source": "raptor"
        },
        {
          "corpus_id": "sep",
          "title": "sep",
          "url": null,
          "score": 0.0,
          "snippet": "The text distinguishes between freedom defined by the range and quality of available choices, illustrated through the contrast between a prisoner's limited options and those of an individual outside...",
          "source": "raptor"
        },
        {
          "corpus_id": "sep",
          "title": "sep",
          "url": null,
          "score": 0.0,
          "snippet": "The text argues that republican liberty, defined as non-domination or independence from arbitrary power, offers a superior account of political freedom compared to the liberal negative conception of...",
          "source": "raptor"
        },
        {
          "corpus_id": "sep",
          "title": "sep",
          "url": null,
          "score": 0.0,
          "snippet": "The introduction of an atomic swerve to preserve human freedom is argued against as a flawed concept. Instead, the text suggests that for rational animals like humans, true liberty lies in actions...",
          "source": "raptor"
        },
        {
          "corpus_id": "sep",
          "title": "sep",
          "url": null,
          "score": 0.0,
          "snippet": "Mill advances a perfectionist liberal framework where the harm principle serves as the primary, though not absolute or strictly necessary, basis for restricting individual liberties to prevent harm...",
          "source": "raptor"
        },
        {
          "corpus_id": "sep",
          "title": "berlin",
          "url": "https://plato.stanford.edu/entries/berlin/",
          "score": 0.0,
          "snippet": "[Atlas highlights]\n[berlin]: \"He was renowned for his conversational brilliance, his defence of liberalism and pluralism\"\n[berlin]: \"admirers and critics agree that Berlin’s distinction between..."
        },
        {
          "corpus_id": "sep",
          "title": "berlin",
          "url": "https://plato.stanford.edu/entries/berlin/",
          "score": 0.0,
          "snippet": "[Atlas highlights]\nArgument: The argument from objective pluralism [from berlin]\n  P1. Values are not merely subjective preferences.\n  P2. Berlin labels his position 'objective pluralism'.\n  C...."
        },
        {
          "corpus_id": "sep",
          "title": "berlin",
          "url": "https://plato.stanford.edu/entries/berlin/",
          "score": 0.0,
          "snippet": "[Atlas highlights]\n[Isaiah Berlin (berlin)]: \"pluralism accepts a basic ‘core’ of human values, and that these and other values adopted alongside them in a particular context fall within a common..."
        },
        {
          "corpus_id": "sep",
          "title": "berlin",
          "url": "https://plato.stanford.edu/entries/berlin/",
          "score": 0.0,
          "snippet": "[Atlas highlights]\n[Isaiah Berlin (berlin)]: \"Rousseau transformed the concept of the self’s will from what the empirical individual actually desires to what the individual as citizen ought to..."
        },
        {
          "corpus_id": "sep",
          "title": "berlin",
          "url": "https://plato.stanford.edu/entries/berlin/",
          "score": 0.0,
          "snippet": "[Atlas highlights]\n[value pluralism (berlin)]: \"value incommensurability holds that there is no general procedure for resolving value conflicts – there is not for example a lexical priority rule..."
        },
        {
          "corpus_id": "sep",
          "title": "berlin",
          "url": "https://plato.stanford.edu/entries/berlin/",
          "score": 0.0,
          "snippet": "[Atlas highlights]\n[Isaiah Berlin (berlin)]: \"The quest for certainty was self-defeating: to restrict oneself to saying only that which could be said without any doubt or fear of being mistaken was..."
        },
        {
          "corpus_id": "sep",
          "title": "berlin",
          "url": "https://plato.stanford.edu/entries/berlin/",
          "score": 0.0,
          "snippet": "[Atlas highlights]\nArgument: Critique of Logical Translation [from berlin]\n  P1. The assumption that all statements must be capable of being translated into a single 'good' type is illusory.\n  P2...."
        },
        {
          "corpus_id": "sep",
          "title": "liberty-positive-negative",
          "url": "https://plato.stanford.edu/entries/liberty-positive-negative/",
          "score": 0.0,
          "snippet": "[Atlas highlights]\nDefining negative liberty (liberty-positive-negative): \"Negative liberty is the absence of obstacles, barriers or constraints.\"\nArgument: Berlin's distinction between negative and..."
        },
        {
          "corpus_id": "sep",
          "title": "liberalism",
          "url": "https://plato.stanford.edu/entries/liberalism/",
          "score": 0.0,
          "snippet": "[Atlas highlights]\n[Isaiah Berlin (liberalism)]: \"For Berlin and those who follow him, then, the heart of liberty is the absence of coercio\"\nDefining negative conception of liberty (liberalism): \"On..."
        },
        {
          "corpus_id": "sep",
          "title": "liberty-positive-negative",
          "url": "https://plato.stanford.edu/entries/liberty-positive-negative/",
          "score": 0.0,
          "snippet": "liberty-positive-negative\n\nThe two sides identified by Berlin disagree over which of two different concepts best captures the political ideal of ‘liberty’. Does this fact not denote the presence..."
        },
        {
          "corpus_id": "sep",
          "title": "republicanism",
          "url": "https://plato.stanford.edu/entries/republicanism/",
          "score": 0.0,
          "snippet": "republicanism\n\nLiberals like Berlin have thus understandably rejected the positive and embraced the negative conception of liberty. The question remains, however, whether the received view of..."
        },
        {
          "corpus_id": "sep",
          "title": "green",
          "url": "https://plato.stanford.edu/entries/green/",
          "score": 0.0,
          "snippet": "green\n\nIn “Two Concepts of Liberty” Isaiah Berlin famously distinguishes between negative and positive liberty and criticizes various conceptions of positive freedom, including Green’s (1958:..."
        },
        {
          "corpus_id": "sep",
          "title": "anarchism",
          "url": "https://plato.stanford.edu/entries/anarchism/",
          "score": 0.0,
          "snippet": "anarchism\n\nIt is worth considering here, the complexity of the notion of liberty under consideration by appealing to Isaiah Berlin’s well-known distinction between negative and positive liberty..."
        },
        {
          "corpus_id": "sep",
          "title": "liberalism",
          "url": "https://plato.stanford.edu/entries/liberalism/",
          "score": 0.0,
          "snippet": "liberalism\n\nLiberals disagree, however, about the concept of liberty, and as a result the liberal ideal of protecting individual liberty can lead to different conceptions of the task of government...."
        },
        {
          "corpus_id": "sep",
          "title": "libertarianism",
          "url": "https://plato.stanford.edu/entries/libertarianism/",
          "score": 0.0,
          "snippet": "libertarianism\n\nanarchism |  liberalism |  liberty: positive and negative |  Locke, John |  Nozick, Robert: political philosophy |  property and ownership |  rights"
        },
        {
          "corpus_id": "sep",
          "title": "dewey-political",
          "url": "https://plato.stanford.edu/entries/dewey-political/",
          "score": 0.0,
          "snippet": "dewey-political\n\nThis account of the character and value of freedom was for Dewey, as for the Idealists and New Liberals that he drew on and for later writers on negative and positive liberty such as..."
        },
        {
          "corpus_id": "sep",
          "title": "law-limits",
          "url": "https://plato.stanford.edu/entries/law-limits/",
          "score": 0.0,
          "snippet": "law-limits\n\nThere is a controversy here as to whether the negative liberty which Moore explicitly invokes (and which Devlin assumes) can ground the requisite prima facie reason against legal coercion..."
        },
        {
          "corpus_id": "sep",
          "title": "brouwer",
          "url": "https://plato.stanford.edu/entries/brouwer/",
          "score": 0.0,
          "snippet": "brouwer\n\nThe Berlin lectures of 1927 have been published in"
        },
        {
          "corpus_id": "sep",
          "title": "moral-relativism",
          "url": "https://plato.stanford.edu/entries/moral-relativism/",
          "score": 0.0,
          "snippet": "moral-relativism\n\nAgainst such a position, an objectivist may ask why we should think objective goods are incommensurable: If X and Y are both objectively good, then why not say that the statement..."
        },
        {
          "corpus_id": "sep",
          "title": "neurath",
          "url": "https://plato.stanford.edu/entries/neurath/",
          "score": 0.0,
          "snippet": "neurath\n\nHans Reichenbach, Carnap and Schlick’s ally in Berlin, was the leader of the Berlin Society for Scientific Philosophy, also known as the Berlin Circle, and hence was in personal and..."
        },
        {
          "corpus_id": "sep",
          "title": "liberty-positive-negative",
          "url": "https://plato.stanford.edu/entries/liberty-positive-negative/",
          "score": 0.0,
          "snippet": "liberty-positive-negative\n\nBecause the concept of negative freedom concentrates on the external sphere in which individuals interact, it seems to provide a better guarantee against the dangers of..."
        },
        {
          "corpus_id": "sep",
          "title": "liberty-positive-negative",
          "url": "https://plato.stanford.edu/entries/liberty-positive-negative/",
          "score": 0.0,
          "snippet": "liberty-positive-negative\n\nOn MacCallum’s analysis, then, there is no simple dichotomy between positive and negative liberty; rather, we should recognize that there is a whole range of possible..."
        },
        {
          "corpus_id": "sep",
          "title": "liberalism",
          "url": "https://plato.stanford.edu/entries/liberalism/",
          "score": 0.0,
          "snippet": "liberalism\n\nBerlin, Isaiah |  Bosanquet, Bernard |  communitarianism |  conservatism |  contractarianism |  contractualism |  cosmopolitanism |  domination |  Enlightenment |  freedom: of association..."
        },
        {
          "corpus_id": "sep",
          "title": "liberalism",
          "url": "https://plato.stanford.edu/entries/liberalism/",
          "score": 0.0,
          "snippet": "liberalism\n\nThe republican conception of liberty is distinct from both Greenian positive and negative conceptions. Unlike Greenian positive liberty, republican liberty is not primarily concerned with..."
        },
        {
          "corpus_id": "sep",
          "title": "green",
          "url": "https://plato.stanford.edu/entries/green/",
          "score": 0.0,
          "snippet": "green\n\nThis gives the state not just negative duties to refrain from interfering with the freedoms and opportunities of its citizens but also positive duties to provide resources and opportunities..."
        },
        {
          "corpus_id": "sep",
          "title": "green",
          "url": "https://plato.stanford.edu/entries/green/",
          "score": 0.0,
          "snippet": "green\n\nGreen also thinks the Kantian dualism is unnecessary. The idealist can explain error. We can never have access to things-in-themselves. But we can have access to other appearances that, in..."
        },
        {
          "corpus_id": "sep",
          "title": "green",
          "url": "https://plato.stanford.edu/entries/green/",
          "score": 0.0,
          "snippet": "green\n\nGreen makes clear that the sort of moral personality that is required by responsibility is a capacity to recognize and be guided by reasons. This is clear from his defense of Kant’s..."
        }
      ],
      "source_score": {
        "matched": [
          "liberty-positive-negative",
          "berlin",
          "liberalism"
        ],
        "missing": [],
        "total_expected": 3,
        "ratio": 1.0
      },
      "fact_score": {
        "matched": [
          "negative liberty",
          "positive liberty",
          "Berlin",
          "self-mastery",
          "authoritarian"
        ],
        "missing": [
          "Two Concepts of Liberty",
          "MacCallum"
        ],
        "total_expected": 7,
        "ratio": 0.71428573
      },
      "embed_ms": 0,
      "search_ms": 0,
      "corpora_hit": [
        "sep"
      ],
      "vector_eligible": true,
      "synth": {
        "answer": "Based on the provided knowledge base, here is a comparison of Berlin’s negative and positive conceptions of liberty and an explanation for his warning regarding authoritarian inversion.\n\n### 1. Negative Liberty: The Absence of Obstacles\nBerlin defines **negative liberty** as \"the absence of obstacles, barriers or constraints\" [Source: liberty-positive-negative]. It answers the question: *[unverified excerpt: What is the area within which the subject — a person or group of persons — is or should be left to do or be what he is able to do or be, without interference by other persons?]* \n\nFor Berlin, this concept focuses exclusively on the external sphere where individuals interact with one another and the state [Source: green; Source: liberty-positive-negative]. To be unfree in the negative sense means being [unverified excerpt: subject to the potentially capricious will or the potentially idiosyncratic judgement of another,] meaning you are dominated by an external agent rather than merely facing natural limitations (like falling into a bog) [Source: liberalism; Source: liberty-positive-negative].\n\nBerlin champions negative liberty because it provides a guaranteed private sphere. He compares individual development to that of a plant: just as plants must grow according to their own inner logic without being forced, human beings require a sovereign space to pursue their own projects [Source: liberty-positive-negative]. This aligns with his broader philosophy of **value pluralism**—the belief that genuine human values (such as justice and mercy, or liberty and equality) are numerous, often conflict with one another, and cannot be reduced to a single standard [Source: berlin; Source: moral-relativism]. Because there is no single \"right\" answer to how life should be lived, negative liberty protects the freedom for individuals to make these choices themselves.\n\n### 2. Positive Liberty: Self-Mastery\n**Positive liberty**, by contrast, answers the question: *[unverified excerpt: What, or who, is the source of control or interference that can determine someone to do, or be, this rather than that?]* It focuses on self-mastery and the possibility of acting in such a way as to take care of one’s life and realize fundamental purposes [Source: liberty-positive-negative]. \n\nHistorically developed by thinkers like Rousseau and later British neo-Hegelians (such as T.H. Green), positive liberty splits the human self into two parts: an empirical self (driven by base impulses) and a \"higher\" or rational true self [Source: liberalism; Source: green]. Freedom, therefore, becomes the state where the higher self controls the lower self—acting according to reason rather than craving [Source: green].\n\nBerlin notes that this concept is not inherently evil; it centers on valid claims about what is necessary for human beings [Source: berlin]. However, because it defines freedom as alignment with one's \"true will,\" it opens the door to political manipulation. As Berlin points out regarding Rousseau, the concept of the individual’s will can be transformed into what the citizen *ought* to desire (the general will) rather than what they empirically want [Source: berlin]. \n\n### 3. The Historical Liability to Authoritarian Inversion\nBerlin argues that positive liberty is historically liable to authoritarian inversion due to a specific logical leap: **the identification of the state or collective with the \"higher self.\"**\n\nWhen liberty is defined not by the absence of external interference but by internal rationality and self-realization, an authority figure or ruling class can claim to know what your \"true\" interests are better than you do. If I am acting on irrational impulses against my true nature, the argument goes, I am effectively unfree—even if no one has physically stopped me. Consequently, it becomes justifiable for the state (or party) to coerce individuals into being free—to force them to conform to their own higher reason [Source: sep; Source: green]. \n\nBerlin traces this inversion through history where benevolent liberalism was attacked by nationalists who argued that individual freedom must be subordinated to a collective unity [Source: berlin]. By conflating liberty with obedience to an objective moral order or national destiny, positive liberty abandons its original focus on personal autonomy and instead provides a philosophical justification for totalitarianism. Berlin warns that when political leaders claim to represent the \"true\" will of the people against their actual desires, they are utilizing the distorted logic of positive liberty to justify domination under the guise of liberation [Source: sep].\n\n### Summary\n*   **Negative Liberty** is about *freedom from* external coercion; it protects pluralism by ensuring no single authority can impose one specific vision of the good life upon others. \n*   **Positive Liberty** is about *freedom to* achieve self-mastery through rationality. \n\nBerlin’s primary concern with positive liberty is its vulnerability to authoritarian inversion: once freedom is defined as acting according to a \"higher truth,\" any power claiming access to that truth (the State, the Party, or History) gains the moral license to coerce individuals in their own name.",
        "reasoning_chars": 0,
        "stream_wall_ms": 73874,
        "total_latency_ms": 69772,
        "intent": "DeepQuery",
        "source_origins": [
          "sep"
        ],
        "retrieved_chunk_count": 35,
        "chunks_fact_score": {
          "matched": [
            "negative liberty",
            "positive liberty",
            "Berlin",
            "Two Concepts of Liberty",
            "MacCallum"
          ],
          "missing": [
            "self-mastery",
            "authoritarian"
          ],
          "total_expected": 7,
          "ratio": 0.71428573
        },
        "judge_fact_score": {
          "matched": [
            "negative liberty",
            "positive liberty",
            "Berlin",
            "Two Concepts of Liberty",
            "self-mastery",
            "authoritarian"
          ],
          "missing": [
            "MacCallum"
          ],
          "total_expected": 7,
          "ratio": 0.85714287
        },
        "judge_evidence": [
          {
            "fact": "negative liberty",
            "present": true,
            "evidence": "\"Berlin defines negative liberty as 'the absence of obstacles, barriers or constraints'\""
          },
          {
            "fact": "positive liberty",
            "present": true,
            "evidence": "**Positive liberty**, by contrast, answers the question: *[unverified excerpt: What, or who, is the source of control...]*"
          },
          {
            "fact": "Berlin",
            "present": true,
            "evidence": "\"Berlin defines negative liberty as...\" and \"This aligns with his broader philosophy of value pluralism—[Source: berlin]\""
          },
          {
            "fact": "Two Concepts of Liberty",
            "present": true,
            "evidence": "\"Berlin defines negative liberty as 'the absence of obstacles, barriers or constraints'... Berlin champions negative liberty because it provides a guaranteed private sphere.\""
          },
          {
            "fact": "self-mastery",
            "present": true,
            "evidence": "\"Positive liberty, by contrast... It focuses on self-mastery and the possibility of acting in such a way as to take care of one's life\""
          },
          {
            "fact": "authoritarian",
            "present": true,
            "evidence": "\"Berlin argues that positive liberty is historically liable to authoritarian inversion due to a specific logical leap\""
          },
          {
            "fact": "MacCallum",
            "present": false,
            "evidence": "(absent)"
          }
        ]
      }
    },
    {
      "question_id": "contested_no_miracles_scientific_realism",
      "category": "contested",
      "question": "Reconstruct the no-miracles argument for scientific realism, and explain\nthe pessimistic meta-induction response. Which other contemporary\npositions (constructive empiricism, structural realism) try to thread\nbetween them?\n",
      "retrieved": [
        {
          "corpus_id": "sep",
          "title": "sep",
          "url": null,
          "score": 0.0,
          "snippet": "The passages analyze the pessimistic induction argument, which challenges scientific realism by citing historical instances of successful yet false theories. Realists counter this skepticism through...",
          "source": "raptor"
        },
        {
          "corpus_id": "sep",
          "title": "sep",
          "url": null,
          "score": 0.0,
          "snippet": "The text examines the pessimistic induction against scientific realism by analyzing historical lists of successful yet false theories proposed by Laudan, Lyons, and Vickers. It critiques Psillos's...",
          "source": "raptor"
        },
        {
          "corpus_id": "sep",
          "title": "sep",
          "url": null,
          "score": 0.0,
          "snippet": "The text examines various forms of scientific realism, including explanationist, entity, and structural realism, which rely on selectivity to justify belief in unobservables based on explanatory...",
          "source": "raptor"
        },
        {
          "corpus_id": "sep",
          "title": "sep",
          "url": null,
          "score": 0.0,
          "snippet": "Constructive empiricism is presented as an anti-realist alternative to scientific realism, asserting that the goal of science is empirical adequacy rather than truth. Proponents argue this stance...",
          "source": "raptor"
        },
        {
          "corpus_id": "sep",
          "title": "sep",
          "url": null,
          "score": 0.0,
          "snippet": "The text examines the Pessimistic Induction argument, which posits that past scientific theories were false and thus current ones are likely to be superseded. Various philosophers challenge this view...",
          "source": "raptor"
        },
        {
          "corpus_id": "sep",
          "title": "sep",
          "url": null,
          "score": 0.0,
          "snippet": "The text explores the philosophical debate on predictivism, which posits that novel predictions offer stronger confirmation for scientific theories than accommodated data. Proponents like Karl Popper...",
          "source": "raptor"
        },
        {
          "corpus_id": "sep",
          "title": "sep",
          "url": null,
          "score": 0.0,
          "snippet": "Scientific realism is characterized as a multifaceted position involving metaphysical commitment to mind-independent entities, semantic literalism regarding theoretical claims, and epistemic...",
          "source": "raptor"
        },
        {
          "corpus_id": "sep",
          "title": "sep",
          "url": null,
          "score": 0.0,
          "snippet": "The text examines the historical challenge to scientific realism, primarily through Larry Laudan's pessimistic induction which argues that past empirically successful theories were false. Realists...",
          "source": "raptor"
        },
        {
          "corpus_id": "sep",
          "title": "phil-science-latin-america",
          "url": "https://plato.stanford.edu/entries/phil-science-latin-america/",
          "score": 0.0,
          "snippet": "phil-science-latin-america\n\nChristián Carman worked extensively on the problem of realism in science. He offered a detailed elucidation of the term “scientific realism” (2005a), and he..."
        },
        {
          "corpus_id": "sep",
          "title": "scientific-realism",
          "url": "https://plato.stanford.edu/entries/scientific-realism/",
          "score": 0.0,
          "snippet": "[Atlas highlights]\nDefining miracle argument (scientific-realism): \"realism 'is the only philosophy that doesn’t make the success of science a miracle'.\"\n[explanationist realism..."
        },
        {
          "corpus_id": "sep",
          "title": "constructive-empiricism",
          "url": "https://plato.stanford.edu/entries/constructive-empiricism/",
          "score": 0.0,
          "snippet": "[Atlas highlights]\nDefining Constructive empiricism (constructive-empiricism): \"Science aims to give us theories which are empirically adequate; and acceptance of a theory involves as belief only..."
        },
        {
          "corpus_id": "sep",
          "title": "structural-realism",
          "url": "https://plato.stanford.edu/entries/structural-realism/",
          "score": 0.0,
          "snippet": "structural-realism\n\nAs explained above, there are many different forms of structural realism and correspondingly, many different objections have been leveled against it. Obviously, ESR and OSR..."
        },
        {
          "corpus_id": "sep",
          "title": "scientific-progress",
          "url": "https://plato.stanford.edu/entries/scientific-progress/",
          "score": 0.0,
          "snippet": "scientific-progress\n\nincommensurability: of scientific theories |  Kuhn, Thomas |  logic: of belief revision |  Popper, Karl |  progress |  realism: and theory change in science |  -->scientific..."
        },
        {
          "corpus_id": "sep",
          "title": "constructive-empiricism",
          "url": "https://plato.stanford.edu/entries/constructive-empiricism/",
          "score": 0.0,
          "snippet": "[Atlas highlights]\n[Constructive empiricism (constructive-empiricism)]: \"it is not an epistemological principle that one might as well hang for a sheep as for a lamb.\"\n[Constructive empiricism..."
        },
        {
          "corpus_id": "sep",
          "title": "scientific-realism",
          "url": "https://plato.stanford.edu/entries/scientific-realism/",
          "score": 0.0,
          "snippet": "[Atlas highlights]\nDefining constructive empiricism (scientific-realism): \"holds that the aim of science is empirical adequacy... it recommends belief in our best theories only insofar as they..."
        },
        {
          "corpus_id": "sep",
          "title": "realism-theory-change",
          "url": "https://plato.stanford.edu/entries/realism-theory-change/",
          "score": 0.0,
          "snippet": "realism-theory-change\n\nThe second part deals with the historical challenge to scientific realism as this is currently formulated and the various lines of defense of the claim that scientific..."
        },
        {
          "corpus_id": "sep",
          "title": "induction-problem",
          "url": "https://plato.stanford.edu/entries/induction-problem/",
          "score": 0.0,
          "snippet": "[Atlas highlights]\nDefining problem of induction (induction-problem): \"The problem of meeting this challenge, while evading Hume’s argument against the possibility of doing so, has become known as..."
        },
        {
          "corpus_id": "sep",
          "title": "scientific-underdetermination",
          "url": "https://plato.stanford.edu/entries/scientific-underdetermination/",
          "score": 0.0,
          "snippet": "[Atlas highlights]\nArgument: The Newtonian Cosmology Argument for Empirical Equivalence [from scientific-underdetermination]\n  P1. Newton's cosmology includes laws of motion and gravitational..."
        },
        {
          "corpus_id": "sep",
          "title": "structural-realism",
          "url": "https://plato.stanford.edu/entries/structural-realism/",
          "score": 0.0,
          "snippet": "structural-realism\n\nScientific realism is the view that we ought to believe in the unobservable entities posited by our most successful scientific theories. It is widely held that the most powerful..."
        },
        {
          "corpus_id": "sep",
          "title": "realism-theory-change",
          "url": "https://plato.stanford.edu/entries/realism-theory-change/",
          "score": 0.0,
          "snippet": "realism-theory-change\n\nThese kinds of question have played a major role in the scientific realism debate. The challenge to scientific realism is supposed to come directly from the history of science...."
        },
        {
          "corpus_id": "sep",
          "title": "prediction-accommodation",
          "url": "https://plato.stanford.edu/entries/prediction-accommodation/",
          "score": 0.0,
          "snippet": "prediction-accommodation\n\nScientific realism holds that there is sufficient evidence to believe that the theories of the ‘mature sciences’ are at least approximately true. Appeals to novelty have..."
        },
        {
          "corpus_id": "sep",
          "title": "realism-sem-challenge",
          "url": "https://plato.stanford.edu/entries/realism-sem-challenge/",
          "score": 0.0,
          "snippet": "realism-sem-challenge\n\nIf metaphysical realism is to be tenable, it must be possible for even the best theories to be mistaken. Or so metaphysical realists have thought. Whence, such realists reject..."
        },
        {
          "corpus_id": "sep",
          "title": "structure-scientific-theories",
          "url": "https://plato.stanford.edu/entries/structure-scientific-theories/",
          "score": 0.0,
          "snippet": "structure-scientific-theories\n\nCarnap, Rudolf |  cognitive science |  confirmation |  Darwinism |  empiricism: logical |  feminist philosophy, interventions: epistemology and philosophy of science | ..."
        },
        {
          "corpus_id": "sep",
          "title": "scientific-progress",
          "url": "https://plato.stanford.edu/entries/scientific-progress/",
          "score": 0.0,
          "snippet": "scientific-progress\n\nThe scientific realist may continue this line of thought by arguing that all measures of empirical success in fact are at best indicators of real cognitive progress, measured in..."
        },
        {
          "corpus_id": "sep",
          "title": "fictionalism",
          "url": "https://plato.stanford.edu/entries/fictionalism/",
          "score": 0.0,
          "snippet": "fictionalism\n\nabstract objects |  cognitivism vs. non-cognitivism, moral |  constructive empiricism |  fictionalism: modal |  imagination |  impossible worlds |  logic and ontology |  mathematics,..."
        },
        {
          "corpus_id": "sep",
          "title": "metaepistemology",
          "url": "https://plato.stanford.edu/entries/metaepistemology/",
          "score": 0.0,
          "snippet": "metaepistemology\n\nWhereas Cuneo’s and Boghossian’s respective cases for metaepistemological realism are negative in that they rest principally on challenging the credentials of various forms of..."
        },
        {
          "corpus_id": "sep",
          "title": "feigl",
          "url": "https://plato.stanford.edu/entries/feigl/",
          "score": 0.0,
          "snippet": "feigl\n\nIt is commonly supposed that logical empiricism and scientific realism are systematically at odds. However, Feigl’s diverse contributions to the scientific realism debate just suggest the..."
        },
        {
          "corpus_id": "sep",
          "title": "induction-problem",
          "url": "https://plato.stanford.edu/entries/induction-problem/",
          "score": 0.0,
          "snippet": "induction-problem\n\nIn assessing this argument, it is helpful to distinguish between levels at which the principle of induction can be applied. Following Skyrms (2000), we may distinguish between..."
        },
        {
          "corpus_id": "sep",
          "title": "scientific-realism",
          "url": "https://plato.stanford.edu/entries/scientific-realism/",
          "score": 0.0,
          "snippet": "scientific-realism\n\nContemporary discussion commonly focuses on Laudan’s (1981) argument to the effect that the history of science furnishes vast evidence of empirically successful theories that..."
        },
        {
          "corpus_id": "sep",
          "title": "scientific-realism",
          "url": "https://plato.stanford.edu/entries/scientific-realism/",
          "score": 0.0,
          "snippet": "scientific-realism\n\nIn just the way that some authors suggest that the miracle argument is an instance of fallacious reasoning—the base rate fallacy (see  section 2.1)—some  suggest that the..."
        },
        {
          "corpus_id": "sep",
          "title": "phil-science-latin-america",
          "url": "https://plato.stanford.edu/entries/phil-science-latin-america/",
          "score": 0.0,
          "snippet": "phil-science-latin-america\n\nThe semantic approach to scientific theory was studied by Germán Guerrero Pino (2008, 2010), who compared van Fraassen’s proposal with that of the structuralist school...."
        },
        {
          "corpus_id": "sep",
          "title": "phil-science-latin-america",
          "url": "https://plato.stanford.edu/entries/phil-science-latin-america/",
          "score": 0.0,
          "snippet": "phil-science-latin-america\n\nIn philosophy of science CLE supports significant research on the character and structure of modern science as well as its concepts and theories—conducted from a variety..."
        },
        {
          "corpus_id": "sep",
          "title": "phil-science-latin-america",
          "url": "https://plato.stanford.edu/entries/phil-science-latin-america/",
          "score": 0.0,
          "snippet": "phil-science-latin-america\n\nFew thinkers associated with analytic philosophy strive to produce a comprehensive philosophical system. Bunge is one of them, a thinker trying to integrate ontology,..."
        },
        {
          "corpus_id": "sep",
          "title": "constructive-empiricism",
          "url": "https://plato.stanford.edu/entries/constructive-empiricism/",
          "score": 0.0,
          "snippet": "constructive-empiricism\n\nOne of the reasons constructive empiricism is viewed as significant is that it carries on the tradition of the logical positivists without being saddled with the problematic..."
        },
        {
          "corpus_id": "sep",
          "title": "constructive-empiricism",
          "url": "https://plato.stanford.edu/entries/constructive-empiricism/",
          "score": 0.0,
          "snippet": "constructive-empiricism\n\nWith his doctrine of constructive empiricism, van Fraassen is widely credited with rehabilitating scientific anti-realism. There has been a contentious debate within the..."
        },
        {
          "corpus_id": "sep",
          "title": "structural-realism",
          "url": "https://plato.stanford.edu/entries/structural-realism/",
          "score": 0.0,
          "snippet": "structural-realism\n\nThe power of the arguments against scientific realism from theory change is that, rather than being a priori and theoretical, they are empirically based and their premises are..."
        },
        {
          "corpus_id": "sep",
          "title": "structural-realism",
          "url": "https://plato.stanford.edu/entries/structural-realism/",
          "score": 0.0,
          "snippet": "structural-realism\n\nThe most common realist response to this argument is to restrict realism to theories with some further properties (usually, maturity, and novel predictive success) so as to cut..."
        }
      ],
      "source_score": {
        "matched": [
          "scientific-realism",
          "scientific-underdetermination"
        ],
        "missing": [],
        "total_expected": 2,
        "ratio": 1.0
      },
      "fact_score": {
        "matched": [
          "no miracles argument",
          "Putnam",
          "pessimistic meta-induction",
          "Laudan",
          "scientific realism",
          "constructive empiricism",
          "van Fraassen",
          "structural realism"
        ],
        "missing": [
          "Worrall"
        ],
        "total_expected": 9,
        "ratio": 0.8888889
      },
      "embed_ms": 0,
      "search_ms": 0,
      "corpora_hit": [
        "sep"
      ],
      "vector_eligible": true,
      "synth": {
        "answer": "The no-miracles argument and the pessimistic meta-induction represent the central dialectic in contemporary debates over scientific realism. The former argues that realism is the only philosophy capable of explaining science's success, while the latter uses history to argue that past successes were not due to truth, implying our current theories will also be discarded. Constructive empiricism and structural realism attempt to navigate between these poles by modifying what we should believe about science (agnosticism regarding unobservables) or *what* we should believe (structure rather than ontology).\n\n### 1. The No-Miracles Argument\nScientific realism holds that \"we ought to believe in the unobservable entities posited by our most successful scientific theories\" [Source: structural-realism]. It asserts there is sufficient evidence to believe mature sciences are at least approximately true [Source: prediction-accommodation].\n\nThe primary defense of this view is the **no-miracles argument** (also called the miracle argument), which is widely considered the most powerful argument for realism [Source: structural-realism; Source: scientific-progress]. Formulated famously by Hilary Putnam and others, it argues as follows:\n*   Scientific theories have been remarkably empirically successful.\n*   If these theories were not at least *approximately true*, their success would be a \"miracle.\"\n*   Therefore, we should prefer the explanation that they are approximately true over one where their success is miraculous.\n\nAs stated in the sources, \"realism 'is the only philosophy that doesn’t make the success of science a miracle'\" [Source: scientific-realism]. The underlying logic is an inference to the best explanation (explanationist realism): because approximate truth provides a straightforward, non-miraculous explanation for empirical progress and novel predictive success, it warrants realist commitment [Source: scientific-progress; Source: scientific-realism].\n\n### 2. The Pessimistic Meta-Induction Response\nThe most potent challenge to this optimism comes from the history of science via the **pessimistic meta-induction** (or pessimistic induction) [Source: structural-realism; Source: realism-theory-change]. This argument was notably advanced by Larry Laudan in 1981 [Source: scientific-realism], though its roots are described as \"almost as ancient as scepticism itself\" [Source: structural-realism].\n\nThe argument proceeds by induction on past theories rather than present ones:\n*   Many empirically successful theories in the history of science were later abandoned and judged false.\n*   Therefore, it is highly probable that our current best theories will also be abandoned and proven false.\n*   Consequently, we should not assent to them or believe they describe unobservable reality accurately.\n\nThis creates a direct conflict with realism's epistemic optimism: if history shows that success does *not* guarantee truth (or approximate truth), then the realist claim that success warrants belief becomes untenable [Source: realism-theory-change; Source: structural-realism]. The pessimistic induction suggests \"ontological discontinuity,\" meaning future scientists may view our central theoretical terms as non-referring just as ours do for past entities like caloric fluid or the ether [Source: scientific-realism; Source: structural-realism].\n\n### 3. Contemporary Positions Threading Between Them\nTo resolve this standoff, contemporary philosophers have developed positions that either restrict what we believe about science (*Constructive Empiricism*) or change the object of our belief (*Structural Realism*).\n\n#### Constructive Empiricism (Van Fraassen)\nBas van Fraassen’s **constructive empiricism** offers an anti-realist alternative by redefining the goal of science. It argues against realism's claim [unverified excerpt: that science does not aim at truth about unobservable aspects] and instead posits that [unverified excerpt: science aims to give us theories which are empirically adequate; and acceptance of a theory involves as belief only that it is empirically adequate] [Source: constructive-empiricism]. \n\nCrucially, unlike earlier logical positivism—which was considered dead due to verificationism—van Fraassen adopts a realist semantics but remains agnostic epistemologically regarding unobservables [Source: scientific-realism]. The constructive empiricist accepts a theory if its claims about *observable* phenomena are true, without committing to the reality of electrons or quarks. This allows them to accept science's empirical success (satisfying the no-miracles argument on an instrumental level) while remaining immune to the pessimistic meta-induction, because they never claimed their theories were \"true\" in the first place—they only aimed for adequacy with observable data [Source: constructive-empiricism; Source: scientific-realism].\n\n#### Structural Realism\n**Structural realism** attempts to thread between the two by modifying what realists believe is preserved across theory change. It argues that we should be realists not about the *nature* of unobservable entities (\"descriptions of the natures of things\"), but rather \"with respect to their structure\" (the mathematical relations and equations connecting them) [Source: scientific-realism]. \n\nThis position directly addresses the pessimistic meta-induction by arguing there is substantive continuity in science even when ontologies are discarded. For example, while past theories like caloric or ether were abandoned, the underlying structural/mathematical frameworks often survived into modern physics. By restricting realist commitment to these enduring structures—rather than specific particles or fluids—structural realism claims it can explain empirical success without falling victim to historical refutations of obsolete ontologies [Source: scientific-realism; Source: structural-realism].\n\n### Summary\n*   **No-Miracles Argument:** Success implies approximate truth (Realist).\n*   **Pessimistic Meta-Induction:** Past successes didn't imply truth, so current ones won't either (Anti-realist/Historical challenge).\n*   **Constructive Empiricism:** Avoids the conflict by refusing to believe in unobservables at all, aiming only for *empirical adequacy*.\n*   **Structural Realism:** Avoids the conflict by believing in the mathematical structure of theories rather than their specific ontology.\n\n---\n*Verification note: these statements could not be confirmed against your sources — treat them as unverified:*\n- Formulated famously by Hilary Putnam and others, it argues as follows:\n- most powerful argument for realism",
        "reasoning_chars": 0,
        "stream_wall_ms": 78637,
        "total_latency_ms": 75092,
        "intent": "DeepQuery",
        "source_origins": [
          "sep"
        ],
        "retrieved_chunk_count": 37,
        "chunks_fact_score": {
          "matched": [
            "pessimistic meta-induction",
            "Laudan",
            "scientific realism",
            "constructive empiricism",
            "van Fraassen",
            "structural realism"
          ],
          "missing": [
            "no miracles argument",
            "Putnam",
            "Worrall"
          ],
          "total_expected": 9,
          "ratio": 0.6666667
        },
        "judge_fact_score": {
          "matched": [
            "no miracles argument",
            "Putnam",
            "pessimistic meta-induction",
            "Laudan",
            "scientific realism",
            "constructive empiricism",
            "van Fraassen",
            "structural realism"
          ],
          "missing": [
            "Worrall"
          ],
          "total_expected": 9,
          "ratio": 0.8888889
        },
        "judge_evidence": [
          {
            "fact": "no miracles argument",
            "present": true,
            "evidence": "\"The no-miracles argument and the pessimistic meta-induction represent the central dialectic in contemporary debates over scientific realism.\""
          },
          {
            "fact": "Putnam",
            "present": true,
            "evidence": "\"Formulated famously by Hilary Putnam and others, it argues as follows:\""
          },
          {
            "fact": "pessimistic meta-induction",
            "present": true,
            "evidence": "\"The no-miracles argument and the pessimistic meta-induction represent the central dialectic in contemporary debates over scientific realism.\""
          },
          {
            "fact": "Laudan",
            "present": true,
            "evidence": "This argument was notably advanced by Larry Laudan in 1981"
          },
          {
            "fact": "scientific realism",
            "present": true,
            "evidence": "\"The no-miracles argument and the pessimistic meta-induction represent the central dialectic in contemporary debates over scientific realism.\""
          },
          {
            "fact": "constructive empiricism",
            "present": true,
            "evidence": "\"Constructive empiricism and structural realism attempt to navigate between these poles...\""
          },
          {
            "fact": "van Fraassen",
            "present": true,
            "evidence": "\"Bas van Fraassen's constructive empiricism offers an anti-realist alternative by redefining the goal of science.\""
          },
          {
            "fact": "structural realism",
            "present": true,
            "evidence": "\"Constructive empiricism and structural realism attempt to navigate between these poles...\""
          },
          {
            "fact": "Worrall",
            "present": false,
            "evidence": "(absent)"
          }
        ]
      }
    },
    {
      "question_id": "comparative_kant_hume_causation",
      "category": "comparative",
      "question": "Compare Hume's and Kant's accounts of causation, and explain why Kant\ntook Hume to have shown a problem that demanded a transcendental\nsolution.\n",
      "retrieved": [
        {
          "corpus_id": "sep",
          "title": "sep",
          "url": null,
          "score": 0.0,
          "snippet": "Kant advances the claim that he has provided a complete solution to Hume's problem regarding causality by distinguishing between strict and comparative universality. He supports this assertion...",
          "source": "raptor"
        },
        {
          "corpus_id": "sep",
          "title": "sep",
          "url": null,
          "score": 0.0,
          "snippet": "Immanuel Kant argues that causality and other fundamental scientific principles are a priori categories of the understanding rather than empirical generalizations derived from Humean custom. By...",
          "source": "raptor"
        },
        {
          "corpus_id": "sep",
          "title": "sep",
          "url": null,
          "score": 0.0,
          "snippet": "Kant argues that while Hume correctly identifies the lack of empirical basis for causal necessity, he erroneously reduces it to subjective custom; Kant contends instead that causality and necessary...",
          "source": "raptor"
        },
        {
          "corpus_id": "sep",
          "title": "sep",
          "url": null,
          "score": 0.0,
          "snippet": "David Hume's skepticism regarding causality disrupted Immanuel Kant’s dogmatic slumber, prompting him to develop a revolutionary theory of experience grounded in a priori concepts. Although Kant...",
          "source": "raptor"
        },
        {
          "corpus_id": "sep",
          "title": "sep",
          "url": null,
          "score": 0.0,
          "snippet": "Kant argues that the concept of causality involves a necessary connection and strict universality, which cannot be derived empirically from repeated observations or constant conjunctions as Hume...",
          "source": "raptor"
        },
        {
          "corpus_id": "sep",
          "title": "sep",
          "url": null,
          "score": 0.0,
          "snippet": "David Hume argues that causal knowledge is derived entirely from experience and custom rather than a priori reason, asserting that the connection between cause and effect cannot be logically deduced....",
          "source": "raptor"
        },
        {
          "corpus_id": "sep",
          "title": "sep",
          "url": null,
          "score": 0.0,
          "snippet": "Hume and Kant both argue that freedom is essential to morality but employ distinct frameworks to reconcile it with causal determinism. Hume defends compatibilism by analyzing the logical concepts of...",
          "source": "raptor"
        },
        {
          "corpus_id": "sep",
          "title": "sep",
          "url": null,
          "score": 0.0,
          "snippet": "Immanuel Kant developed his theory of synthetic a priori judgments to resolve the skepticism regarding causality and inductive reasoning raised by David Hume. While Hume viewed Newtonian laws as mere...",
          "source": "raptor"
        },
        {
          "corpus_id": "sep",
          "title": "kant",
          "url": "https://plato.stanford.edu/entries/kant/",
          "score": 0.0,
          "snippet": "[Atlas highlights]\n[Kant (kant)]: \"And happiness by itself would not be unconditionally good, because moral virtue is a condition of worthiness to be happy (5:111).\"\n[Kant (kant)]: \"the duty to..."
        },
        {
          "corpus_id": "sep",
          "title": "kant",
          "url": "https://plato.stanford.edu/entries/kant/",
          "score": 0.0,
          "snippet": "[Atlas highlights]\nDefining transcendental idealism (kant): \"human beings experience only appearances, not things in themselves; and that space and time are only subjective forms of human..."
        },
        {
          "corpus_id": "sep",
          "title": "hume",
          "url": "https://plato.stanford.edu/entries/hume/",
          "score": 0.0,
          "snippet": "[Atlas highlights]\n[Hume (hume)]: \"Of the three associative principles, causation is the stronges\"\nArgument: The distinction between knowledge and belief (Aristotelian) [from hume]\n  P1. Scientific..."
        },
        {
          "corpus_id": "sep",
          "title": "kant",
          "url": "https://plato.stanford.edu/entries/kant/",
          "score": 0.0,
          "snippet": "kant\n\nWith these works Kant secured international fame and came to dominate German philosophy in the late 1780s. But in 1790 he announced that the Critique of the Power of Judgment brought his..."
        },
        {
          "corpus_id": "sep",
          "title": "hume",
          "url": "https://plato.stanford.edu/entries/hume/",
          "score": 0.0,
          "snippet": "[Atlas highlights]\nArgument: Argument from Design [from hume]\n  P1. We find order in the universe similar to the order found in products of human artifice.\n  C. Therefore, the universe must be the..."
        },
        {
          "corpus_id": "sep",
          "title": "hume",
          "url": "https://plato.stanford.edu/entries/hume/",
          "score": 0.0,
          "snippet": "[Atlas highlights]\nArgument: Philo's Argument against Infinite God [from hume]\n  P1. If God is infinitely powerful, wise (goodness/wisdom), and good (benevolence), then misery should be absent.\n  P2...."
        },
        {
          "corpus_id": "sep",
          "title": "kant-hume-causality",
          "url": "https://plato.stanford.edu/entries/kant-hume-causality/",
          "score": 0.0,
          "snippet": "kant-hume-causality\n\nIt is only in the second edition of the Critique that Kant gives such a prominent place to Hume and his “objection” to causality, serving to introduce what Kant now calls..."
        },
        {
          "corpus_id": "sep",
          "title": "induction-problem",
          "url": "https://plato.stanford.edu/entries/induction-problem/",
          "score": 0.0,
          "snippet": "induction-problem\n\nOne possible response to Hume’s problem is to deny  premise P3,  by allowing the possibility that a priori reasoning could give rise to synthetic propositions. Kant famously..."
        },
        {
          "corpus_id": "sep",
          "title": "kant-hume-morality",
          "url": "https://plato.stanford.edu/entries/kant-hume-morality/",
          "score": 0.0,
          "snippet": "kant-hume-morality\n\nWhen comparing Hume and Kant, it is a mistake to ask simply which philosopher has the best account of freedom or does the best job of reconciling freedom and necessity. They..."
        },
        {
          "corpus_id": "sep",
          "title": "hume-newton",
          "url": "https://plato.stanford.edu/entries/hume-newton/",
          "score": 0.0,
          "snippet": "hume-newton\n\nHume’s account of causality covers at least five related issues: (1) how we acquire an idea of cause; (2) what we mean by “cause;” (3) how we reason about causes; (4) whether..."
        },
        {
          "corpus_id": "sep",
          "title": "kant-transcendental",
          "url": "https://plato.stanford.edu/entries/kant-transcendental/",
          "score": 0.0,
          "snippet": "kant-transcendental\n\nThe challenge Kant issues is to explain why, under normal conditions, the ordering in question is universal and necessary. Part of the best explanation, he believes, is (a), that..."
        },
        {
          "corpus_id": "sep",
          "title": "causation-law",
          "url": "https://plato.stanford.edu/entries/causation-law/",
          "score": 0.0,
          "snippet": "causation-law\n\nBecause Hume’s analysis takes “the glue” out of the causal relation—a cause doesn’t make its effect occur, it is only regularly followed by its effect—it is commonly..."
        },
        {
          "corpus_id": "sep",
          "title": "kant-transcendental-idealism",
          "url": "https://plato.stanford.edu/entries/kant-transcendental-idealism/",
          "score": 0.0,
          "snippet": "kant-transcendental-idealism\n\nIn the 1960s and 1970s a group of scholars, in some cases in direct opposition to Strawson, developed a non-phenomenalist, anti-metaphysical reading of transcendental..."
        },
        {
          "corpus_id": "sep",
          "title": "hume-freewill",
          "url": "https://plato.stanford.edu/entries/hume-freewill/",
          "score": 0.0,
          "snippet": "hume-freewill\n\nApart from these “internal” difficulties among Hume’s core arguments, it may also be questioned whether Hume’s alternative account of causation serves to allay or diffuse other..."
        },
        {
          "corpus_id": "sep",
          "title": "kant-conceptualism",
          "url": "https://plato.stanford.edu/entries/kant-conceptualism/",
          "score": 0.0,
          "snippet": "kant-conceptualism\n\nKant, Immanuel |  Kant, Immanuel: philosophy of mathematics |  Kant, Immanuel: transcendental idealism |  Kant, Immanuel: view of mind and consciousness of self |  Kant, Immanuel:..."
        },
        {
          "corpus_id": "sep",
          "title": "maimon",
          "url": "https://plato.stanford.edu/entries/maimon/",
          "score": 0.0,
          "snippet": "maimon\n\nWhile Maimon’s objections to Kant focus on specific issues that arise in the Critique, they all rest on Maimon’s commitment to a type of ‘skeptical rationalism.’ Maimon notes that in..."
        },
        {
          "corpus_id": "sep",
          "title": "hegel-dialectics",
          "url": "https://plato.stanford.edu/entries/hegel-dialectics/",
          "score": 0.0,
          "snippet": "hegel-dialectics\n\nKant thought Hume’s argument led to an unacceptable, skeptical conclusion, and he rejected Hume’s own solution to the skepticism (see Kant’s Critique of Pure Reason, B5,..."
        },
        {
          "corpus_id": "sep",
          "title": "private-language",
          "url": "https://plato.stanford.edu/entries/private-language/",
          "score": 0.0,
          "snippet": "private-language\n\nWhat Kripke means by this comparison with a Humean problem is that Wittgenstein is questioning the nexus between a past act of meaning and subsequent practice in a way analogous to..."
        },
        {
          "corpus_id": "sep",
          "title": "hume-moral",
          "url": "https://plato.stanford.edu/entries/hume-moral/",
          "score": 0.0,
          "snippet": "hume-moral\n\nHume, David |  property and ownership"
        },
        {
          "corpus_id": "sep",
          "title": "causation-physics",
          "url": "https://plato.stanford.edu/entries/causation-physics/",
          "score": 0.0,
          "snippet": "causation-physics\n\nCauses are often taken to act deterministically in accord with the principle “same cause—same effect”. Indeed, that causes determine their effects is built into many..."
        },
        {
          "corpus_id": "sep",
          "title": "hume",
          "url": "https://plato.stanford.edu/entries/hume/",
          "score": 0.0,
          "snippet": "hume\n\nAlthough Hume’s more conservative contemporaries denounced his writings as works of scepticism and atheism, his influence is evident in the moral philosophy and economic writings of his close..."
        },
        {
          "corpus_id": "sep",
          "title": "kant",
          "url": "https://plato.stanford.edu/entries/kant/",
          "score": 0.0,
          "snippet": "kant\n\nKant may have developed this thread of his argument in the transcendental deduction after reading Johann Nicolaus Tetens (1736–1807) rather than through a direct encounter with Locke’s..."
        },
        {
          "corpus_id": "sep",
          "title": "kant-hume-causality",
          "url": "https://plato.stanford.edu/entries/kant-hume-causality/",
          "score": 0.0,
          "snippet": "kant-hume-causality\n\nThat metaphysics until now has remained in such a wavering state of uncertainty and contradictions is to be ascribed solely to the fact that this problem, and perhaps even the..."
        },
        {
          "corpus_id": "sep",
          "title": "kant-hume-causality",
          "url": "https://plato.stanford.edu/entries/kant-hume-causality/",
          "score": 0.0,
          "snippet": "kant-hume-causality\n\nLater, in §§ 27–30 of the Prolegomena, Kant returns to Hume’s problem and presents his own solution. Kant begins, in § 27, by stating that “here is now the place to..."
        },
        {
          "corpus_id": "sep",
          "title": "kant-hume-causality",
          "url": "https://plato.stanford.edu/entries/kant-hume-causality/",
          "score": 0.0,
          "snippet": "kant-hume-causality\n\nKant concludes, in § 30, by stating that we are now in possession of “a complete solution of the Humean problem” (4, 313; 66)—which, Kant adds,"
        },
        {
          "corpus_id": "sep",
          "title": "induction-problem",
          "url": "https://plato.stanford.edu/entries/induction-problem/",
          "score": 0.0,
          "snippet": "induction-problem\n\nHume introduces the problem of induction as part of an analysis of the notions of cause and effect. Hume worked with a picture, widespread in the early modern period, in which the..."
        },
        {
          "corpus_id": "sep",
          "title": "induction-problem",
          "url": "https://plato.stanford.edu/entries/induction-problem/",
          "score": 0.0,
          "snippet": "induction-problem\n\nAs we have seen in  section 1,  Hume takes demonstrative arguments to have conclusions which are “relations of ideas”, whereas “probable” or “moral” arguments have..."
        },
        {
          "corpus_id": "sep",
          "title": "induction-problem",
          "url": "https://plato.stanford.edu/entries/induction-problem/",
          "score": 0.0,
          "snippet": "induction-problem\n\nHume asks on what grounds we come to our beliefs about the unobserved on the basis of inductive inferences. He presents an argument in the form of a dilemma which appears to rule..."
        }
      ],
      "source_score": {
        "matched": [
          "hume",
          "kant",
          "kant-hume-causality"
        ],
        "missing": [],
        "total_expected": 3,
        "ratio": 1.0
      },
      "fact_score": {
        "matched": [
          "constant conjunction",
          "necessary connection",
          "transcendental",
          "synthetic a priori",
          "categories of understanding",
          "Hume",
          "Kant"
        ],
        "missing": [
          "regularity theory"
        ],
        "total_expected": 8,
        "ratio": 0.875
      },
      "embed_ms": 0,
      "search_ms": 0,
      "corpora_hit": [
        "sep"
      ],
      "vector_eligible": true,
      "synth": {
        "answer": "David Hume and Immanuel Kant offer fundamentally different accounts of causation, rooted in their opposing views on the source of human knowledge. For Hume, causality is a psychological habit derived from experience; for Kant, it is an *a priori* category of understanding that structures experience itself.\n\n### 1. Hume’s Account: Causation as Custom\nHume’s analysis begins with his \"fork,\" which divides all objects of human reason into two categories: **relations of ideas** (analytic propositions known through logic) and **matters of fact** (contingent truths known only through sense experience). [Source: hume] Because causal connections are not logical necessities—one can always conceive of a cause without its effect—they cannot be relations of ideas. Therefore, any knowledge of causality must come from matters of fact. [Source: induction-problem]\n\nHowever, when we examine our sensory impressions, we never perceive the \"necessary connection\" or \"glue\" between events; we observe only one event following another in constant conjunction. [Source: causation-law] Hume argues that because no amount of observation reveals an inherent power linking cause to effect, the belief in causality is not based on reason but on **custom** or habit. After repeatedly observing Event A followed by Event B, the mind forms a customary association such that the appearance of A immediately leads us to expect B. Thus, for Hume, causality is a subjective projection of the human imagination onto the world, grounded entirely in empirical experience and associative psychology. [Source: hegel-dialectics]; [Source: hume]\n\n### 2. Kant’s Account: Causation as a Transcendental Category\nKant famously stated that reading Hume \"awoke him from his dogmatic slumbers.\" [Source: hume] He agreed with Hume that causal necessity cannot be derived *from* experience (since experience only yields contingent observations). However, Kant rejected Hume's conclusion that causality was merely a subjective habit. Instead, Kant argued that if we have universal and necessary knowledge of causes (as seen in Newtonian physics), this knowledge must be **synthetic *a priori***—it adds to our knowledge but is independent of specific experiences. [Source: induction-problem]; [Source: sep]\n\nTo explain how such knowledge is possible, Kant proposed a \"Copernican revolution\": rather than assuming our mind conforms to objects, we must assume that objects conform to the structure of our mind. [Source: hegel-dialectics] Causality is one of the pure concepts or **\"categories\" of the understanding**. It is not something we discover in nature; it is a rule imposed by the human cognitive faculty upon sensory data to make experience coherent. Without the category of causation, our perceptions would remain a chaotic stream of subjective associations (what Hume called \"custom\") and could never be organized into objective events with strict universality. [Source: kant-transcendental]; [Source: sep]\n\n### 3. Why Kant Saw a Problem Demanding a Transcendental Solution\nKant took Hume’s skepticism seriously because he believed Hume had correctly identified that **empiricism alone cannot justify scientific necessity.** If knowledge were limited strictly to what sense experience provides—as Hume argued—then universal laws like \"every event has a cause\" would lack justification. They would be mere generalizations based on past observations, offering no guarantee for the future. This leads to radical skepticism about science and metaphysics. [Source: induction-problem]; [Source: hegel-dialectics]\n\nFor Kant, this was unacceptable because it threatened the very foundation of rational inquiry. He needed to explain why our ordering of representations is **universal and necessary** rather than merely contingent or habitual. [Source: kant-transcendental] The Humean proposal—that association alone could account for causality—failed because simple sensory associations (like word association) do not exhibit the requisite universality; they are subjective and variable. [Source: kant-transcendental] Therefore, a \"transcendental solution\" was required: one that demonstrated how the mind’s innate structures (the categories) make objective experience possible in the first place. By grounding causality in the transcendental structure of human reason rather than empirical habit, Kant aimed to secure scientific knowledge against skeptical doubt while acknowledging its limits to the realm of possible experience. [Source: hegel-dialectics]; [Source: sep]\n\nI don't have reliable information on whether there were specific contemporary critiques of this synthesis from figures like Jacobi or Maimon beyond what is briefly noted; would you like me to search for more details on those objections?\n\n---\n*Verification note: these statements could not be confirmed against your sources — treat them as unverified:*\n- Because causal connections are not logical necessities—one can always conceive of a cause without its effect—they cannot be relations of ideas.\n- of the understanding. It is not something we discover in nature; it is a rule imposed by the human cognitive faculty upon sensory data to make experience cohere…",
        "reasoning_chars": 0,
        "stream_wall_ms": 69661,
        "total_latency_ms": 64332,
        "intent": "DeepQuery",
        "source_origins": [
          "sep"
        ],
        "retrieved_chunk_count": 36,
        "chunks_fact_score": {
          "matched": [
            "constant conjunction",
            "necessary connection",
            "transcendental",
            "synthetic a priori",
            "categories of understanding",
            "Hume",
            "Kant"
          ],
          "missing": [
            "regularity theory"
          ],
          "total_expected": 8,
          "ratio": 0.875
        },
        "judge_fact_score": {
          "matched": [
            "constant conjunction",
            "necessary connection",
            "transcendental",
            "synthetic a priori",
            "categories of understanding",
            "Hume",
            "Kant"
          ],
          "missing": [
            "regularity theory"
          ],
          "total_expected": 8,
          "ratio": 0.875
        },
        "judge_evidence": [
          {
            "fact": "constant conjunction",
            "present": true,
            "evidence": "...we observe only one event following another in constant conjunction."
          },
          {
            "fact": "necessary connection",
            "present": true,
            "evidence": "\"However, when we examine our sensory impressions, we never perceive the 'necessary connection' or 'glue' between events;\""
          },
          {
            "fact": "transcendental",
            "present": true,
            "evidence": "\"Therefore, a 'transcendental solution' was required: one that demonstrated how the mind's innate structures (the categories) make objective experience possible in the first place.\""
          },
          {
            "fact": "synthetic a priori",
            "present": true,
            "evidence": "\"Kant argued that if we have universal and necessary knowledge of causes... this knowledge must be synthetic *a priori*\""
          },
          {
            "fact": "regularity theory",
            "present": false,
            "evidence": "(absent)"
          },
          {
            "fact": "categories of understanding",
            "present": true,
            "evidence": "\"for Kant, it is an *a priori* category of understanding that structures experience itself.\""
          },
          {
            "fact": "Hume",
            "present": true,
            "evidence": "\"David Hume and Immanuel Kant offer fundamentally different accounts of causation... For Hume, causality is a psychological habit derived from experience\""
          },
          {
            "fact": "Kant",
            "present": true,
            "evidence": "David Hume and Immanuel Kant offer fundamentally different accounts of causation..."
          }
        ]
      }
    },
    {
      "question_id": "argument_aristotle_hylomorphism",
      "category": "argument_reconstruction",
      "question": "Reconstruct Aristotle's hylomorphic account of substance, and explain\nwhy some commentators read De Anima's account of the soul as\nnon-reductive form-of-the-body and others as a kind of property\ndualism.\n",
      "retrieved": [
        {
          "corpus_id": "sep",
          "title": "sep",
          "url": null,
          "score": 0.0,
          "snippet": "Aristotle advances hylomorphism as a mind-independent framework to resolve puzzles about change, positing that matter and form are essential components of substance. He argues for the primacy of form...",
          "source": "raptor"
        },
        {
          "corpus_id": "sep",
          "title": "sep",
          "url": null,
          "score": 0.0,
          "snippet": "Aristotle characterizes the soul as the form of the body through his hylomorphic framework, which explains their relationship using matter and form rather than treating them as identical or separate...",
          "source": "raptor"
        },
        {
          "corpus_id": "sep",
          "title": "sep",
          "url": null,
          "score": 0.0,
          "snippet": "Aristotle investigates the nature of substance by distinguishing between accidental and essential predication, ultimately identifying essence as a primary candidate for substance. He further analyzes...",
          "source": "raptor"
        },
        {
          "corpus_id": "sep",
          "title": "sep",
          "url": null,
          "score": 0.0,
          "snippet": "The passages analyze Aristotle's hylomorphic theory, examining the roles of matter and form in accounting for change and substance. A central debate concerns whether matter or particular forms serve...",
          "source": "raptor"
        },
        {
          "corpus_id": "sep",
          "title": "sep",
          "url": null,
          "score": 0.0,
          "snippet": "Aristotle's hylomorphism posits that physical objects are compounds of matter and form, a doctrine developed to explain natural change and substantial generation. While initially presented as...",
          "source": "raptor"
        },
        {
          "corpus_id": "sep",
          "title": "sep",
          "url": null,
          "score": 0.0,
          "snippet": "Aristotle argues that primary substances are hylomorphic compounds whose essence is identified with their form rather than matter, as form alone satisfies the criteria of separability and being a...",
          "source": "raptor"
        },
        {
          "corpus_id": "sep",
          "title": "sep",
          "url": null,
          "score": 0.0,
          "snippet": "Aquinas argues that material substances are composites of prime matter and substantial forms, with the soul serving as the unifying form for living beings rather than a separate spiritual entity. He...",
          "source": "raptor"
        },
        {
          "corpus_id": "sep",
          "title": "sep",
          "url": null,
          "score": 0.0,
          "snippet": "Radulphus Brito advances a realist position asserting that the soul is the substantial form of the living body, thereby constituting an essential hylomorphic unity with organic matter. He further...",
          "source": "raptor"
        },
        {
          "corpus_id": "sep",
          "title": "dualism",
          "url": "https://plato.stanford.edu/entries/dualism/",
          "score": 0.0,
          "snippet": "[Atlas highlights]\nArgument: Plato's Affinity Argument for Immateriality of Intellect [from dualism]\n  P1. P1: Forms are immaterial and eternal.\n  P2. P2: The world is intelligible because Forms..."
        },
        {
          "corpus_id": "sep",
          "title": "aristotle",
          "url": "https://plato.stanford.edu/entries/aristotle/",
          "score": 0.0,
          "snippet": "[Atlas highlights]\nArgument: Argument for Mixed Constitution via Democracy [from aristotle]\n  P1. Humans have deep acquisitional propensities that make pure aristocracy difficult to sustain.\n  P2...."
        },
        {
          "corpus_id": "sep",
          "title": "aristotle",
          "url": "https://plato.stanford.edu/entries/aristotle/",
          "score": 0.0,
          "snippet": "[Atlas highlights]\nDefining soul (aristotle): \"'what is ensouled is distinguished from what is unensouled by living'\"\nArgument: Argument from Reversibility of Matter [from aristotle]\n  P1. Socrates..."
        },
        {
          "corpus_id": "sep",
          "title": "aristotle",
          "url": "https://plato.stanford.edu/entries/aristotle/",
          "score": 0.0,
          "snippet": "[Atlas highlights]\nArgument: Universal Affirmation Deduction [from aristotle]\n  P1. All As are Bs.\n  P2. All Bs are Cs.\n  C. Therefore, all As are Cs.\n\n[Aristotle (aristotle)]: \"a deduciton is ‘an..."
        },
        {
          "corpus_id": "sep",
          "title": "dualism",
          "url": "https://plato.stanford.edu/entries/dualism/",
          "score": 0.0,
          "snippet": "[Atlas highlights]\n[Robinson (dualism)]: \"Conservation principles are not ubiquitous in physics... Why then, should we insist on it in mind-brain interaction?\"\n[dualism (dualism)]: \"The irreducible..."
        },
        {
          "corpus_id": "sep",
          "title": "dualism",
          "url": "https://plato.stanford.edu/entries/dualism/",
          "score": 0.0,
          "snippet": "[Atlas highlights]\n[dualism]: \"We can learn things with veryfew trials because we latch on toabstract relationships... whereas the machine requires many – perhaps thousands or millions –..."
        },
        {
          "corpus_id": "sep",
          "title": "aristotle-psychology",
          "url": "https://plato.stanford.edu/entries/aristotle-psychology/",
          "score": 0.0,
          "snippet": "aristotle-psychology\n\nOne way of appreciating this is to consider a second general moral Aristotle derives from hylomorphism. This concerns the question of the separability of the soul from the body,..."
        },
        {
          "corpus_id": "sep",
          "title": "aristotle-metaphysics",
          "url": "https://plato.stanford.edu/entries/aristotle-metaphysics/",
          "score": 0.0,
          "snippet": "aristotle-metaphysics\n\nIn restating his point “yet more perspicuously” (1035b4), Aristotle notes parenthetically another important aspect of his theory of substance. He reiterates the priority of..."
        },
        {
          "corpus_id": "sep",
          "title": "radulphus-brito",
          "url": "https://plato.stanford.edu/entries/radulphus-brito/",
          "score": 0.0,
          "snippet": "radulphus-brito\n\nIn his commentary on De anima II, Brito goes on to discuss the description of the soul as the substantial form of the living body. The discussion is directly related to the debate..."
        },
        {
          "corpus_id": "sep",
          "title": "form-matter",
          "url": "https://plato.stanford.edu/entries/form-matter/",
          "score": 0.0,
          "snippet": "form-matter\n\nWhile the basic idea of hylomorphism is easy to grasp, much remains unclear beneath the surface. Aristotle introduces matter and form, in the Physics, to account for changes in the..."
        },
        {
          "corpus_id": "sep",
          "title": "substance",
          "url": "https://plato.stanford.edu/entries/substance/",
          "score": 0.0,
          "snippet": "substance\n\nOur discussion of Aristotle ended by returning to the issue of the unity of substantial form—what is the difference between a collection of ‘essential’ properties and the form as a..."
        },
        {
          "corpus_id": "sep",
          "title": "ancient-soul",
          "url": "https://plato.stanford.edu/entries/ancient-soul/",
          "score": 0.0,
          "snippet": "ancient-soul\n\nAristotle's theory, as it is presented primarily in the De Anima (for a complete account,  see Aristotle's Psychology),  comes very close to providing a comprehensive, fully developed..."
        },
        {
          "corpus_id": "sep",
          "title": "aristotle-rhetoric",
          "url": "https://plato.stanford.edu/entries/aristotle-rhetoric/",
          "score": 0.0,
          "snippet": "aristotle-rhetoric\n\nAristotle |  Aristotle, General Topics: aesthetics |  Aristotle, General Topics: logic |  Cicero |  Plato: rhetoric and poetry"
        },
        {
          "corpus_id": "sep",
          "title": "byzantine-philosophy",
          "url": "https://plato.stanford.edu/entries/byzantine-philosophy/",
          "score": 0.0,
          "snippet": "byzantine-philosophy\n\nThe question of the immortality of the soul is a potential point of conflict between Orthodox Christian doctrine and Byzantine natural philosophy. Byzantine natural philosophy,..."
        },
        {
          "corpus_id": "sep",
          "title": "medieval-philosophy",
          "url": "https://plato.stanford.edu/entries/medieval-philosophy/",
          "score": 0.0,
          "snippet": "medieval-philosophy\n\nPlato thought of human souls as distinct substances from their bodies, capable of existing separately and being reincarnated. The late ancient Platonists retained this dualism..."
        },
        {
          "corpus_id": "sep",
          "title": "aristotle-natphil",
          "url": "https://plato.stanford.edu/entries/aristotle-natphil/",
          "score": 0.0,
          "snippet": "aristotle-natphil\n\nAristotle, General Topics: biology |  Aristotle, General Topics: logic |  Aristotle, General Topics: metaphysics |  Aristotle, General Topics: psychology |  Aristotle, Special..."
        },
        {
          "corpus_id": "sep",
          "title": "aristotle-commentators",
          "url": "https://plato.stanford.edu/entries/aristotle-commentators/",
          "score": 0.0,
          "snippet": "aristotle-commentators\n\nAnother text that has important implications for the reception of Aristotle’s treatment of the intellect is the paraphrase of the De anima that Themistius wrote around 350..."
        },
        {
          "corpus_id": "sep",
          "title": "al-kindi",
          "url": "https://plato.stanford.edu/entries/al-kindi/",
          "score": 0.0,
          "snippet": "al-kindi\n\nThat There are Incorporeal Substances (Abu Rida 1950, 265–69, Adamson and Pormann 2009) is a creative application of ideas from Aristotle’s Categories to the problem of showing that the..."
        },
        {
          "corpus_id": "sep",
          "title": "theology-aristotle",
          "url": "https://plato.stanford.edu/entries/theology-aristotle/",
          "score": 0.0,
          "snippet": "theology-aristotle\n\nSympathy for Aristotle’s theory of soul is apparent too in the Arabic version of Enneads IV.7.85. In this chapter, Plotinus criticizes Aristotle’s doctrine that the soul is a..."
        },
        {
          "corpus_id": "sep",
          "title": "aristotle-psychology",
          "url": "https://plato.stanford.edu/entries/aristotle-psychology/",
          "score": 0.0,
          "snippet": "aristotle-psychology\n\nIn De Anima, Aristotle makes extensive use of technical terminology introduced and explained elsewhere in his writings. He claims, for example, using vocabulary derived from his..."
        },
        {
          "corpus_id": "sep",
          "title": "dualism",
          "url": "https://plato.stanford.edu/entries/dualism/",
          "score": 0.0,
          "snippet": "dualism\n\nThe more modern versions of dualism have their origin in Descartes’ Meditations, and in the debate that was consequent upon Descartes’ theory. Descartes was a substance dualist. He..."
        },
        {
          "corpus_id": "sep",
          "title": "aristotle",
          "url": "https://plato.stanford.edu/entries/aristotle/",
          "score": 0.0,
          "snippet": "aristotle\n\nAs Aristotle sets them out, these problems take the form of puzzles, or aporiai, regarding whether and if so how time exists (Phys. 218a8–30). If we say that time is the totality of the..."
        },
        {
          "corpus_id": "sep",
          "title": "aristotle-psychology",
          "url": "https://plato.stanford.edu/entries/aristotle-psychology/",
          "score": 0.0,
          "snippet": "aristotle-psychology\n\nIn the same way, then, the presence of the soul explains why this matter is the matter of a human being, as opposed to some other kind of thing. Now, this way of looking at..."
        },
        {
          "corpus_id": "sep",
          "title": "aristotle-psychology",
          "url": "https://plato.stanford.edu/entries/aristotle-psychology/",
          "score": 0.0,
          "snippet": "aristotle-psychology\n\nAristotle approaches his account of the nutritive soul by relying on a methodological precept which informs much of his psychological theorizing, namely that a capacity is..."
        },
        {
          "corpus_id": "sep",
          "title": "aristotle-metaphysics",
          "url": "https://plato.stanford.edu/entries/aristotle-metaphysics/",
          "score": 0.0,
          "snippet": "aristotle-metaphysics\n\nAt this point there appears to be a close connection between the essence of a substance and its species (eidos), and this might tempt one to suppose that Aristotle is..."
        },
        {
          "corpus_id": "sep",
          "title": "aristotle-metaphysics",
          "url": "https://plato.stanford.edu/entries/aristotle-metaphysics/",
          "score": 0.0,
          "snippet": "aristotle-metaphysics\n\nThe role of form in this hylomorphic context is the topic of Ζ.7–9. (Although these chapters were almost certainly not originally included in Book Ζ—there is no reference..."
        },
        {
          "corpus_id": "sep",
          "title": "aristotle-metaphysics",
          "url": "https://plato.stanford.edu/entries/aristotle-metaphysics/",
          "score": 0.0,
          "snippet": "aristotle-metaphysics\n\nBut Aristotle rejects this answer as impossible (1029a28), claiming that substance must be “separable” (chôriston) and “this something” (tode ti, sometimes translated..."
        }
      ],
      "source_score": {
        "matched": [
          "aristotle-metaphysics",
          "aristotle-psychology",
          "form-matter"
        ],
        "missing": [],
        "total_expected": 3,
        "ratio": 1.0
      },
      "fact_score": {
        "matched": [
          "hylomorphism",
          "form",
          "matter",
          "Aristotle",
          "substance",
          "De Anima",
          "soul",
          "actuality"
        ],
        "missing": [],
        "total_expected": 8,
        "ratio": 1.0
      },
      "embed_ms": 0,
      "search_ms": 0,
      "corpora_hit": [
        "sep"
      ],
      "vector_eligible": true,
      "synth": {
        "answer": "Aristotle’s hylomorphic account of substance posits that physical objects are compounds (*synolon*) of matter and form. Matter is the potentiality to become a specific thing, while form is the actuality or essence that makes it what it is [Source: aristotle-metaphysics]. Form satisfies Aristotle's criteria for primary substance because it provides unity, separability (in definition), and intelligibility [Source: aristotle-metaphysics], whereas matter alone fails to be a determinate \"this something\" (*tode ti*) [Source: substance].\n\nIn *De Anima*, Aristotle applies this framework to living beings by defining the soul as the \"substance as form of a natural body which has life in potentiality\" (412a20–1) [Source: aristotle-psychology]. The soul is not a separate entity but the first actuality or organizing principle that accounts for all vital functions—nutrition, perception, and thought—in an organism [Source: ancient-soul; Source: medieval-philosophy]. This view steers a middle course between Platonic dualism (which treats the soul as separable from the body) and reductive materialism (which reduces the soul to mere matter), asserting instead that the ensouled body is a unified hylomorphic compound [Source: aristotle-psychology].\n\nCommentators disagree on whether this account constitutes non-reductive form-of-the-body unity or a kind of property dualism. The \"non-reductive\" reading emphasizes Aristotle's insistence that the soul is inseparable from the body in most respects, just as shape cannot exist without bronze [Source: dualism; Source: aristotle-psychology]. However, other commentators point to passages where Aristotle suggests certain parts of the intellect (*nous*) are separable and immortal because they lack a bodily organ (De Anima 413a6–7) [Source: dualism; Source: byzantine-philosophy]. This exception allows for an interpretation akin to property dualism—where mental properties (specifically rational thought) appear irreducible to physical processes—or even substance dualism regarding the active intellect. Thus, while hylomorphism generally unifies soul and body, the unique status granted to *nous* creates tension that some interpret as a form of dualist \"leakage\" within an otherwise unified system [Source: aristotle-psychology; Source: medieval-philosophy].\n\n---\n*Verification note: these statements could not be confirmed against your sources — treat them as unverified:*\n- Commentators disagree on whether this account constitutes non-reductive form-of-the-body unity or a kind of property dualism.",
        "reasoning_chars": 0,
        "stream_wall_ms": 51980,
        "total_latency_ms": 46485,
        "intent": "DeepQuery",
        "source_origins": [
          "sep"
        ],
        "retrieved_chunk_count": 35,
        "chunks_fact_score": {
          "matched": [
            "hylomorphism",
            "form",
            "matter",
            "Aristotle",
            "substance",
            "De Anima",
            "soul"
          ],
          "missing": [
            "actuality"
          ],
          "total_expected": 8,
          "ratio": 0.875
        },
        "judge_fact_score": {
          "matched": [
            "hylomorphism",
            "form",
            "matter",
            "Aristotle",
            "substance",
            "De Anima",
            "soul",
            "actuality"
          ],
          "missing": [],
          "total_expected": 8,
          "ratio": 1.0
        },
        "judge_evidence": [
          {
            "fact": "hylomorphism",
            "present": true,
            "evidence": "\"Aristotle's hylomorphic account of substance posits that physical objects are compounds (synolon) of matter and form.\""
          },
          {
            "fact": "form",
            "present": true,
            "evidence": "\"Aristotle's hylomorphic account of substance posits that physical objects are compounds (synolon) of matter and form.\""
          },
          {
            "fact": "matter",
            "present": true,
            "evidence": "\"Aristotle's hylomorphic account of substance posits that physical objects are compounds (synolon) of matter and form.\""
          },
          {
            "fact": "Aristotle",
            "present": true,
            "evidence": "\"Aristotle's hylomorphic account of substance posits that physical objects are compounds\""
          },
          {
            "fact": "substance",
            "present": true,
            "evidence": "\"Aristotle's hylomorphic account of substance posits that physical objects are compounds\""
          },
          {
            "fact": "De Anima",
            "present": true,
            "evidence": "\"In *De Anima*, Aristotle applies this framework to living beings by defining the soul as...\""
          },
          {
            "fact": "soul",
            "present": true,
            "evidence": "\"In De Anima, Aristotle applies this framework to living beings by defining the soul as the 'substance as form of a natural body which has life in potentiality'\""
          },
          {
            "fact": "actuality",
            "present": true,
            "evidence": "\"Form is the actuality or essence that makes it what it is\""
          }
        ]
      }
    },
    {
      "question_id": "position_summary_husserl_heidegger",
      "category": "position_summary",
      "question": "What is Husserl's transcendental reduction (the epoché), and how does\nHeidegger's analysis of being-in-the-world in Being and Time depart\nfrom the methodological commitments of Husserlian phenomenology?\n",
      "retrieved": [
        {
          "corpus_id": "sep",
          "title": "sep",
          "url": null,
          "score": 0.0,
          "snippet": "Heidegger reorients hermeneutics from Husserl's epistemological foundations to fundamental ontological inquiries into human existence, arguing that the phenomenological epoché is inadequate for...",
          "source": "raptor"
        },
        {
          "corpus_id": "sep",
          "title": "sep",
          "url": null,
          "score": 0.0,
          "snippet": "Husserl develops transcendental phenomenology to analyze the essential structures of consciousness, employing methods such as eidetic reduction and various forms of epoché to bracket naive...",
          "source": "raptor"
        },
        {
          "corpus_id": "sep",
          "title": "sep",
          "url": null,
          "score": 0.0,
          "snippet": "Husserl’s phenomenology analyzes intentional consciousness by distinguishing between propositional meanings, indexical contents anchored to a determinable X, and the noematic quality of...",
          "source": "raptor"
        },
        {
          "corpus_id": "sep",
          "title": "sep",
          "url": null,
          "score": 0.0,
          "snippet": "Heidegger argues that Western philosophy has forgotten the question of Being, necessitating a fundamental ontology grounded in Dasein's pre-ontological understanding. He characterizes human existence...",
          "source": "raptor"
        },
        {
          "corpus_id": "sep",
          "title": "sep",
          "url": null,
          "score": 0.0,
          "snippet": "Heidegger argues that Dasein's existence is fundamentally grounded in temporality, which serves as the transcendental condition for spatiality, care, and intelligibility. This framework posits that...",
          "source": "raptor"
        },
        {
          "corpus_id": "sep",
          "title": "sep",
          "url": null,
          "score": 0.0,
          "snippet": "Martin Heidegger argues that Western philosophy has forgotten the question of Being, necessitating a fundamental ontology grounded in Dasein's pre-ontological understanding and temporality. His work...",
          "source": "raptor"
        },
        {
          "corpus_id": "sep",
          "title": "sep",
          "url": null,
          "score": 0.0,
          "snippet": "Heidegger's analysis of Van Gogh’s painting is defended as a valid phenomenological inquiry into equipmentality that reveals primordial modes of existence, rendering Schapiro’s criticism...",
          "source": "raptor"
        },
        {
          "corpus_id": "sep",
          "title": "sep",
          "url": null,
          "score": 0.0,
          "snippet": "Heidegger's philosophy evolves from analyzing Dasein's spatial Being-in-the-world to defining human essence as dwelling within the fourfold, which involves safeguarding the truth of Being. This later...",
          "source": "raptor"
        },
        {
          "corpus_id": "sep",
          "title": "heidegger",
          "url": "https://plato.stanford.edu/entries/heidegger/",
          "score": 0.0,
          "snippet": "[Atlas highlights]\nDefining Being and Time (heidegger): \"Also called care, this non-intentional openness replaced Husserlian intentionality.\"\n[Martin Heidegger (heidegger)]: \"\"the 'Kehre' is at work..."
        },
        {
          "corpus_id": "sep",
          "title": "heidegger",
          "url": "https://plato.stanford.edu/entries/heidegger/",
          "score": 0.0,
          "snippet": "[Atlas highlights]\n[Martin Heidegger (heidegger)]: \"“Adding on value-predicates cannot tell us anything at all new about the Being of goods, but would merely presuppose again that goods have pure..."
        },
        {
          "corpus_id": "sep",
          "title": "husserl",
          "url": "https://plato.stanford.edu/entries/husserl/",
          "score": 0.0,
          "snippet": "husserl\n\nIn the first decade of the 20th century, Husserl considerably refined and modified his method into what he called “transcendental phenomenology”. This method has us focus on the..."
        },
        {
          "corpus_id": "sep",
          "title": "heidegger",
          "url": "https://plato.stanford.edu/entries/heidegger/",
          "score": 0.0,
          "snippet": "[Atlas highlights]\n[Martin Heidegger (heidegger)]: \"But Heidegger does, which is why he raises the more fundamental question: what does ‘to exist’ mean?\"\n[Martin Heidegger (heidegger)]:..."
        },
        {
          "corpus_id": "sep",
          "title": "time",
          "url": "https://plato.stanford.edu/entries/time/",
          "score": 0.0,
          "snippet": "time\n\nTo get an intuitive idea of what temporal parts are supposed to be, think of a film strip depicting you as you walk across a room. It is made up of many frames, and each frame shows you at a..."
        },
        {
          "corpus_id": "sep",
          "title": "husserl",
          "url": "https://plato.stanford.edu/entries/husserl/",
          "score": 0.0,
          "snippet": "[Atlas highlights]\n[Edmund Husserl (husserl)]: \"On Husserl’s view, that thought simply lacks a corresponding object; the intentional act is 'merely as of', but not really of, an object.\"\n[Edmund..."
        },
        {
          "corpus_id": "sep",
          "title": "husserl",
          "url": "https://plato.stanford.edu/entries/husserl/",
          "score": 0.0,
          "snippet": "[Atlas highlights]\nDefining epoché (husserl): \"the existence of the object(s) (if any)... must be 'bracketed'. That is to say... must not rely upon the correctness of any existence assumption..."
        },
        {
          "corpus_id": "sep",
          "title": "phenomenology",
          "url": "https://plato.stanford.edu/entries/phenomenology/",
          "score": 0.0,
          "snippet": "phenomenology\n\nIn Being and Time (1927) Heidegger unfurled his rendition of phenomenology. For Heidegger, we and our activities are always “in the world”, our being is being-in-the-world, so we..."
        },
        {
          "corpus_id": "sep",
          "title": "findlay",
          "url": "https://plato.stanford.edu/entries/findlay/",
          "score": 0.0,
          "snippet": "findlay\n\nFindlay attitude towards Husserl was conflicted. On the one hand, he declared, more than once and without qualification, that Husserl was “the greatest philosopher of the twentieth..."
        },
        {
          "corpus_id": "sep",
          "title": "gasset",
          "url": "https://plato.stanford.edu/entries/gasset/",
          "score": 0.0,
          "snippet": "gasset\n\nOrtega’s dissatisfaction with this psychological understanding of theIdeas anticipated, in part, statements made by Husserl in 1935. In his Crisis for European Sciences and Transcendental..."
        },
        {
          "corpus_id": "sep",
          "title": "hermeneutics",
          "url": "https://plato.stanford.edu/entries/hermeneutics/",
          "score": 0.0,
          "snippet": "hermeneutics\n\nHeidegger clarifies the role played by hermeneutics in his early phenomenological inquiries into human existence through a critical reconsideration of Husserl’s classical..."
        },
        {
          "corpus_id": "sep",
          "title": "consciousness-intentionality",
          "url": "https://plato.stanford.edu/entries/consciousness-intentionality/",
          "score": 0.0,
          "snippet": "consciousness-intentionality\n\nInterpretations of Husserl diverge, partly due to difficulties in being clear about how to interpret his shift from the “quality/matter” to the “noema”..."
        },
        {
          "corpus_id": "sep",
          "title": "heidegger-aesthetics",
          "url": "https://plato.stanford.edu/entries/heidegger-aesthetics/",
          "score": 0.0,
          "snippet": "heidegger-aesthetics\n\nAbbreviations Used for Works by Heidegger (translations often modified)"
        },
        {
          "corpus_id": "sep",
          "title": "schutz",
          "url": "https://plato.stanford.edu/entries/schutz/",
          "score": 0.0,
          "snippet": "schutz\n\nSchutz’s philosophical targeting of the social world had its repercussions upon phenomenology, particularly in his critique near the end of his career of Husserl’s account (also referred..."
        },
        {
          "corpus_id": "sep",
          "title": "existentialism",
          "url": "https://plato.stanford.edu/entries/existentialism/",
          "score": 0.0,
          "snippet": "existentialism\n\nAs Sartre and Merleau-Ponty would later do, Heidegger pursued these issues with the somewhat unlikely resources of Edmund Husserl’s phenomenological method. And while not all..."
        },
        {
          "corpus_id": "sep",
          "title": "phenomenology-mg",
          "url": "https://plato.stanford.edu/entries/phenomenology-mg/",
          "score": 0.0,
          "snippet": "phenomenology-mg\n\nThe first volume of the Yearbook also featured Husserl’s Ideas Pertaining to a Pure Phenomenology and to a Phenomenological Philosophy, where Husserl places transcendental..."
        },
        {
          "corpus_id": "sep",
          "title": "moral-phenomenology",
          "url": "https://plato.stanford.edu/entries/moral-phenomenology/",
          "score": 0.0,
          "snippet": "moral-phenomenology\n\nThe specification of the main theme of phenomenology as intentionality is a result of exercising the “phenomenological reduction” (Husserl 1913: §§30–84). Without..."
        },
        {
          "corpus_id": "sep",
          "title": "levinas",
          "url": "https://plato.stanford.edu/entries/levinas/",
          "score": 0.0,
          "snippet": "levinas\n\nLevinas published his thesis, The Theory of Intuition in Husserl’s Phenomenology, in 1930. It was the first book-length introduction to Husserl’s thought in French. By focusing on the..."
        },
        {
          "corpus_id": "sep",
          "title": "personalism",
          "url": "https://plato.stanford.edu/entries/personalism/",
          "score": 0.0,
          "snippet": "personalism\n\nPersonalism in Germany was closely wedded to another philosophical school, phenomenology, developed by Austrian-born Edmund Husserl (1859–1938).  Like existentialism and French..."
        },
        {
          "corpus_id": "sep",
          "title": "time",
          "url": "https://plato.stanford.edu/entries/time/",
          "score": 0.0,
          "snippet": "time\n\nTenseless Proposition: “Sullivan eats a burrito at &lt;insert present time stamp&gt;”."
        },
        {
          "corpus_id": "sep",
          "title": "heidegger",
          "url": "https://plato.stanford.edu/entries/heidegger/",
          "score": 0.0,
          "snippet": "heidegger\n\nDasein is, then, our primary ‘object’ of study, and our point of investigative departure is Dasein's everyday encounters with entities. But what sort of philosophical method is..."
        },
        {
          "corpus_id": "sep",
          "title": "husserl",
          "url": "https://plato.stanford.edu/entries/husserl/",
          "score": 0.0,
          "snippet": "husserl\n\nIn the year 1916 Husserl became Heinrich Rickert’s successor as full professor (“Ordinarius”) in Freiburg/Breisgau, where (among many other things) he worked on passive synthesis (cf...."
        },
        {
          "corpus_id": "sep",
          "title": "time",
          "url": "https://plato.stanford.edu/entries/time/",
          "score": 0.0,
          "snippet": "time\n\nNote: This entry does not discuss the consciousness, perception, experience, or phenomenology of time. A historical overview and general presentation of the various views is available in the..."
        },
        {
          "corpus_id": "sep",
          "title": "time",
          "url": "https://plato.stanford.edu/entries/time/",
          "score": 0.0,
          "snippet": "time\n\nDiscussions of the nature of time, and of various issues related to time, have always featured prominently in philosophy, but they have been especially important since the beginning of the..."
        },
        {
          "corpus_id": "sep",
          "title": "phenomenology",
          "url": "https://plato.stanford.edu/entries/phenomenology/",
          "score": 0.0,
          "snippet": "phenomenology\n\nPhilosophers succeeding Husserl debated the proper characterization of phenomenology, arguing over its results and its methods. Adolf Reinach, an early student of Husserl’s (who died..."
        },
        {
          "corpus_id": "sep",
          "title": "phenomenology",
          "url": "https://plato.stanford.edu/entries/phenomenology/",
          "score": 0.0,
          "snippet": "phenomenology\n\nHusserl’s work was followed by a flurry of phenomenological writing in the first half of the 20th century. The diversity of traditional phenomenology is apparent in the Encyclopedia..."
        },
        {
          "corpus_id": "sep",
          "title": "phenomenology",
          "url": "https://plato.stanford.edu/entries/phenomenology/",
          "score": 0.0,
          "snippet": "phenomenology\n\nIn Ideas I Husserl presented phenomenology with a transcendental turn. In part this means that Husserl took on the Kantian idiom of “transcendental idealism”, looking for..."
        }
      ],
      "source_score": {
        "matched": [
          "husserl",
          "heidegger"
        ],
        "missing": [],
        "total_expected": 2,
        "ratio": 1.0
      },
      "fact_score": {
        "matched": [
          "epoché",
          "transcendental reduction",
          "Husserl",
          "phenomenology",
          "Heidegger",
          "being-in-the-world",
          "Dasein",
          "ready-to-hand"
        ],
        "missing": [],
        "total_expected": 8,
        "ratio": 1.0
      },
      "embed_ms": 0,
      "search_ms": 0,
      "corpora_hit": [
        "sep"
      ],
      "vector_eligible": true,
      "synth": {
        "answer": "Husserl’s transcendental reduction (the epoché) is a methodological procedure in which the phenomenologist \"brackets\" or suspends belief in the existence of the external world and its objects to focus exclusively on the essential structures of intentional consciousness [Source: husserl]. By setting aside what Husserl calls the \"natural attitude\"—our everyday, unreflective assumption that the world exists independently—the phenomenologist can analyze how objects constitute themselves within pure consciousness [Source: husserl; Source: phenomenology-mg]. This involves distinguishing between the object as it naively appears and the noema, or the object *as intended* by consciousness [Source: phenomenology]. The goal is a radical, unprejudiced justification of knowledge by revealing the transcendental conditions (the correlation between reality and consciousness) that make experience possible [Source: husserl; Source: phenomenology-mg].\n\nHeidegger’s analysis in *Being and Time* departs from this Husserlian framework through several fundamental methodological shifts:\n\n**1. From Consciousness to Being-in-the-World**\nHusserl’s phenomenology remains rooted in a neo-Cartesian emphasis on subjectivity and theoretical consciousness [Source: phenomenology]. Heidegger rejects this starting point, arguing that human existence (*Dasein*) is not a detached subject observing objects but is fundamentally \"being-in-the-world\" [Source: phenomenology]. For Heidegger, we do not study activities by bracketing the world; rather, our being is defined by an active, practical engagement with it [Source: phenomenology]. This shift replaces Husserlian intentionality (the directedness of consciousness toward an object) with what Heidegger calls \"care\" or *Sorge*—a non-intentional openness to the world grounded in practical use and context [Source: heidegger].\n\n**2. From Epoché to Hermeneutics**\nHeidegger argues that Husserl’s epoché is inadequate because it attempts a theoretical detachment that ignores the pre-theoretical conditions of existence [Source: heidegger]. For Heidegger, we can never fully bracket our involvement in the world; our understanding is always already shaped by historical tradition, social averaging, and practical familiarity [Source: sep]. Consequently, Heidegger replaces Husserl’s descriptive transcendental phenomenology with \"hermeneutical phenomenology\" [Source: hermeneutics; Source: time]. Phenomenology becomes an interpretive act (a *Hermeneutik*) aimed at uncovering the meaning of Being through Dasein's everyday encounters, rather than a pure description of conscious structures [Source: time].\n\n**3. From Present-at-Hand to Ready-to-Hand**\nIn Husserlian analysis, objects are often treated as present-at-hand (*Vorhandenheit*)—entities simply existing before a theoretical gaze [Source: heidegger]. Heidegger critiques this Cartesian view for presenting the world \"with its skin off,\" stripping away the practical context in which entities actually appear [Source: heidegger]. Instead, Heidegger prioritizes the ready-to-hand (*Zuhandenheit*), where things reveal themselves primarily through their utility and relation to other equipment (e.g., a hammer is understood through the act of hammering) [Source: phenomenology; Source: heidegger]. This practical engagement reveals that our primary mode of being-in-the-world is not cognitive observation but skilled activity.\n\n**4. Fundamental Ontology vs. Transcendental Idealism**\nWhile Husserl’s reduction leads to transcendental idealism—focusing on how consciousness constitutes objects—heidegger aims for \"fundamental ontology\" [Source: phenomenology; Source: sep]. He argues that all sciences operate with an implicit, pre-ontological understanding of Being [Source: heidegger]. The task of philosophy is not to justify knowledge from a detached ego (as in the *Cartesian Meditations*) but to clarify this pre-existing understanding by analyzing Dasein, the entity for whom its own being is an issue [Source: heidegger]. Thus, Heidegger shifts the focus from the epistemological question of how we know objects to the ontological question of what it means to exist.\n\nIn summary, while Husserl uses the epoché to isolate consciousness as the ground of meaning, Heidegger argues that such bracketing artificially isolates Dasein from its essential worldly involvement. Heidegger’s phenomenology is thus interpretive and existential rather than descriptive and transcendental, prioritizing practical engagement over theoretical reflection.",
        "reasoning_chars": 0,
        "stream_wall_ms": 71490,
        "total_latency_ms": 64648,
        "intent": "DeepQuery",
        "source_origins": [
          "sep"
        ],
        "retrieved_chunk_count": 35,
        "chunks_fact_score": {
          "matched": [
            "epoché",
            "transcendental reduction",
            "Husserl",
            "phenomenology",
            "Heidegger",
            "being-in-the-world",
            "Dasein"
          ],
          "missing": [
            "ready-to-hand"
          ],
          "total_expected": 8,
          "ratio": 0.875
        },
        "judge_fact_score": {
          "matched": [
            "epoché",
            "transcendental reduction",
            "Husserl",
            "phenomenology",
            "Heidegger",
            "being-in-the-world",
            "Dasein",
            "ready-to-hand"
          ],
          "missing": [],
          "total_expected": 8,
          "ratio": 1.0
        },
        "judge_evidence": [
          {
            "fact": "epoché",
            "present": true,
            "evidence": "\"Husserl’s transcendental reduction (the epoché) is a methodological procedure...\""
          },
          {
            "fact": "transcendental reduction",
            "present": true,
            "evidence": "\"Husserl's transcendental reduction (the epoché) is a methodological procedure in which the phenomenologist 'brackets' or suspends belief...\""
          },
          {
            "fact": "Husserl",
            "present": true,
            "evidence": "\"Husserl’s transcendental reduction (the epoché) is a methodological procedure...\""
          },
          {
            "fact": "phenomenology",
            "present": true,
            "evidence": "\"Husserl's phenomenology remains rooted in a neo-Cartesian emphasis on subjectivity and theoretical consciousness\""
          },
          {
            "fact": "Heidegger",
            "present": true,
            "evidence": "\"Heidegger's analysis in Being and Time departs from this Husserlian framework through several fundamental methodological shifts:\""
          },
          {
            "fact": "being-in-the-world",
            "present": true,
            "evidence": "\"Heidegger rejects this starting point, arguing that human existence (*Dasein*) is not a detached subject observing objects but is fundamentally 'being-in-the-world'\""
          },
          {
            "fact": "Dasein",
            "present": true,
            "evidence": "\"Heidegger rejects this starting point, arguing that human existence (*Dasein*) is not a detached subject...\""
          },
          {
            "fact": "ready-to-hand",
            "present": true,
            "evidence": "\"3. From Present-at-Hand to Ready-to-Hand... Instead, Heidegger prioritizes the ready-to-hand (*Zuhandenheit*)..."
          }
        ]
      }
    },
    {
      "question_id": "comparative_mencius_xunzi_human_nature",
      "category": "comparative",
      "question": "Compare Mencius's and Xunzi's accounts of human nature (xing), and\nexplain how their different starting points lead to different views on\nthe role of ritual (li) in moral cultivation.\n",
      "retrieved": [
        {
          "corpus_id": "sep",
          "title": "sep",
          "url": null,
          "score": 0.0,
          "snippet": "Mencius advanced the claim that human nature is good as a strategic defense of Confucianism against the doctrines of Mohists and Yang Zhu. He argued that ethical cultivation involves extending innate...",
          "source": "raptor"
        },
        {
          "corpus_id": "sep",
          "title": "sep",
          "url": null,
          "score": 0.0,
          "snippet": "The passages contrast Mencius's view of innate moral predispositions with Xunzi's assertion that human nature is inherently self-serving, requiring conscious effort and social constructs to achieve...",
          "source": "raptor"
        },
        {
          "corpus_id": "sep",
          "title": "sep",
          "url": null,
          "score": 0.0,
          "snippet": "Mencius argues that human nature is inherently good, characterized by innate sprouts of benevolence, righteousness, wisdom, and propriety that develop into virtues through proper environmental...",
          "source": "raptor"
        },
        {
          "corpus_id": "sep",
          "title": "sep",
          "url": null,
          "score": 0.0,
          "snippet": "Xunzi argues that human nature is inherently detestable, requiring transformation through ritual and moral artifice rather than abandonment. This process relies on the heart-mind to perceive and...",
          "source": "raptor"
        },
        {
          "corpus_id": "sep",
          "title": "sep",
          "url": null,
          "score": 0.0,
          "snippet": "The passages argue that the Confucian concepts of ren (humaneness) and li (ritual propriety) are mutually constitutive rather than merely instrumental, with ritual serving as both a necessary...",
          "source": "raptor"
        },
        {
          "corpus_id": "sep",
          "title": "sep",
          "url": null,
          "score": 0.0,
          "snippet": "Xunzi argues that rituals (li) are not arbitrary social conventions but essential frameworks for moral development, emotional expression, and political order because they align with fundamental human...",
          "source": "raptor"
        },
        {
          "corpus_id": "sep",
          "title": "sep",
          "url": null,
          "score": 0.0,
          "snippet": "Mozi and his followers reject traditional ritual propriety (li) as an insufficient moral guide because customs vary across cultures and may be inherently wrong. Instead, they argue that effective...",
          "source": "raptor"
        },
        {
          "corpus_id": "sep",
          "title": "sep",
          "url": null,
          "score": 0.0,
          "snippet": "The passages argue that principle (li) and vital force (qi) are inseparable, rejecting the Song dynasty bifurcation of human nature into a superior heavenly aspect and an inferior physical one. This...",
          "source": "raptor"
        },
        {
          "corpus_id": "sep",
          "title": "mencius",
          "url": "https://plato.stanford.edu/entries/mencius/",
          "score": 0.0,
          "snippet": "[Atlas highlights]\nArgument: The Argument from Innate Tendencies (Human Nature is Good) [from mencius]\n  P1. Humans have innate tendencies toward benevolence. righteousness, wisdom, and propriety.\n ..."
        },
        {
          "corpus_id": "sep",
          "title": "mencius",
          "url": "https://plato.stanford.edu/entries/mencius/",
          "score": 0.0,
          "snippet": "[Atlas highlights]\nArgument: Argument against coercive governance [from mencius]\n  P1. If you guide people with coercive regulations, they become evasive.\n  P2. Punishments alone do not instill a..."
        },
        {
          "corpus_id": "sep",
          "title": "mencius",
          "url": "https://plato.stanford.edu/entries/mencius/",
          "score": 0.0,
          "snippet": "[Atlas highlights]\nArgument: The Argument from Extension (via the Ox Example) [from mencius]\n  P1. A ruler shows compassion for an ox being led to slaughter by sparing it (C1).\n  P2. The ruler's..."
        },
        {
          "corpus_id": "sep",
          "title": "xunzi",
          "url": "https://plato.stanford.edu/entries/xunzi/",
          "score": 0.0,
          "snippet": "[Atlas highlights]\n[Xunzi (xunzi)]: \"\"The mind is the lord of the … It issues commands but does receive commands\"\"\nArgument: Theory of Omenology via Qi (Lu Jia) [from xunzi]\n  P1. Societies fail..."
        },
        {
          "corpus_id": "sep",
          "title": "xunzi",
          "url": "https://plato.stanford.edu/entries/xunzi/",
          "score": 0.0,
          "snippet": "[Atlas highlights]\n[Xunzi (xunzi)]: \"rituals are not merely received practices or convenient social institutions; they are practicable forms in which the sages aimed to encapsulate\"\n[Xunzi (xunzi)]:..."
        },
        {
          "corpus_id": "sep",
          "title": "xunzi",
          "url": "https://plato.stanford.edu/entries/xunzi/",
          "score": 0.0,
          "snippet": "[Atlas highlights]\n[Xunzi (xunzi)]: \"the rituals of the sage kings confirm the distinctions that we are bound to make by nature\"\n[Xunzi (xunzi)]: \"self-cultivation in the Xunzian style is..."
        },
        {
          "corpus_id": "sep",
          "title": "ethics-chinese",
          "url": "https://plato.stanford.edu/entries/ethics-chinese/",
          "score": 0.0,
          "snippet": "ethics-chinese\n\nAnother disagreement between Mencius and Xunzi has to do with Mencius’ claim that human nature contains moral predispositions. As indicated earlier, such Mencian predispositions..."
        },
        {
          "corpus_id": "sep",
          "title": "comparphil-chiwes",
          "url": "https://plato.stanford.edu/entries/comparphil-chiwes/",
          "score": 0.0,
          "snippet": "comparphil-chiwes\n\nThe differences between Mencius’ and Xunzi’s theories are substantial and raise sophisticated philosophical issues that remain relevant to this day. Xunzi launched a vigorous..."
        },
        {
          "corpus_id": "sep",
          "title": "song-ming-confucianism",
          "url": "https://plato.stanford.edu/entries/song-ming-confucianism/",
          "score": 0.0,
          "snippet": "song-ming-confucianism\n\nBy the start of the Song dynasty, the Chinese character xing 性, which is usually translated as “nature” or “the nature”, had long been used to refer to important..."
        },
        {
          "corpus_id": "sep",
          "title": "japanese-confucian",
          "url": "https://plato.stanford.edu/entries/japanese-confucian/",
          "score": 0.0,
          "snippet": "japanese-confucian\n\nConfucius’ teachings were advanced by various disciples in the late-Zhou period, the most systematic being Mengzi (371–289 B.C.E.), known most commonly in the west by his..."
        },
        {
          "corpus_id": "sep",
          "title": "daoism",
          "url": "https://plato.stanford.edu/entries/daoism/",
          "score": 0.0,
          "snippet": "daoism\n\nZhuangzi built on a related view—that people develop different moral attitudes from different natural upbringings and each feels his own views are obvious and natural. But his version..."
        },
        {
          "corpus_id": "sep",
          "title": "emotions-chinese",
          "url": "https://plato.stanford.edu/entries/emotions-chinese/",
          "score": 0.0,
          "snippet": "emotions-chinese\n\nMany Chinese philosophers discuss qing and its interactive responsiveness and affective sensitivity as a core foundation of moral agency and the communal self. Confucius explains..."
        },
        {
          "corpus_id": "sep",
          "title": "zhuangzi",
          "url": "https://plato.stanford.edu/entries/zhuangzi/",
          "score": 0.0,
          "snippet": "zhuangzi\n\nThe trend from social construction humanism toward naturalism had been gradual. Mozi’s argument for basing such constructions on a natural distinction of benefit and harm was an early..."
        },
        {
          "corpus_id": "sep",
          "title": "confucius",
          "url": "https://plato.stanford.edu/entries/confucius/",
          "score": 0.0,
          "snippet": "confucius\n\nLater writers developed accounts of the sources of benevolent behavior, most famously in the context of the discussion of human nature (xing 性) in the centuries after Confucius. Mencius..."
        },
        {
          "corpus_id": "sep",
          "title": "chinese-social-political",
          "url": "https://plato.stanford.edu/entries/chinese-social-political/",
          "score": 0.0,
          "snippet": "chinese-social-political\n\nRitual (li—a different character from that for “benefit”) was important in many chapters of the Analects, but takes on an even more central role here. While people..."
        },
        {
          "corpus_id": "sep",
          "title": "korean-confucianism",
          "url": "https://plato.stanford.edu/entries/korean-confucianism/",
          "score": 0.0,
          "snippet": "korean-confucianism\n\nThe refining nature of moral education is another important feature of Korean Confucianism, something scholars asserted and accentuated, and even the king was indoctrinated with..."
        },
        {
          "corpus_id": "sep",
          "title": "mohism",
          "url": "https://plato.stanford.edu/entries/mohism/",
          "score": 0.0,
          "snippet": "mohism\n\nOne answer, accepted by many Ru (Confucians) and other “gentlemen of the world” criticized by the Mohists, is the li (ritual propriety, ceremony), a traditional code of propriety..."
        },
        {
          "corpus_id": "sep",
          "title": "han-dynasty",
          "url": "https://plato.stanford.edu/entries/han-dynasty/",
          "score": 0.0,
          "snippet": "han-dynasty\n\nThe Huainanzi has a difficult balancing act to maintain here, however. While it accepts the Daoist view outlined above concerning the efficacy of following nature and the corrosive..."
        },
        {
          "corpus_id": "sep",
          "title": "chinese-metaphysics",
          "url": "https://plato.stanford.edu/entries/chinese-metaphysics/",
          "score": 0.0,
          "snippet": "chinese-metaphysics\n\nAnother common Neo-Confucian claim with Buddhist overtones follows: if the totality of li is included within any particular thing, then it must exist within each person’s..."
        },
        {
          "corpus_id": "sep",
          "title": "zhu-xi",
          "url": "https://plato.stanford.edu/entries/zhu-xi/",
          "score": 0.0,
          "snippet": "zhu-xi\n\nThroughout his career, Zhu Xi focused on the twin problems of 1) determining the conditions of moral agency, and 2) setting forth a viable program of moral self-cultivation on that basis. Zhu..."
        },
        {
          "corpus_id": "sep",
          "title": "mencius",
          "url": "https://plato.stanford.edu/entries/mencius/",
          "score": 0.0,
          "snippet": "mencius\n\nIt is common to observe that Mencius and Xunzi are speaking at cross–purposes, because they assume different conceptions of the key term “nature” (Graham 1967). For Mencius, a..."
        },
        {
          "corpus_id": "sep",
          "title": "xunzi",
          "url": "https://plato.stanford.edu/entries/xunzi/",
          "score": 0.0,
          "snippet": "xunzi\n\nIn Xunzi, “Human Nature is Evil” is framed as an argument with Mencius (who was probably long dead), and takes the view that the xing of human beings is the very opposite of shan, namely..."
        },
        {
          "corpus_id": "sep",
          "title": "song-ming-confucianism",
          "url": "https://plato.stanford.edu/entries/song-ming-confucianism/",
          "score": 0.0,
          "snippet": "song-ming-confucianism\n\nBy locating our good nature in Pattern, however, Cheng Yi introduced new philosophical challenges. His view assumes that all human beings have Pattern at all times, and yet it..."
        },
        {
          "corpus_id": "sep",
          "title": "song-ming-confucianism",
          "url": "https://plato.stanford.edu/entries/song-ming-confucianism/",
          "score": 0.0,
          "snippet": "song-ming-confucianism\n\nThe prominent figures in Song-Ming Confucianism held divergent and often mutually inconsistent views about each of the major issues of their era, but they participated in a..."
        },
        {
          "corpus_id": "sep",
          "title": "song-ming-confucianism",
          "url": "https://plato.stanford.edu/entries/song-ming-confucianism/",
          "score": 0.0,
          "snippet": "song-ming-confucianism\n\nAt the center of this Northern Song group were the brothers Cheng Hao (1032–1085) and Cheng Yi (1033–1107), who studied with both Zhou and Zhang but developed their own..."
        },
        {
          "corpus_id": "sep",
          "title": "ethics-chinese",
          "url": "https://plato.stanford.edu/entries/ethics-chinese/",
          "score": 0.0,
          "snippet": "ethics-chinese\n\nThe passage demonstrates one characteristic of the text that is pertinent to Mencius’s response to Mohism. In contrast to the Analects, the ruler’s duties to care for his people..."
        },
        {
          "corpus_id": "sep",
          "title": "ethics-chinese",
          "url": "https://plato.stanford.edu/entries/ethics-chinese/",
          "score": 0.0,
          "snippet": "ethics-chinese\n\nIn the Xing E (“[Human] Nature is Bad”) chapter, Xunzi explicitly opposes his position on human nature to Mencius’s. He asserts that far from being good, human nature is bad..."
        },
        {
          "corpus_id": "sep",
          "title": "ethics-chinese",
          "url": "https://plato.stanford.edu/entries/ethics-chinese/",
          "score": 0.0,
          "snippet": "ethics-chinese\n\nBesides the concepts of dao and junzi, the concept of ren is a unifying theme in the Analects. Before Confucius’s time, the concept of ren referred to the aristocracy of bloodlines,..."
        }
      ],
      "source_score": {
        "matched": [
          "mencius",
          "xunzi"
        ],
        "missing": [],
        "total_expected": 2,
        "ratio": 1.0
      },
      "fact_score": {
        "matched": [
          "Mencius",
          "Xunzi",
          "human nature",
          "xing",
          "ritual",
          "four sprouts",
          "moral cultivation",
          "Confucian"
        ],
        "missing": [],
        "unscorable": [
          "li"
        ],
        "total_expected": 9,
        "ratio": 1.0
      },
      "embed_ms": 0,
      "search_ms": 0,
      "corpora_hit": [
        "sep"
      ],
      "vector_eligible": true,
      "synth": {
        "answer": "Mencius and Xunzi offer competing accounts of human nature (*xing*) that fundamentally diverge on whether moral potential is innate or acquired. This disagreement dictates their respective views on the role of ritual (*li*): for Mencius, *li* serves to nurture and extend pre-existing internal sprouts; for Xunzi, *li* acts as an external corrective framework invented by sages to reshape inherently self-interested impulses.\n\n### Divergent Starting Points: Innate Sprouts vs. Raw Faculties\nThe core dispute lies in how each philosopher defines \"nature.\" For **Mencius**, a paradigmatic example of fulfilling one's nature is like a plant sprout maturing into a full-grown tree [Source: mencius]. He argues that humans are born with innate tendencies toward benevolence, righteousness, wisdom, and propriety (the four moral sprouts) [Source: mencius][Source: ethics-chinese]. These predispositions manifest naturally through distinctively moral emotions—such as the compassion felt when witnessing an ox being led to slaughter—and can develop into fully formed virtues if provided with a healthy environment [Source: mencius].\n\nIn contrast, **Xunzi** defines *xing* strictly as what is given at birth without learning or effort. For Xunzi, nature consists of basic faculties like seeing and hearing, along with raw desires for profit, envy, hatred, sensory pleasures, and comfort [Source: xunzi][Source: ethics-chinese]. Because indulging these spontaneous impulses leads inevitably to violence and social disorder, Xunzi argues that human nature is \"bad\" (or detestable) [Source: xunzi][Source: ethics-chinese]. He explicitly denies the existence of innate moral content in humans; instead, he posits a strict separation between natural endowments and the virtues achieved through deliberate effort (*wei*) [Source: comparphil-chiwes].\n\n### The Role of Ritual (*Li*)\nThese opposing starting points lead to radically different functions for ritual.\n\n**Mencius: Cultivation as Extension**\nFor Mencius, ethical cultivation is an internal process of nurturing what already exists within. Because morality is part of the order established by Heaven (*tian*), it does not need to be invented but rather discovered and expanded [Source: ethics-chinese][Source: comparphil-chiwes]. \n*   **The Ox Example:** In his famous argument from extension (1A7), Mencius uses a ruler's compassion for an ox to show that moral emotions are naturally present; the task of self-cultivation is simply \"extending\" this natural feeling to one’s subjects who suffer under taxation and war [Source: mencius].\n*   **Guidance over Coercion:** Consequently, ritual serves as a guide for self-correction. Mencius argues against coercive governance because punishments alone do not instill shame; instead, people must be guided by virtue and ritual so they can reflect upon their innate tendencies and develop them into mature virtues [Source: mencius].\n\n**Xunzi: Cultivation as Transformation (Artifice)**\nFor Xunzi, ethical cultivation requires an external standard to reshape raw nature. Because humans lack innate moral content, the \"Way\" (*dao*)—including rituals and standards of righteousness—is constructed by human beings rather than discovered in Heaven [Source: ethics-chinese][Source: comparphil-chiwes]. \n*   **Invention by Sages:** Rituals are generated from the conscious activity and deliberate effort of ancient sage-kings who sought to solve problems arising from social competition and self-seeking behavior [Source: xunzi][Source: ethics-chinese]. They are not arbitrary conventions; they accord with fundamental natural distinctions (such as male/female or old/young) that make humans distinct from animals, but they must be taught explicitly through models and expert guidance [Source: xunzi][Source: chinese-social-political].\n*   **Straightening Crooked Wood:** Xunzi uses the metaphor of a crooked piece of wood waiting on a shaping frame to become straight. Just as blunt metal requires honing to become sharp, human nature requires the \"artifice\" (*wei*) of ritual education to transform raw desires into socially harmonious behavior [Source: mencius][Source: ethics-chinese].\n\n### Conclusion\nUltimately, Mencius views moral cultivation as an organic growth process where *li* helps internal sprouts flourish toward their natural end (a view later systematized by Neo-Confucians like Zhu Xi) [Source: song-ming-confucianism][Source: sep]. Xunzi views it as a constructive engineering project where *li* provides the necessary external scaffolding and standards required to overcome our inherently detestable biological drives [Source: xunzi][Source: sep]. \n\nI don't have detailed information on how specific Song Dynasty Neo-Confucians synthesized these two opposing frameworks into a unified theory of human nature.",
        "reasoning_chars": 0,
        "stream_wall_ms": 72298,
        "total_latency_ms": 66740,
        "intent": "DeepQuery",
        "source_origins": [
          "sep"
        ],
        "retrieved_chunk_count": 36,
        "chunks_fact_score": {
          "matched": [
            "Mencius",
            "Xunzi",
            "human nature",
            "xing",
            "ritual",
            "moral cultivation",
            "Confucian"
          ],
          "missing": [
            "four sprouts"
          ],
          "unscorable": [
            "li"
          ],
          "total_expected": 9,
          "ratio": 0.875
        },
        "judge_fact_score": {
          "matched": [
            "Mencius",
            "Xunzi",
            "human nature",
            "xing",
            "ritual",
            "li",
            "four sprouts",
            "moral cultivation",
            "Confucian"
          ],
          "missing": [],
          "total_expected": 9,
          "ratio": 1.0
        },
        "judge_evidence": [
          {
            "fact": "Mencius",
            "present": true,
            "evidence": "Mencius and Xunzi offer competing accounts of human nature (*xing*) that fundamentally diverge on whether moral potential is innate or acquired."
          },
          {
            "fact": "Xunzi",
            "present": true,
            "evidence": "Mencius and Xunzi offer competing accounts of human nature (*xing*) that fundamentally diverge on whether moral potential is innate or acquired."
          },
          {
            "fact": "human nature",
            "present": true,
            "evidence": "Mencius and Xunzi offer competing accounts of human nature (*xing*) that fundamentally diverge on whether moral potential is innate or acquired."
          },
          {
            "fact": "xing",
            "present": true,
            "evidence": "*xing* strictly as what is given at birth without learning or effort."
          },
          {
            "fact": "ritual",
            "present": true,
            "evidence": "\"for Mencius, li serves to nurture and extend pre-existing internal sprouts\""
          },
          {
            "fact": "li",
            "present": true,
            "evidence": "*li* serves to nurture and extend pre-existing internal sprouts"
          },
          {
            "fact": "four sprouts",
            "present": true,
            "evidence": "\"He argues that humans are born with innate tendencies toward benevolence, righteousness, wisdom, and propriety (the four moral sprouts)\""
          },
          {
            "fact": "moral cultivation",
            "present": true,
            "evidence": "\"For Mencius, ethical cultivation is an internal process of nurturing what already exists within.\""
          },
          {
            "fact": "Confucian",
            "present": true,
            "evidence": "a view later systematized by Neo-Confucians like Zhu Xi"
          }
        ]
      }
    },
    {
      "question_id": "contested_bioethics_principlism",
      "category": "contested",
      "question": "What are the four principles of biomedical ethics in the Beauchamp-\nChildress framework, and what are the main lines of objection\n(particularist, virtue-ethical, casuist) to principlism as a\nmethodology in bioethics?\n",
      "retrieved": [
        {
          "corpus_id": "sep",
          "title": "sep",
          "url": null,
          "score": 0.0,
          "snippet": "Bioethical theory has evolved from abstract high-level principles to mid-level approaches like Beauchamp and Childress's four-principles framework, which relies on common morality and wide reflective...",
          "source": "raptor"
        },
        {
          "corpus_id": "sep",
          "title": "sep",
          "url": null,
          "score": 0.0,
          "snippet": "Biomedicine is characterized as a reductionist, hegemonic framework that prioritizes biochemical mechanisms and clinical interventions while excluding holistic or social determinants of health....",
          "source": "raptor"
        },
        {
          "corpus_id": "sep",
          "title": "sep",
          "url": null,
          "score": 0.0,
          "snippet": "Biomedicine is characterized by a reductionist framework that prioritizes physical and biochemical explanations while excluding non-biological factors, leading to significant philosophical debates...",
          "source": "raptor"
        },
        {
          "corpus_id": "sep",
          "title": "sep",
          "url": null,
          "score": 0.0,
          "snippet": "Moral particularism argues that moral reasons are variable and context-dependent, rejecting the generalist view that features consistently contribute to rightness via invariant principles. Proponents...",
          "source": "raptor"
        },
        {
          "corpus_id": "sep",
          "title": "sep",
          "url": null,
          "score": 0.0,
          "snippet": "Contractualism is an impartial moral theory grounded in the equal status of rational agents, defining morality through principles that cannot be reasonably rejected by those affected. It...",
          "source": "raptor"
        },
        {
          "corpus_id": "sep",
          "title": "sep",
          "url": null,
          "score": 0.0,
          "snippet": "Thomas Reid argues that moral first principles are objective and irreducible, rejecting Humean conventionalism and sentimentalism in favor of a robust intuitionist framework. He posits that humans...",
          "source": "raptor"
        },
        {
          "corpus_id": "sep",
          "title": "sep",
          "url": null,
          "score": 0.0,
          "snippet": "The text outlines the central debate between moral generalists, who argue that principles are essential for guiding action and ensuring impartiality, and particularists, who oppose reliance on such...",
          "source": "raptor"
        },
        {
          "corpus_id": "sep",
          "title": "sep",
          "url": null,
          "score": 0.0,
          "snippet": "The passages examine the philosophical and practical dimensions of beneficence, contrasting it with benevolence while tracing its evolution through major ethical frameworks such as those proposed by...",
          "source": "raptor"
        },
        {
          "corpus_id": "sep",
          "title": "theory-bioethics",
          "url": "https://plato.stanford.edu/entries/theory-bioethics/",
          "score": 0.0,
          "snippet": "[Atlas highlights]\nDefining common morality (theory-bioethics): \"The content of the common morality is dictated by the primary objectives of morality, which include... the amelioration of human..."
        },
        {
          "corpus_id": "sep",
          "title": "theory-bioethics",
          "url": "https://plato.stanford.edu/entries/theory-bioethics/",
          "score": 0.0,
          "snippet": "[Atlas highlights]\n[Beauchamp & Childress 1979 (theory-bioethics)]: \"But perhaps more importantly, they doubt that any priority ranking of their principles would stand the test of time (Arras 2017:..."
        },
        {
          "corpus_id": "sep",
          "title": "theory-bioethics",
          "url": "https://plato.stanford.edu/entries/theory-bioethics/",
          "score": 0.0,
          "snippet": "theory-bioethics\n\nThe relation between bioethics and moral theory is a complicated one. To start, we have philosophers as major contributors to the field of bioethics, and to many philosophers, their..."
        },
        {
          "corpus_id": "sep",
          "title": "feminist-bioethics",
          "url": "https://plato.stanford.edu/entries/feminist-bioethics/",
          "score": 0.0,
          "snippet": "[Atlas highlights]\n[Feminist bioethics (feminist-bioethics)]: \"This engagement has produced a body of work that problematizes the constra\"\n\nfeminist-bioethics\n\nAs the preceding discussion..."
        },
        {
          "corpus_id": "sep",
          "title": "ethics-internet-research",
          "url": "https://plato.stanford.edu/entries/ethics-internet-research/",
          "score": 0.0,
          "snippet": "ethics-internet-research\n\nConceptually and historically, Internet research ethics is most related to computer and information ethics and includes such ethical issues as participant knowledge and..."
        },
        {
          "corpus_id": "sep",
          "title": "hume-moral",
          "url": "https://plato.stanford.edu/entries/hume-moral/",
          "score": 0.0,
          "snippet": "hume-moral\n\nIn his political essays Hume certainly advocates the sort of constitution that protects the people’s liberties, but he justifies it not based on individual natural rights or contractual..."
        },
        {
          "corpus_id": "sep",
          "title": "informed-consent",
          "url": "https://plato.stanford.edu/entries/informed-consent/",
          "score": 0.0,
          "snippet": "[Atlas highlights]\n[Tom Beauchamp (informed-consent)]: \"\"The autonomous individual acts freely in accordance with a self-chosed plan, analogous to the way an independent government manages its..."
        },
        {
          "corpus_id": "sep",
          "title": "feminist-bioethics",
          "url": "https://plato.stanford.edu/entries/feminist-bioethics/",
          "score": 0.0,
          "snippet": "[Atlas highlights]\nDefining Feminist bioethics (feminist-bioethics): \"By the early 1990s, feminist bioethics had emerged as a distinctive academic concentration offering sustained critique of..."
        },
        {
          "corpus_id": "sep",
          "title": "publichealth-ethics",
          "url": "https://plato.stanford.edu/entries/publichealth-ethics/",
          "score": 0.0,
          "snippet": "publichealth-ethics\n\nView this site from another server:"
        },
        {
          "corpus_id": "sep",
          "title": "ethics-virtue",
          "url": "https://plato.stanford.edu/entries/ethics-virtue/",
          "score": 0.0,
          "snippet": "ethics-virtue\n\nNevertheless, the complaint that virtue ethics does not produce codifiable principles is still a commonly voiced criticism of the approach, expressed as the objection that it is, in..."
        },
        {
          "corpus_id": "sep",
          "title": "technology",
          "url": "https://plato.stanford.edu/entries/technology/",
          "score": 0.0,
          "snippet": "technology\n\nThe new fields of ethical reflection are often characterized as applied ethics, that is, as applications of theories, normative standards, concepts and methods developed in moral..."
        },
        {
          "corpus_id": "sep",
          "title": "reflective-equilibrium",
          "url": "https://plato.stanford.edu/entries/reflective-equilibrium/",
          "score": 0.0,
          "snippet": "reflective-equilibrium\n\nIn practical ethics, especially bioethics, there has been a vigorous debate about methodology. Some argue that we must root all claims about specific cases in specific ethical..."
        },
        {
          "corpus_id": "sep",
          "title": "principle-beneficence",
          "url": "https://plato.stanford.edu/entries/principle-beneficence/",
          "score": 0.0,
          "snippet": "principle-beneficence\n\nThe principle of beneficence plays a foundational role in the framework of research ethics and federal regulations in the United States (and beyond). This principle’s..."
        },
        {
          "corpus_id": "sep",
          "title": "ethics-indian-buddhism",
          "url": "https://plato.stanford.edu/entries/ethics-indian-buddhism/",
          "score": 0.0,
          "snippet": "ethics-indian-buddhism\n\nSome scholars, such as Charles Hallisey (1996) and Jay Garfield, have concluded that it is futile and misleading to try to interpret Buddhist ethics as a systematic theory..."
        },
        {
          "corpus_id": "sep",
          "title": "biomedicine",
          "url": "https://plato.stanford.edu/entries/biomedicine/",
          "score": 0.0,
          "snippet": "biomedicine\n\nAs noted at the beginning of this entry, critiques of biomedicine tend to focus on elements of biomedicine rather than the whole. There are exceptions to this. This section will review..."
        },
        {
          "corpus_id": "sep",
          "title": "supervenience-ethics",
          "url": "https://plato.stanford.edu/entries/supervenience-ethics/",
          "score": 0.0,
          "snippet": "supervenience-ethics\n\nOne traditional assumption about ethics is that our ethical obligations can be expressed by general ethical principles. This assumption has recently been challenged by ethical..."
        },
        {
          "corpus_id": "sep",
          "title": "justice-virtue",
          "url": "https://plato.stanford.edu/entries/justice-virtue/",
          "score": 0.0,
          "snippet": "justice-virtue\n\nLike Noddings, Virginia Held frames much of the point of the ethics of care against a historical theoretical backdrop of attention to justice (Held 1995, 2004, 2006). To some extent,..."
        },
        {
          "corpus_id": "sep",
          "title": "hume-moral",
          "url": "https://plato.stanford.edu/entries/hume-moral/",
          "score": 0.0,
          "snippet": "hume-moral\n\nLinked with these meta-ethical controversies is the dilemma of understanding the ethical life either as the “ancients” do, in terms of virtues and vices of character, or as the..."
        },
        {
          "corpus_id": "sep",
          "title": "ethics-internet-research",
          "url": "https://plato.stanford.edu/entries/ethics-internet-research/",
          "score": 0.0,
          "snippet": "ethics-internet-research\n\nethics, biomedical: clinical research |  ethics: deontological |  informed consent |  privacy"
        },
        {
          "corpus_id": "sep",
          "title": "informed-consent",
          "url": "https://plato.stanford.edu/entries/informed-consent/",
          "score": 0.0,
          "snippet": "informed-consent\n\nThe 1970s saw the ascent of a second rationale,  autonomy,  as the predominant justification of informed consent, through influential work by Ruth Faden, Tom Beauchamp, James..."
        },
        {
          "corpus_id": "sep",
          "title": "theory-bioethics",
          "url": "https://plato.stanford.edu/entries/theory-bioethics/",
          "score": 0.0,
          "snippet": "theory-bioethics\n\nFinally, Beauchamp and Childress themselves recently acknowledge two misunderstandings of their four principles framework. The first misunderstanding is that the framework..."
        },
        {
          "corpus_id": "sep",
          "title": "feminist-bioethics",
          "url": "https://plato.stanford.edu/entries/feminist-bioethics/",
          "score": 0.0,
          "snippet": "feminist-bioethics\n\nAs the preceding discussion illustrates, feminists have participated in scholarly discussion of virtually all the major topics in bioethics.  Their contributions are distinctive..."
        },
        {
          "corpus_id": "sep",
          "title": "feminist-bioethics",
          "url": "https://plato.stanford.edu/entries/feminist-bioethics/",
          "score": 0.0,
          "snippet": "feminist-bioethics\n\nFeminist critique also addresses the fundamental theory of mainstream bioethics. Feminist-friendly bioethicists have noted systemic weaknesses in the explanatory framework that..."
        },
        {
          "corpus_id": "sep",
          "title": "ethics-internet-research",
          "url": "https://plato.stanford.edu/entries/ethics-internet-research/",
          "score": 0.0,
          "snippet": "ethics-internet-research\n\nThere is little research that is not impacted in some way on or through the Internet. The Internet, as a field, a tool, and a venue, has specific and far-reaching ethical..."
        },
        {
          "corpus_id": "sep",
          "title": "ethics-internet-research",
          "url": "https://plato.stanford.edu/entries/ethics-internet-research/",
          "score": 0.0,
          "snippet": "ethics-internet-research\n\nThe practical, professional, and theoretical implications of human subjects protections has been covered extensively in scholarly literature, ranging from medical/biomedical..."
        },
        {
          "corpus_id": "sep",
          "title": "publichealth-ethics",
          "url": "https://plato.stanford.edu/entries/publichealth-ethics/",
          "score": 0.0,
          "snippet": "publichealth-ethics\n\nThere is no standard way of organizing the ethics of clinical practice, public health, and biomedical science. These different fields are often presented as discrete areas of..."
        },
        {
          "corpus_id": "sep",
          "title": "publichealth-ethics",
          "url": "https://plato.stanford.edu/entries/publichealth-ethics/",
          "score": 0.0,
          "snippet": "publichealth-ethics\n\nIn large part in response to these difficulties with cost-benefit analysis and treating maximization as the relevant principle, scholars in public health ethics have defended..."
        },
        {
          "corpus_id": "sep",
          "title": "publichealth-ethics",
          "url": "https://plato.stanford.edu/entries/publichealth-ethics/",
          "score": 0.0,
          "snippet": "publichealth-ethics\n\nSeveral ethics frameworks directed at assisting policymakers in taking this broader perspective attempt to incorporate both value-for-money and other justice-based commitments in..."
        }
      ],
      "source_score": {
        "matched": [
          "theory-bioethics",
          "feminist-bioethics"
        ],
        "missing": [],
        "total_expected": 2,
        "ratio": 1.0
      },
      "fact_score": {
        "matched": [
          "autonomy",
          "beneficence",
          "non-maleficence",
          "justice",
          "Beauchamp",
          "Childress",
          "principlism"
        ],
        "missing": [
          "casuistry",
          "particularism"
        ],
        "total_expected": 9,
        "ratio": 0.7777778
      },
      "embed_ms": 0,
      "search_ms": 0,
      "corpora_hit": [
        "sep"
      ],
      "vector_eligible": true,
      "synth": {
        "answer": "The Beauchamp-Childress framework, outlined in *Principles of Biomedical Ethics*, is built upon four principles: **autonomy**, **beneficence**, and the principle of nonmaleficence (implied by the context of beneficence's counterpart). The provided texts explicitly name autonomy [Source: informed-consent] and beneficence [Source: theory-bioethics; Source: principle-beneficence]. While the fourth principle—nonmaleficence—is not explicitly named as a standalone header in these excerpts, it is referenced through its relationship to beneficence ([unverified excerpt: contrasting it with benevolence... particularly in biomedical contexts where principles like nonmaleficence and autonomy are balanced]) [Source: sep].\n\nThe main lines of objection to principlism from particularist, virtue-ethical, and casuistic perspectives include:\n\n**1. Particularist Objections**\nMoral particularists argue that ethical reasons cannot be codified into invariant general principles [Source: supervenience-ethics; Source: ethics-indian-buddhism]. They contend that the features which contribute to rightness vary depending on context, meaning there is no fixed set of rules (like Beauchamp and Childress’s four) that can cover all cases [Source: sep]. Critics claim that without a clear prioritizing mechanism for these principles, the approach lacks rigor because it fails to account for how moral reasons shift in specific situations [Source: theory-bioethics].\n\n**2. Virtue-Ethical Objections**\nVirtue ethicists argue that principlism focuses too heavily on abstract duties or rights rather than the character of the moral agent. A primary objection is that virtue ethics does not produce codifiable principles, leading critics to say it cannot provide action-guidance; conversely, proponents argue that medical ethics should be underwritten by virtues (moral character) rather than principle-based rules to restore humanity and care to healthcare [Source: theory-bioethics; Source: ethics-virtue]. Furthermore, feminist bioethical critiques—which often overlap with virtue-ethical concerns—argue that mainstream principlism presupposes a \"generic individual subject\" who is disembodied and socially disembedded, ignoring relational networks and context [Source: feminist-bioethics].\n\n**3. Casuist Objections**\nCasuists object to the methodology of imposing general theories or principles onto specific cases (\"applied ethics\"). Instead, they argue that philosophical work should begin with a detailed understanding of the texture and specificity of concrete cases (analogical reasoning), avoiding the intrusion of abstract general principles into the analysis [Source: sep; Source: reflective-equilibrium]. They view the separation between theoretical moral frameworks and practical application as flawed, arguing instead for deriving ethical insights from case-by-case deliberation rather than deductive application of universal rules [Source: theory-bioethics; Source: reflective-equilibrium].\n\n---\n*Verification note: these statements could not be confirmed against your sources — treat them as unverified:*\n- The Beauchamp-Childress framework is built upon four principles: autonomy, beneficence, nonmaleficence, and justice.\n- contrasting it with benevolence... particularly in biomedical contexts where principles like nonmaleficence and autonomy are balanced",
        "reasoning_chars": 0,
        "stream_wall_ms": 53345,
        "total_latency_ms": 48997,
        "intent": "DeepQuery",
        "source_origins": [
          "sep"
        ],
        "retrieved_chunk_count": 36,
        "chunks_fact_score": {
          "matched": [
            "autonomy",
            "beneficence",
            "justice",
            "Beauchamp",
            "Childress",
            "particularism"
          ],
          "missing": [
            "non-maleficence",
            "principlism",
            "casuistry"
          ],
          "total_expected": 9,
          "ratio": 0.6666667
        },
        "judge_fact_score": {
          "matched": [
            "autonomy",
            "beneficence",
            "non-maleficence",
            "Beauchamp",
            "Childress",
            "principlism",
            "casuistry",
            "particularism"
          ],
          "missing": [
            "justice"
          ],
          "total_expected": 9,
          "ratio": 0.8888889
        },
        "judge_evidence": [
          {
            "fact": "autonomy",
            "present": true,
            "evidence": "**autonomy**, **beneficence**, and the principle of nonmaleficence"
          },
          {
            "fact": "beneficence",
            "present": true,
            "evidence": "**autonomy**, **beneficence**, and the principle of nonmaleficence"
          },
          {
            "fact": "non-maleficence",
            "present": true,
            "evidence": "\"...and the principle of nonmaleficence (implied by the context of beneficence's counterpart).\""
          },
          {
            "fact": "justice",
            "present": false,
            "evidence": "(absent)"
          },
          {
            "fact": "Beauchamp",
            "present": true,
            "evidence": "\"like Beauchamp and Childress's four\""
          },
          {
            "fact": "Childress",
            "present": true,
            "evidence": "\"The Beauchamp-Childress framework, outlined in Principles of Biomedical Ethics...\""
          },
          {
            "fact": "principlism",
            "present": true,
            "evidence": "\"The main lines of objection to principlism from particularist, virtue-ethical, and casuistic perspectives include:\""
          },
          {
            "fact": "casuistry",
            "present": true,
            "evidence": "\"The main lines of objection to principlism from particularist, virtue-ethical, and casuistic perspectives include:\""
          },
          {
            "fact": "particularism",
            "present": true,
            "evidence": "\"The main lines of objection to principlism from particularist, virtue-ethical, and casuistic perspectives include:\""
          }
        ]
      }
    }
  ]
}
