{
  "bank_name": "sep-core-v1.1",
  "corpus": "sep",
  "limit": 0,
  "started_at_unix": 1788916735,
  "results": [
    {
      "question_id": "argument_consequence_against_compatibilism",
      "category": "argument_reconstruction",
      "question": "Reconstruct van Inwagen's consequence argument and explain the strongest\ncompatibilist response to it.\n",
      "retrieved": [
        {
          "corpus_id": "sep",
          "title": "sep",
          "url": null,
          "score": 0.0,
          "snippet": "Leibniz argues that each individual substance possesses a complete concept containing all its predicates, which determines its existence in one specific possible world among an infinity of...",
          "source": "raptor"
        },
        {
          "corpus_id": "sep",
          "title": "sep",
          "url": null,
          "score": 0.0,
          "snippet": "Hard incompatibilism posits that human beings lack basic desert moral responsibility regardless of whether the universe is deterministic or indeterministic. This claim is supported by the 'Luck...",
          "source": "raptor"
        },
        {
          "corpus_id": "sep",
          "title": "sep",
          "url": null,
          "score": 0.0,
          "snippet": "The passages analyze the philosophical debate between compatibilism and incompatibilism regarding free will, determinism, and moral responsibility. Key arguments include van Inwagen's Consequence...",
          "source": "raptor"
        },
        {
          "corpus_id": "sep",
          "title": "sep",
          "url": null,
          "score": 0.0,
          "snippet": "The text examines arguments asserting that free will is incompatible with determinism, distinguishing between compatibilist and incompatibilist positions while introducing the concept of...",
          "source": "raptor"
        },
        {
          "corpus_id": "sep",
          "title": "sep",
          "url": null,
          "score": 0.0,
          "snippet": "Strawson argues that both classical compatibilists and libertarians err by over-intellectualizing the nature of moral responsibility. He distinguishes between exemptions, where an individual is...",
          "source": "raptor"
        },
        {
          "corpus_id": "sep",
          "title": "sep",
          "url": null,
          "score": 0.0,
          "snippet": "The text examines counterexamples to the Principle of Alternative Possibilities (PAP), arguing that moral responsibility can exist even when an agent's actions are inevitable due to factors like...",
          "source": "raptor"
        },
        {
          "corpus_id": "sep",
          "title": "sep",
          "url": null,
          "score": 0.0,
          "snippet": "Compatibilism asserts that free will and moral responsibility are compatible with determinism by redefining control through mechanisms such as reasons-responsiveness, hierarchical models of desire,...",
          "source": "raptor"
        },
        {
          "corpus_id": "sep",
          "title": "sep",
          "url": null,
          "score": 0.0,
          "snippet": "Compatibilism argues that free will is compatible with determinism by challenging incompatibilist arguments, particularly the Consequence Argument and claims regarding alternative possibilities. Key...",
          "source": "raptor"
        },
        {
          "corpus_id": "sep",
          "title": "compatibilism",
          "url": "https://plato.stanford.edu/entries/compatibilism/",
          "score": 0.0,
          "snippet": "[Atlas highlights]\nDefining Consequence Argument (compatibilism): \"If a person has no power over a certain fact... then she also has no power over the consequent fact. Powerlessness, it seems,..."
        },
        {
          "corpus_id": "sep",
          "title": "incompatibilism-arguments",
          "url": "https://plato.stanford.edu/entries/incompatibilism-arguments/",
          "score": 0.0,
          "snippet": "incompatibilism-arguments\n\nIncompatibilists think that this, and any compatibilist account of the ‘can’ of freedom of choice, is, and must be, mistaken. The Consequence Argument (Ginet 1966,..."
        },
        {
          "corpus_id": "sep",
          "title": "compatibilism",
          "url": "https://plato.stanford.edu/entries/compatibilism/",
          "score": 0.0,
          "snippet": "compatibilism\n\nIt is fair to say that the Consequence Argument earned the incompatibilists an important dialectical advantage. Compatibilists owe us an account of what’s was wrong with the..."
        },
        {
          "corpus_id": "sep",
          "title": "alternative-possibilities",
          "url": "https://plato.stanford.edu/entries/alternative-possibilities/",
          "score": 0.0,
          "snippet": "alternative-possibilities\n\nCompatibilists about determinism and moral responsibility reject this conclusion, so they must reject at least one of the premises. One traditional sort of compatibilist..."
        },
        {
          "corpus_id": "sep",
          "title": "incompatibilism-arguments",
          "url": "https://plato.stanford.edu/entries/incompatibilism-arguments/",
          "score": 0.0,
          "snippet": "[Atlas highlights]\nArgument: Consequence argument repair (N*) [from incompatibilism-arguments]\n  P1. The original Consequence argument relies on Beta, which entails Agglomeration.\n  P2. Agglomeration..."
        },
        {
          "corpus_id": "sep",
          "title": "abilities",
          "url": "https://plato.stanford.edu/entries/abilities/",
          "score": 0.0,
          "snippet": "abilities\n\nvan Inwagen’s point is that, provided the incompatibilist has offered arguments for the claim that such abilities are incompatible with determinism—as, in van Inwagen’s presentation,..."
        },
        {
          "corpus_id": "sep",
          "title": "freewill",
          "url": "https://plato.stanford.edu/entries/freewill/",
          "score": 0.0,
          "snippet": "freewill\n\nHere is a representative Frankfurt-style case:"
        },
        {
          "corpus_id": "sep",
          "title": "moral-responsibility",
          "url": "https://plato.stanford.edu/entries/moral-responsibility/",
          "score": 0.0,
          "snippet": "moral-responsibility\n\nIf possession of free will requires an ability to act otherwise than one in fact does, then it is fairly easy to see why free will has often been regarded as incompatible with..."
        },
        {
          "corpus_id": "sep",
          "title": "skepticism-moral-responsibility",
          "url": "https://plato.stanford.edu/entries/skepticism-moral-responsibility/",
          "score": 0.0,
          "snippet": "skepticism-moral-responsibility\n\nCritics of hard incompatibilism include both compatibilists and libertarians. See, for example, the entries on  compatibilism,  incompatibilist (nondeterministic)..."
        },
        {
          "corpus_id": "sep",
          "title": "freewill",
          "url": "https://plato.stanford.edu/entries/freewill/",
          "score": 0.0,
          "snippet": "freewill\n\nEven if these reasons-responsive and identification compatibilist accounts of sourcehood might successfully side-step the Consequence Argument, they must come to grips with a second..."
        },
        {
          "corpus_id": "sep",
          "title": "self-knowledge-externalism",
          "url": "https://plato.stanford.edu/entries/self-knowledge-externalism/",
          "score": 0.0,
          "snippet": "self-knowledge-externalism\n\nSo the way seems clear for the compatibilist to reject the apriority of (1). But as before, the incompatibilist may respond that we are illicitly assuming E to be the..."
        },
        {
          "corpus_id": "sep",
          "title": "christiantheology-philosophy",
          "url": "https://plato.stanford.edu/entries/christiantheology-philosophy/",
          "score": 0.0,
          "snippet": "christiantheology-philosophy\n\nPeter van Inwagen presents an account of the Fall that maintains many of its most important elements and, he claims, is consistent with evolutionary theory. Importantly,..."
        },
        {
          "corpus_id": "sep",
          "title": "afterlife",
          "url": "https://plato.stanford.edu/entries/afterlife/",
          "score": 0.0,
          "snippet": "afterlife\n\nWe have left until last van Inwagen’s own proposal for a materialist resurrection. For in spite of his criticisms of the common view, van Inwagen is himself a Christian and a believer in..."
        },
        {
          "corpus_id": "sep",
          "title": "substance",
          "url": "https://plato.stanford.edu/entries/substance/",
          "score": 0.0,
          "snippet": "substance\n\nWe saw, briefly, in  section 3.3.1,  why Wiggins and Ayers think as they do. Although van Inwagen’s position is different from both, his reasons for thinking that the concept of a..."
        },
        {
          "corpus_id": "sep",
          "title": "skeptical-theism",
          "url": "https://plato.stanford.edu/entries/skeptical-theism/",
          "score": 0.0,
          "snippet": "skeptical-theism\n\nA first obvious question for the advocate of this argument is whether Premise 1 itself is a matter of “ordinary life.” That is, is the matter of when intuitions are justified a..."
        },
        {
          "corpus_id": "sep",
          "title": "trinity",
          "url": "https://plato.stanford.edu/entries/trinity/",
          "score": 0.0,
          "snippet": "trinity\n\nIt may be objected, as to the preceding theory, that van Inwagen’s relative identity trinitarianism is unintelligible. Merricks argues that this problem is more acute for van Inwagen than..."
        },
        {
          "corpus_id": "sep",
          "title": "material-constitution",
          "url": "https://plato.stanford.edu/entries/material-constitution/",
          "score": 0.0,
          "snippet": "material-constitution\n\nVan Inwagen’s version of eliminativism is subject to the same objections raised against nihilism, but it also faces problems of its own. Here is one worry. There are..."
        },
        {
          "corpus_id": "sep",
          "title": "realism-sem-challenge",
          "url": "https://plato.stanford.edu/entries/realism-sem-challenge/",
          "score": 0.0,
          "snippet": "realism-sem-challenge\n\nTo elaborate the notion of mind-independent existence, consider Peter van Inwagen’s argument for the existence of numbers [van Inwagen 2016], which he describes as “a..."
        },
        {
          "corpus_id": "sep",
          "title": "nothingness",
          "url": "https://plato.stanford.edu/entries/nothingness/",
          "score": 0.0,
          "snippet": "nothingness\n\nPeter van Inwagen (1996) has nurtured this statistical argument. In an infinite lottery, the chance that a given ticket is the winner is 0. Van Inwagen reasons that since there are..."
        },
        {
          "corpus_id": "sep",
          "title": "abilities",
          "url": "https://plato.stanford.edu/entries/abilities/",
          "score": 0.0,
          "snippet": "[Atlas highlights]\nArgument: van Inwagen's Critique of Ability-Based Compatibilism [from abilities]\n  P1. Incompatibilists have offered arguments claiming abilities are incompatible with..."
        },
        {
          "corpus_id": "sep",
          "title": "compatibilism",
          "url": "https://plato.stanford.edu/entries/compatibilism/",
          "score": 0.0,
          "snippet": "compatibilism\n\nOne compatibilist strategy for responding to the Classical Incompatibilist Argument is to concede that perhaps the Consequence Argument provides us with good reason for thinking that..."
        },
        {
          "corpus_id": "sep",
          "title": "compatibilism",
          "url": "https://plato.stanford.edu/entries/compatibilism/",
          "score": 0.0,
          "snippet": "compatibilism\n\nCompatibilists who accept that alternative possibilities are necessary for moral responsibility must show what is wrong with this powerful argument. They also should offer some account..."
        },
        {
          "corpus_id": "sep",
          "title": "incompatibilism-arguments",
          "url": "https://plato.stanford.edu/entries/incompatibilism-arguments/",
          "score": 0.0,
          "snippet": "incompatibilism-arguments\n\nvan Inwagen is giving what he takes to be uncontroversial examples of persons who have free will; he isn’t saying that free will just is the ability to perform more than..."
        },
        {
          "corpus_id": "sep",
          "title": "incompatibilism-arguments",
          "url": "https://plato.stanford.edu/entries/incompatibilism-arguments/",
          "score": 0.0,
          "snippet": "incompatibilism-arguments\n\nThe leading contemporary incompatibilist, van Inwagen, rejects any suggestion that the compatibilist and the incompatibilist have a merely verbal disagreement, either..."
        },
        {
          "corpus_id": "sep",
          "title": "freewill",
          "url": "https://plato.stanford.edu/entries/freewill/",
          "score": 0.0,
          "snippet": "freewill\n\nThis argument, carefully articulated in the late 1960s and early 1970s by Carl Ginet (1966, 1990) and Peter van Inwagen (1975, 1983) and refined in important ways by John Martin Fischer..."
        },
        {
          "corpus_id": "sep",
          "title": "freewill",
          "url": "https://plato.stanford.edu/entries/freewill/",
          "score": 0.0,
          "snippet": "freewill\n\nWhile there have been numerous different replies along these lines (e.g., Lehrer 1980; Slote 1982; Watson 1986. See the entry on  arguments for incompatibilism  for a more extensive..."
        },
        {
          "corpus_id": "sep",
          "title": "abilities",
          "url": "https://plato.stanford.edu/entries/abilities/",
          "score": 0.0,
          "snippet": "abilities\n\nBegin with global counterexamples. Let us say that determinism is true at our world. Familiar arguments purport to show that, if this is the case, then no one has the ability to do..."
        },
        {
          "corpus_id": "sep",
          "title": "abilities",
          "url": "https://plato.stanford.edu/entries/abilities/",
          "score": 0.0,
          "snippet": "abilities\n\nSome examples may make the need for this second condition clear. Some powers, though properties of agents, do not intuitively involve any relation to action. Consider the power of..."
        }
      ],
      "source_score": {
        "matched": [
          "incompatibilism-arguments",
          "compatibilism",
          "freewill"
        ],
        "missing": [],
        "total_expected": 3,
        "ratio": 1.0
      },
      "fact_score": {
        "matched": [
          "consequence argument",
          "van Inwagen",
          "rule beta",
          "compatibilism",
          "Frankfurt",
          "alternative possibilities"
        ],
        "missing": [
          "no choice about"
        ],
        "total_expected": 7,
        "ratio": 0.85714287
      },
      "embed_ms": 0,
      "search_ms": 0,
      "corpora_hit": [
        "sep"
      ],
      "vector_eligible": true,
      "synth": {
        "answer": "### Van Inwagen’s Consequence Argument\n\nPeter van Inwagen, along with Carl Ginet in the late 1960s and early 1970s, articulated what has become known as the **Consequence Argument** [Source: freewill]. It is widely regarded by incompatibilists as \"the best argument\" for the conclusion that free will is incompatible with determinism [Source: incompatibilism-arguments]. The argument relies on a principle of power transfer—often referred to as the rule of inference *Beta*—which states that if an agent lacks control over certain facts (like the past or laws of nature), they also lack control over any logical consequences of those facts [Source: compatibilism; Source: abilities].\n\nVan Inwagen’s informal presentation in his 1983 book, *An Essay on Free Will*, proceeds through three main steps:\n1. **The Premise of Determinism:** If causal determinism is true, then our present actions are necessary consequences of events in the remote past and the laws of nature.\n2. **Powerlessness Over Past/Laws:** We have no power over the events of the remote past (they happened before we were born) and no power over the laws of nature (we cannot break them).\n3. **Transfer of Powerlessness:** Because we lack control over the premises (past + laws), we consequently lack control over their logical consequences—namely, our own actions [Source: moral-responsibility].\n\nTherefore, if determinism is true, human beings do not possess free will or moral responsibility because they could never have done otherwise than what they actually did [Source: incompatibilism-arguments; Source: freewill]. Van Inwagen insists this debate is about \"ordinary speakers\" meaning in contexts of deliberation, rejecting the idea that compatibilists and incompatibilists are merely using different definitions of 'can' [Source: incompatibilism-arguments].\n\n### The Strongest Compatibilist Response: David Lewis’s Critique\n\nThe most influential objection to van Inwagen's argument comes from **David Lewis (1981)**, who contended that the Consequence Argument relies on an equivocation regarding the phrase **\"is able to break a law of nature\"** [Source: freewill]. \n\nLewis distinguished between two distinct senses of ability when it comes to laws of nature:\n1.  **Ability to violate:** The power to perform an action that would constitute a direct violation or breach of a natural law (e.g., lifting oneself by one's bootstraps). Under this sense, no agent has such an ability; if you did it, there was no law broken.\n2.  **Counterfactual ability:** The capacity for things to be different in such a way that *if* they were, a law would have been different (or not existed) at the time [Source: freewill].\n\nVan Inwagen’s argument assumes we lack control over the past and laws because we cannot \"break\" them. However, Lewis argued that while we may indeed lack the power to violate laws directly, determinism does not entail that our actions are fixed consequences of unchangeable laws in a way that removes freedom. Specifically, compatibilists can argue that an agent has the ability to do otherwise if, had she chosen differently, either her action or the prior state of the world/laws would have been different—without requiring her to perform a miraculous violation of physics [Source: abilities; Source: freewill]. \n\nBy exposing this equivocation, Lewis attempts to show that one *can* be able to break a law (in the counterfactual sense) even if one cannot simply choose to break it outright. This allows for a form of \"regulative control\" where agents are responsible for their actions because those actions track with what they could have done in alternative scenarios, without needing to defy physical necessity directly [Source: compatibilism].\n\n### Other Compatibilist Strategies and Critiques\n\nWhile Lewis’s critique is prominent, other compatibilists have adopted different strategies to address the Consequence Argument:\n*   **Rejecting Alternative Possibilities:** Some modern compatibilists sidestep the argument entirely by rejecting the premise that free will requires an ability to do otherwise (the Principle of Alternative Possibilities). Using arguments developed by Harry Frankfurt (1969), these theorists argue that moral responsibility depends on reasons-responsiveness or sourcehood rather than regulative control [Source: compatibilism; Source: freewill]. \n*   **Conditional Analyses:** Earlier attempts relied on \"Conditional Analyses\" (originally proposed by Hume) to define abilities. However, van Inwagen and others noted that even if a compatibilist provides such an analysis, it does not answer the incompatibilist's core claim—that determinism makes those very conditions impossible for us to satisfy in practice [Source: incompatibilism-arguments; Source: abilities].\n*   **The N\\*** Repair: Some analyses suggest the original Consequence Argument relies on logical principles like *Agglomeration*, which have been challenged as invalid, suggesting the argument requires repair or refinement to remain sound [Source: incompatibilism-arguments].\n\nUltimately, while many compatibilists find the Consequence Argument unsound (often via Lewis’s route), its impact was profound. It \"set the agenda\" for contemporary theories of free will by forcing compatibilists to provide rigorous accounts of what control actually means if not the ability to break laws of nature [Source: compatibilism].\n\n---\n*Verification note: these statements could not be confirmed against your sources — treat them as unverified:*\n- The argument relies on a principle of power transfer—often referred to as the rule of inference *Beta*\n- regulative control",
        "reasoning_chars": 0,
        "stream_wall_ms": 80417,
        "total_latency_ms": 71596,
        "intent": "DeepQuery",
        "source_origins": [
          "sep"
        ],
        "retrieved_chunk_count": 36,
        "chunks_fact_score": {
          "matched": [
            "consequence argument",
            "van Inwagen",
            "no choice about",
            "compatibilism",
            "Frankfurt",
            "alternative possibilities"
          ],
          "missing": [
            "rule beta"
          ],
          "total_expected": 7,
          "ratio": 0.85714287
        },
        "judge_fact_score": {
          "matched": [
            "consequence argument",
            "van Inwagen",
            "rule beta",
            "compatibilism",
            "Frankfurt",
            "alternative possibilities"
          ],
          "missing": [
            "no choice about"
          ],
          "total_expected": 7,
          "ratio": 0.85714287
        },
        "judge_evidence": [
          {
            "fact": "consequence argument",
            "present": true,
            "evidence": "\"Peter van Inwagen, along with Carl Ginet in the late 1960s and early 1970s, articulated what has become known as the Consequence Argument\""
          },
          {
            "fact": "van Inwagen",
            "present": true,
            "evidence": "Peter van Inwagen, along with Carl Ginet in the late 1960s and early 1970s, articulated what has become known as the Consequence Argument"
          },
          {
            "fact": "no choice about",
            "present": false,
            "evidence": "(absent)"
          },
          {
            "fact": "rule beta",
            "present": true,
            "evidence": "\"The argument relies on a principle of power transfer—often referred to as the rule of inference *Beta*\""
          },
          {
            "fact": "compatibilism",
            "present": true,
            "evidence": "It is widely regarded by incompatibilists as 'the best argument' for the conclusion that free will is incompatible with determinism [Source: compatibilism; Source: abilities]."
          },
          {
            "fact": "Frankfurt",
            "present": true,
            "evidence": "Using arguments developed by Harry Frankfurt (1969), these theorists argue that moral responsibility depends on reasons-responsiveness or sourcehood rather than regulative control"
          },
          {
            "fact": "alternative possibilities",
            "present": true,
            "evidence": "Some modern compatibilists sidestep the argument entirely by rejecting the premise that free will requires an ability to do otherwise (the Principle of Alternative Possibilities)."
          }
        ]
      }
    },
    {
      "question_id": "concept_modality_necessary_aposteriori",
      "category": "concept_distinction",
      "question": "What is the distinction between epistemic and metaphysical possibility,\nand why does Kripke think there are necessary a posteriori truths like\n'water is H2O'?\n",
      "retrieved": [
        {
          "corpus_id": "sep",
          "title": "sep",
          "url": null,
          "score": 0.0,
          "snippet": "Two-dimensional semantics extends standard possible worlds frameworks to distinguish between epistemic and metaphysical necessity, thereby explaining how necessary truths can be known a priori. This...",
          "source": "raptor"
        },
        {
          "corpus_id": "sep",
          "title": "sep",
          "url": null,
          "score": 0.0,
          "snippet": "The passages argue that possible-worlds semantics, rooted in Tarskian model theory and Carnap's work, provides a framework for evaluating truth conditions by relativizing them to specific worlds....",
          "source": "raptor"
        },
        {
          "corpus_id": "sep",
          "title": "sep",
          "url": null,
          "score": 0.0,
          "snippet": "The passages argue that knowledge of metaphysical modality is acquired through diverse epistemic methods, including empirical investigation, counterfactual reasoning, and rational intuition, rather...",
          "source": "raptor"
        },
        {
          "corpus_id": "sep",
          "title": "sep",
          "url": null,
          "score": 0.0,
          "snippet": "The text examines metaepistemological debates concerning the nature of epistemic facts, contrasting realist views that posit mind-independent truths with idealism and various forms of relativism. It...",
          "source": "raptor"
        },
        {
          "corpus_id": "sep",
          "title": "sep",
          "url": null,
          "score": 0.0,
          "snippet": "The text surveys contemporary theories regarding the epistemology of metaphysical modality, addressing skeptical challenges and various methods for acquiring modal knowledge. Key approaches include...",
          "source": "raptor"
        },
        {
          "corpus_id": "sep",
          "title": "sep",
          "url": null,
          "score": 0.0,
          "snippet": "The passages advance the thesis that metaphysical truths and facts are grounded in or supervene upon a base of perfectly natural properties. This framework utilizes concepts such as duplication,...",
          "source": "raptor"
        },
        {
          "corpus_id": "sep",
          "title": "sep",
          "url": null,
          "score": 0.0,
          "snippet": "The text examines the metaphysical status of non-actual possible objects, contrasting possibilist realism with actualism and Meinongian approaches. It analyzes specific theories by David Lewis, Alvin...",
          "source": "raptor"
        },
        {
          "corpus_id": "sep",
          "title": "sep",
          "url": null,
          "score": 0.0,
          "snippet": "The text examines the epistemology of modality, focusing on how a priori knowledge of essential properties is justified through conceptual analysis and intuition. It contrasts various philosophical...",
          "source": "raptor"
        },
        {
          "corpus_id": "sep",
          "title": "modality-varieties",
          "url": "https://plato.stanford.edu/entries/modality-varieties/",
          "score": 0.0,
          "snippet": "[Atlas highlights]\n[Saul Kripke (modality-varieties)]: \"K ripk e ’s wo rk h as g iv en u s reas ons fo r thi nk in gt ha ta po sterio rt rut hs c an b em et ap hy sic al ly n ec es sa..."
        },
        {
          "corpus_id": "sep",
          "title": "logic-modal",
          "url": "https://plato.stanford.edu/entries/logic-modal/",
          "score": 0.0,
          "snippet": "[Atlas highlights]\n[Saul Kripke (logic-modal)]: \"Kripke (193) famously argued that 'Water is HZO' is a posterior but nevertheless a necessary truth.\"\n\nlogic-modal\n\nThe idea has also been deployed in..."
        },
        {
          "corpus_id": "sep",
          "title": "modality-varieties",
          "url": "https://plato.stanford.edu/entries/modality-varieties/",
          "score": 0.0,
          "snippet": "[Atlas highlights]\nArgument: The Necessary A Posteriori Argument [from modality-varieties]\n  P1. Properties like having atomic number 79 are essential to gold (it couldn't exist without them).\n  P2...."
        },
        {
          "corpus_id": "sep",
          "title": "modality-epistemology",
          "url": "https://plato.stanford.edu/entries/modality-epistemology/",
          "score": 0.0,
          "snippet": "[Atlas highlights]\nArgument: Kripkean Inference Model for A Posteriori Necessities [from modality-epistemology]\n  P1. (K1) If p, then necessarily p (known by a priori philosophical analysis).\n  P2...."
        },
        {
          "corpus_id": "sep",
          "title": "social-construction-naturalistic",
          "url": "https://plato.stanford.edu/entries/social-construction-naturalistic/",
          "score": 0.0,
          "snippet": "[Atlas highlights]\n[social-construction-naturalistic]: \"claims such as “water=H2O” express necessary though a posteriori truths.\"\n[social-construction-naturalistic — contested]: \"implausible..."
        },
        {
          "corpus_id": "sep",
          "title": "essential-accidental",
          "url": "https://plato.stanford.edu/entries/essential-accidental/",
          "score": 0.0,
          "snippet": "[Atlas highlights]\nDefining possibility (essential-accidental): \"to say that something is possible is to say that its negation it is not necessary\"\n\nessential-accidental\n\nThe distinction between..."
        },
        {
          "corpus_id": "sep",
          "title": "physicalism",
          "url": "https://plato.stanford.edu/entries/physicalism/",
          "score": 0.0,
          "snippet": "physicalism\n\nThe appeal to the necessary a posteriori is on the surface an attractive one, but it is also controversial. One problem arises from the fact that Kripke’s idea that there are necessary..."
        },
        {
          "corpus_id": "sep",
          "title": "modality-epistemology",
          "url": "https://plato.stanford.edu/entries/modality-epistemology/",
          "score": 0.0,
          "snippet": "modality-epistemology\n\nFinally, the distinction between primary and secondary conceivability and possibility pertains to Chalmers’ version of  Two-Dimensional Semantics.  His Epistemic..."
        },
        {
          "corpus_id": "sep",
          "title": "logic-epistemic",
          "url": "https://plato.stanford.edu/entries/logic-epistemic/",
          "score": 0.0,
          "snippet": "logic-epistemic\n\nSince the 1960s Kripke models, defined below, have served as the basis of the most widely used semantics for all varieties of modal logic. The use of Kripke models in the..."
        },
        {
          "corpus_id": "sep",
          "title": "epistemic-game",
          "url": "https://plato.stanford.edu/entries/epistemic-game/",
          "score": 0.0,
          "snippet": "epistemic-game\n\nThese distinctions are not intended to be sharp. Rather, they describe various stages of information disclosure during the decision-making process. At the ex-ante stage, little is..."
        },
        {
          "corpus_id": "sep",
          "title": "natural-kinds",
          "url": "https://plato.stanford.edu/entries/natural-kinds/",
          "score": 0.0,
          "snippet": "[Atlas highlights]\n[Kripke (natural-kinds)]: \"Consequently it looks as i f a non-trivial metaphysical fact—that ther e ar e necessar y trut hs kno wabl e o nl y a poster io ri—is a consequence of..."
        },
        {
          "corpus_id": "sep",
          "title": "physicalism",
          "url": "https://plato.stanford.edu/entries/physicalism/",
          "score": 0.0,
          "snippet": "physicalism\n\nHow might a physicalist respond to Kripke’s argument? As with the knowledge argument, there are many responses but here I will mention only two. The first response is to insist that..."
        },
        {
          "corpus_id": "sep",
          "title": "location-mereology",
          "url": "https://plato.stanford.edu/entries/location-mereology/",
          "score": 0.0,
          "snippet": "location-mereology\n\nThis entry addresses questions framed in terms of modal notions. Are extended simples possible? Is it necessary that nothing is multilocated? All talk of possibility and necessity..."
        },
        {
          "corpus_id": "sep",
          "title": "zombies",
          "url": "https://plato.stanford.edu/entries/zombies/",
          "score": 0.0,
          "snippet": "zombies\n\nA number of philosophers argue that Kripke’s ideas about a posteriori necessary truth facilitate the defense of physicalism. They urge that even if a zombie world is conceivable, that does..."
        },
        {
          "corpus_id": "sep",
          "title": "analytic-synthetic",
          "url": "https://plato.stanford.edu/entries/analytic-synthetic/",
          "score": 0.0,
          "snippet": "analytic-synthetic\n\nThis seemed like a grand unified plan until Saul Kripke (1972) and Hilary Putnam (1975) drew attention to fundamental differences between the metaphysical and epistemic modalities..."
        },
        {
          "corpus_id": "sep",
          "title": "dualism",
          "url": "https://plato.stanford.edu/entries/dualism/",
          "score": 0.0,
          "snippet": "dualism\n\nA major rationale of those who think that imagination is not a safe indication of possibility, even when such possibility is not eliminable a priori, is that we can imagine that a posteriori..."
        },
        {
          "corpus_id": "sep",
          "title": "logical-constants",
          "url": "https://plato.stanford.edu/entries/logical-constants/",
          "score": 0.0,
          "snippet": "logical-constants\n\nOne might evade this counterexample by appealing to an epistemic modality instead of a metaphysical one. This is McCarthy’s strategy (1987, 439). Even if it is metaphysically..."
        },
        {
          "corpus_id": "sep",
          "title": "logic-modal",
          "url": "https://plato.stanford.edu/entries/logic-modal/",
          "score": 0.0,
          "snippet": "logic-modal\n\nThe idea has also been deployed in the philosophy of language. Kripke (1980) famously argued that ‘Water is H2O’ is a posteriori but nevertheless a necessary truth, for given that..."
        },
        {
          "corpus_id": "sep",
          "title": "essential-accidental",
          "url": "https://plato.stanford.edu/entries/essential-accidental/",
          "score": 0.0,
          "snippet": "essential-accidental\n\nIf one claims that something is possible, it is sometimes natural to take this to mean that one does not know it to be false. For example, suppose that you ask someone whether..."
        },
        {
          "corpus_id": "sep",
          "title": "social-construction-naturalistic",
          "url": "https://plato.stanford.edu/entries/social-construction-naturalistic/",
          "score": 0.0,
          "snippet": "social-construction-naturalistic\n\nThere is a different model of necessity for the constructionist, however, which is to hold that the necessity in question is revealed a posteriori by our..."
        },
        {
          "corpus_id": "sep",
          "title": "epistemic-game",
          "url": "https://plato.stanford.edu/entries/epistemic-game/",
          "score": 0.0,
          "snippet": "epistemic-game\n\nAfter discussing some general issues that arise when describing the informational context of a game, we introduce the two main types of models that have been used to describe the..."
        },
        {
          "corpus_id": "sep",
          "title": "epistemic-game",
          "url": "https://plato.stanford.edu/entries/epistemic-game/",
          "score": 0.0,
          "snippet": "epistemic-game\n\nKuhn (1953) introduced the distinction between perfect and imperfect recall in games with imperfect information. Roughly, players have perfect recall provided they remember all of..."
        },
        {
          "corpus_id": "sep",
          "title": "epistemic-game",
          "url": "https://plato.stanford.edu/entries/epistemic-game/",
          "score": 0.0,
          "snippet": "epistemic-game\n\nAs we noted in Section 1.3, there are different stages to the decision making process. Differences between these stages become even more pronounced in extensive games in which there..."
        },
        {
          "corpus_id": "sep",
          "title": "logic-epistemic",
          "url": "https://plato.stanford.edu/entries/logic-epistemic/",
          "score": 0.0,
          "snippet": "logic-epistemic\n\nEpistemic logic is a subfield of epistemology concerned with logical approaches to knowledge, belief and related notions. Though any logic with an epistemic interpretation may be..."
        },
        {
          "corpus_id": "sep",
          "title": "logic-epistemic",
          "url": "https://plato.stanford.edu/entries/logic-epistemic/",
          "score": 0.0,
          "snippet": "logic-epistemic\n\nAristotelian texts set the groundwork for discussions of the logic of knowledge and belief, particularly De Sophisiticis Elenchis as well as the Prior and Posterior Analytics. While..."
        },
        {
          "corpus_id": "sep",
          "title": "logic-epistemic",
          "url": "https://plato.stanford.edu/entries/logic-epistemic/",
          "score": 0.0,
          "snippet": "logic-epistemic\n\nAccording to Boh, the English philosopher Ralph Strode formulated a fully general system of propositional epistemic rules in his influential 1387 book Consequences (Boh 1993: 135)...."
        },
        {
          "corpus_id": "sep",
          "title": "modality-varieties",
          "url": "https://plato.stanford.edu/entries/modality-varieties/",
          "score": 0.0,
          "snippet": "modality-varieties\n\nPhilosophers have paid more attention to the examples given by Kripke than to other possible cases of the necessary a posteriori, and for that reason the discussion in the rest of..."
        },
        {
          "corpus_id": "sep",
          "title": "modality-varieties",
          "url": "https://plato.stanford.edu/entries/modality-varieties/",
          "score": 0.0,
          "snippet": "modality-varieties\n\nContingentism has often been defended by pointing out that the laws of nature can be known only a posteriori, and that their negations are conceivable (see Sidelle 2002)...."
        },
        {
          "corpus_id": "sep",
          "title": "logic-modal",
          "url": "https://plato.stanford.edu/entries/logic-modal/",
          "score": 0.0,
          "snippet": "logic-modal\n\nThe most familiar logics in the modal family are constructed from a weak logic called \\(\\bK\\) (after Saul Kripke). Under the narrow reading, modal logic concerns necessity and..."
        },
        {
          "corpus_id": "sep",
          "title": "logic-modal",
          "url": "https://plato.stanford.edu/entries/logic-modal/",
          "score": 0.0,
          "snippet": "logic-modal\n\nControversy about iteration (repetition) of operators arises again in deontic logic. In some conceptions of obligation, \\(OOA\\) just amounts to \\(OA\\). ‘It ought to be that it ought to..."
        }
      ],
      "source_score": {
        "matched": [
          "modality-varieties",
          "natural-kinds"
        ],
        "missing": [
          "rigid-designators",
          "possible-worlds"
        ],
        "total_expected": 4,
        "ratio": 0.5
      },
      "fact_score": {
        "matched": [
          "rigid designator",
          "necessary a posteriori",
          "Kripke",
          "metaphysical possibility",
          "epistemic possibility",
          "water is H2O",
          "natural kind"
        ],
        "missing": [],
        "total_expected": 7,
        "ratio": 1.0
      },
      "embed_ms": 0,
      "search_ms": 0,
      "corpora_hit": [
        "sep"
      ],
      "vector_eligible": true,
      "synth": {
        "answer": "The distinction between epistemic and metaphysical possibility, and Kripke’s argument for necessary a posteriori truths like \"water is H2O,\" rests on the separation of how we know things (epistemology) from what must be true in reality (metaphysics).\n\n### Epistemic vs. Metaphysical Possibility\n\n**Epistemic possibility** concerns knowledge and information states. A proposition $p$ is epistemically possible if it has not been ruled out by an agent's current evidence or background knowledge [Source: essential-accidental]. It relates to conceivability; if one cannot conceive of $\\neg p$, then $p$ is epistemically impossible [Source: modality-varieties]. For example, before scientific discovery, it was epistemically possible that water was not H2O because we lacked the empirical data to rule it out [Source: social-construction-naturalistic].\n\n**Metaphysical possibility**, conversely, concerns what could exist in reality given the actual nature and essences of things. A proposition is metaphysically necessary if its negation implies a contradiction regarding the essence of an object or kind [Source: essential-accidental]. Metaphysical necessity is distinct from logical or conceptual truth; something can be metaphysically necessary even if we do not know it *a priori* (independently of experience) [Source: modality-varieties]. As noted in the sources, [unverified excerpt: metaphysical necessity... has nothing to do with what is known or believed] [Source: modality-varieties].\n\nThe two diverge significantly when dealing with empirical discoveries. For instance, Goldbach’s Conjecture might be epistemically possible for someone who doesn't know its status, but mathematically, one way or another, it is fixed—meaning only one state of affairs is metaphysically possible at a time regarding that truth [Source: essential-accidental]. Similarly, while we can *conceive* (epistemic possibility) of water being something other than H2O, if Kripke is correct, there are no actual worlds where the substance we call \"water\" has a different chemical structure (metaphysical impossibility) [Source: logic-modal; Source: dualism].\n\n### Why 'Water is H2O' is Necessary and A Posteriori\n\nSaul Kripke argues in his 1980 work (*Naming and Necessity*) that identity statements involving natural kind terms—such as **\"Water is H2O\"**—are **necessary truths** known only **a posteriori** (through empirical investigation). His argument proceeds through three main steps found in the provided texts:\n\n#### 1. Rigid Designation\nKripke introduces the concept of \"rigid designators\"—terms that refer to the same object or substance in every possible world where they exist [Source: natural-kinds]. Natural kind terms like 'water' are rigid; they pick out a specific essence or underlying nature, not just superficial properties (like being an odorless liquid) [Source: social-construction-naturalistic]. Because both 'water' and 'H2O' are rigid designators referring to the exact same entity/essence, any identity statement between them is necessarily true across all possible worlds [Source: natural-kinds].\n\n#### 2. The Impossibility of Non-Identity\nIf water *is* H2O, then it cannot be anything else in any conceivable world. As one source states, [unverified excerpt: given that water just is H20... there is no possible world where THAT stuff is (say) a basic element as the Greeks thought] [Source: logic-modal]. Even if we imagine an odorless liquid filling our lakes that turns out to have a different chemical makeup (XYZ), Kripke argues we are not imagining a different kind of *water*; we are imagining a situation where something looking like water isn't actually water [Source: dualism; Source: modality-varieties].\n\n#### 3. The A Posteriori Nature\nWhile the truth itself is necessary, it was discovered through empirical science. We could not know \"Water is H2O\" simply by analyzing the concept 'water' or thinking about rain and lakes (*a priori*) [Source: natural-kinds]. It required chemistry to discover the essence [Source: social-construction-naturalistic]. Thus, while the proposition holds in all possible worlds (metaphysically necessary), our access to that knowledge depends on experience (empirical/a posteriori) [Source: logic-modal; Source: essential-accidental].\n\n### Addressing the Intuition of Conceivability\n\nCritics often argue that because we can *conceive* of water being something else (e.g., an element like Aristotle thought), it must be metaphysically possible. Kripkeans respond by distinguishing between **primary conceivability** and **secondary conceivability**, or by noting that what is conceivable is not always a guide to possibility when dealing with essences [Source: modality-varieties; Source: dualism]. \n\nTwo-dimensional semantics, developed later by philosophers like Chalmers in response to this problem, attempts to reconcile these intuitions. It suggests there are two dimensions of meaning for 'water': one tracking the actual chemical essence (H2O) which yields necessary truths, and another tracking our \"stereotypes\" or superficial descriptions (the liquid we drink), which allows us to conceive of it being something else without contradicting metaphysical necessity [Source: logic-modal; Source: modality-epistemology].\n\n### Summary\n*   **Epistemic possibility** is about what we can imagine given current knowledge; **Metaphysical possibility** is about how reality could have been based on essences.\n*   **\"Water is H2O\"** is a **necessary truth** because both terms rigidly designate the same substance in all worlds.\n*   It is known **a posteriori** because discovering that identity required empirical investigation, not pure reason.",
        "reasoning_chars": 0,
        "stream_wall_ms": 82693,
        "total_latency_ms": 76949,
        "intent": "DeepQuery",
        "source_origins": [
          "sep"
        ],
        "retrieved_chunk_count": 38,
        "chunks_fact_score": {
          "matched": [
            "necessary a posteriori",
            "Kripke",
            "metaphysical possibility",
            "epistemic possibility",
            "water is H2O",
            "natural kind"
          ],
          "missing": [
            "rigid designator"
          ],
          "total_expected": 7,
          "ratio": 0.85714287
        },
        "judge_fact_score": {
          "matched": [
            "rigid designator",
            "necessary a posteriori",
            "Kripke",
            "metaphysical possibility",
            "epistemic possibility",
            "water is H2O",
            "natural kind"
          ],
          "missing": [],
          "total_expected": 7,
          "ratio": 1.0
        },
        "judge_evidence": [
          {
            "fact": "rigid designator",
            "present": true,
            "evidence": "\"Kripke introduces the concept of 'rigid designators'—terms that refer to the same object or substance in every possible world where they exist\""
          },
          {
            "fact": "necessary a posteriori",
            "present": true,
            "evidence": "\"Water is H2O\" are necessary truths known only a posteriori (through empirical investigation).\""
          },
          {
            "fact": "Kripke",
            "present": true,
            "evidence": "\"Saul Kripke argues in his 1980 work (*Naming and Necessity*) that identity statements involving natural kind terms—such as \"Water is H2O\"—are necessary truths known only a posteriori (through empirical investigation).\""
          },
          {
            "fact": "metaphysical possibility",
            "present": true,
            "evidence": "\"The distinction between epistemic and metaphysical possibility, and Kripke's argument for necessary a posteriori truths like 'water is H2O,' rests on the separation of how we know things (epistemology) from what must be true in reality (metaphysics).\""
          },
          {
            "fact": "epistemic possibility",
            "present": true,
            "evidence": "\"The distinction between epistemic and metaphysical possibility... rests on the separation of how we know things (epistemology) from what must be true in reality\""
          },
          {
            "fact": "water is H2O",
            "present": true,
            "evidence": "\"...necessary a posteriori truths like 'water is H2O'\""
          },
          {
            "fact": "natural kind",
            "present": true,
            "evidence": "\"identity statements involving natural kind terms—such as 'Water is H2O'\""
          }
        ]
      }
    },
    {
      "question_id": "comparative_locke_reid_personal_identity",
      "category": "comparative",
      "question": "Reconstruct Locke's memory criterion of personal identity and explain\nReid's brave-officer objection. What does the objection show about the\ntransitivity of identity?\n",
      "retrieved": [
        {
          "corpus_id": "sep",
          "title": "sep",
          "url": null,
          "score": 0.0,
          "snippet": "Thomas Reid argues that David Hume's theory of memory erroneously replicates the flaws found in John Locke’s account. This critique is famously illustrated through the case of the Brave Officer,...",
          "source": "raptor"
        },
        {
          "corpus_id": "sep",
          "title": "sep",
          "url": null,
          "score": 0.0,
          "snippet": "Thomas Reid argues against the 'theory of ideas' and Locke's Memory Theory by positing that memory is a direct, immediate faculty involving a conception of a past event accompanied by a belief in its...",
          "source": "raptor"
        },
        {
          "corpus_id": "sep",
          "title": "sep",
          "url": null,
          "score": 0.0,
          "snippet": "The text examines critiques of Locke's psychological criterion for personal identity, specifically addressing objections from Butler and Reid regarding transitivity and the presupposition of memory....",
          "source": "raptor"
        },
        {
          "corpus_id": "sep",
          "title": "sep",
          "url": null,
          "score": 0.0,
          "snippet": "Thomas Reid argues that conception is the fundamental intellectual faculty providing intentional content, directly opposing the 'Way of Ideas' and Hume's representationalism which he views as...",
          "source": "raptor"
        },
        {
          "corpus_id": "sep",
          "title": "sep",
          "url": null,
          "score": 0.0,
          "snippet": "John Locke argues that personal identity is defined by the continuity of consciousness and self-reflection rather than material or immaterial substance, establishing individuals as forensic entities...",
          "source": "raptor"
        },
        {
          "corpus_id": "sep",
          "title": "sep",
          "url": null,
          "score": 0.0,
          "snippet": "John Locke argues that personal identity is grounded in the continuity of consciousness rather than the persistence of an immaterial soul or material substance. This psychological criterion for...",
          "source": "raptor"
        },
        {
          "corpus_id": "sep",
          "title": "sep",
          "url": null,
          "score": 0.0,
          "snippet": "Locke argues that personal identity is constituted by consciousness rather than the substance of the soul or the continuity of the physical body, as illustrated through thought experiments involving...",
          "source": "raptor"
        },
        {
          "corpus_id": "sep",
          "title": "sep",
          "url": null,
          "score": 0.0,
          "snippet": "The passages examine various interpretations of John Locke's theory of personal identity, contrasting strict memory views with Shelley Weinberg’s metaphysical account and Marya Schechtman’s...",
          "source": "raptor"
        },
        {
          "corpus_id": "sep",
          "title": "identity-ethics",
          "url": "https://plato.stanford.edu/entries/identity-ethics/",
          "score": 0.0,
          "snippet": "[Atlas highlights]\nArgument: Reid's Transitivity Argument [from identity-ethics]\n  P1. P1: Personal identity is a transitive relation.\n  P2. P2: Memory relations are not necessarily transitive (e.g.,..."
        },
        {
          "corpus_id": "sep",
          "title": "locke-personal-identity",
          "url": "https://plato.stanford.edu/entries/locke-personal-identity/",
          "score": 0.0,
          "snippet": "[Atlas highlights]\n[Thomas Reid (locke-personal-identity)]: \"Therefore, the general is, and at the same time is not, the same person with him who was flogged at school.\"\nArgument: The Brave Officer..."
        },
        {
          "corpus_id": "sep",
          "title": "identity-time",
          "url": "https://plato.stanford.edu/entries/identity-time/",
          "score": 0.0,
          "snippet": "[Atlas highlights]\nArgument: Reid's Schoolboy Objection [from identity-time]\n  P1. The elderly general Q-remembers enough of the young lieutenant's actions to be the same person as him.\n  P2. The..."
        },
        {
          "corpus_id": "sep",
          "title": "reid",
          "url": "https://plato.stanford.edu/entries/reid/",
          "score": 0.0,
          "snippet": "[Atlas highlights]\nArgument: Brave Officer thought experiment [from reid]\n  P1. A young officer remembers being beaten as a boy and later became a brave general who remembered beating him but forgot..."
        },
        {
          "corpus_id": "sep",
          "title": "memory",
          "url": "https://plato.stanford.edu/entries/memory/",
          "score": 0.0,
          "snippet": "memory\n\nAssuming that a criterion of episodicity can be identified, it remains to identify a criterion of mnemicity—a criterion that distinguishes between remembering and imagining."
        },
        {
          "corpus_id": "sep",
          "title": "reid",
          "url": "https://plato.stanford.edu/entries/reid/",
          "score": 0.0,
          "snippet": "reid\n\nReid's theory of memory informs his theory of personal identity, as does his three criticisms of Locke's theory of personal identity. First, Reid argues that Locke's account is misleading due..."
        },
        {
          "corpus_id": "sep",
          "title": "reid-memory-identity",
          "url": "https://plato.stanford.edu/entries/reid-memory-identity/",
          "score": 0.0,
          "snippet": "reid-memory-identity\n\nReid’s first criticism rests on his interpreting Locke’s definition as committing him to the position that a person is a subject of thought, which Reid regards as implying..."
        },
        {
          "corpus_id": "sep",
          "title": "identity-time",
          "url": "https://plato.stanford.edu/entries/identity-time/",
          "score": 0.0,
          "snippet": "identity-time\n\nWhat then, according to Locke, is it to have the same consciousness as some past person? He is customarily interpreted as holding that person A is the same person as earlier person B..."
        },
        {
          "corpus_id": "sep",
          "title": "locke-personal-identity",
          "url": "https://plato.stanford.edu/entries/locke-personal-identity/",
          "score": 0.0,
          "snippet": "locke-personal-identity\n\nThe most popular, or well known, version of this line of objection comes from Thomas Reid (1785). In the “brave officer” objection, Reid poses the following challenge to..."
        },
        {
          "corpus_id": "sep",
          "title": "identity-ethics",
          "url": "https://plato.stanford.edu/entries/identity-ethics/",
          "score": 0.0,
          "snippet": "identity-ethics\n\nNevertheless, even if this objection to Locke is thwarted, the others remain in force. For one thing, memory does seem to presuppose  personal identity, and so cannot constitute a..."
        },
        {
          "corpus_id": "sep",
          "title": "memory",
          "url": "https://plato.stanford.edu/entries/memory/",
          "score": 0.0,
          "snippet": "memory\n\nLocke ([1689] 1998)—who was perhaps anticipated in this by Spinoza (Lin 2005)—discussed the idea that what makes a person at a given time count as the same person as a person at an..."
        },
        {
          "corpus_id": "sep",
          "title": "collins",
          "url": "https://plato.stanford.edu/entries/collins/",
          "score": 0.0,
          "snippet": "collins\n\nCollins accepts Locke’s revolutionary view that consciousness and not the substantial soul is the bearer of personal identity. Again agreeing with Locke, he regards memory as crucial to..."
        },
        {
          "corpus_id": "sep",
          "title": "animalism",
          "url": "https://plato.stanford.edu/entries/animalism/",
          "score": 0.0,
          "snippet": "animalism\n\nIt is in the context of his solution to this problem that Locke introduces the famous thought experiment involving the prince and the cobbler—not as a puzzle in need of explanation, but..."
        },
        {
          "corpus_id": "sep",
          "title": "locke-personal-identity",
          "url": "https://plato.stanford.edu/entries/locke-personal-identity/",
          "score": 0.0,
          "snippet": "locke-personal-identity\n\nOne of the overarching questions asked about Locke’s Essay is how much it includes metaphysical exploration. Some think that Locke’s project is exclusively..."
        },
        {
          "corpus_id": "sep",
          "title": "locke",
          "url": "https://plato.stanford.edu/entries/locke/",
          "score": 0.0,
          "snippet": "locke\n\nBerkeley, George |  Hume, David |  Leibniz, Gottfried Wilhelm |  liberalism |  Locke, John: moral philosophy |  Locke, John: on freedom |  Locke, John: on personal identity |  Locke, John:..."
        },
        {
          "corpus_id": "sep",
          "title": "memory-episprob",
          "url": "https://plato.stanford.edu/entries/memory-episprob/",
          "score": 0.0,
          "snippet": "memory-episprob\n\nThe most severe critic of the RTM was Scottish philosopher Thomas Reid, a contemporary of Hume.  I'll close this section of this essay by looking at Reid's critique of Locke and..."
        },
        {
          "corpus_id": "sep",
          "title": "reid-memory-identity",
          "url": "https://plato.stanford.edu/entries/reid-memory-identity/",
          "score": 0.0,
          "snippet": "reid-memory-identity\n\nThe passage in Locke differs from Reid’s paraphrase:"
        },
        {
          "corpus_id": "sep",
          "title": "real-essence",
          "url": "https://plato.stanford.edu/entries/real-essence/",
          "score": 0.0,
          "snippet": "real-essence\n\nLocke, John |  Locke, John: moral philosophy |  Locke, John: philosophy of science"
        },
        {
          "corpus_id": "sep",
          "title": "reid-ethics",
          "url": "https://plato.stanford.edu/entries/reid-ethics/",
          "score": 0.0,
          "snippet": "reid-ethics\n\nAccording to Reid, (3), then, is either false or trivial (for discussion, see Yaffe 2004, Ch. 6)."
        },
        {
          "corpus_id": "sep",
          "title": "identity-ethics",
          "url": "https://plato.stanford.edu/entries/identity-ethics/",
          "score": 0.0,
          "snippet": "identity-ethics\n\nThere are four general accounts of personal identity that have been taken to have some relevance to ethics by contemporary theorists: psychological, biological, narrative, and a new..."
        },
        {
          "corpus_id": "sep",
          "title": "identity-ethics",
          "url": "https://plato.stanford.edu/entries/identity-ethics/",
          "score": 0.0,
          "snippet": "identity-ethics\n\nSimilarly, Reid affirms Butler's objection and then adds a few of his own. One is that Locke's criterion implies the contradictory position that someone could both be and not be..."
        },
        {
          "corpus_id": "sep",
          "title": "locke-personal-identity",
          "url": "https://plato.stanford.edu/entries/locke-personal-identity/",
          "score": 0.0,
          "snippet": "locke-personal-identity\n\nwhich comes through, as Winkler notes, in Reid’s objection—an objection which Winkler thinks sympathetic readers of Locke can answer and which is discussed in section 3..."
        },
        {
          "corpus_id": "sep",
          "title": "identity-time",
          "url": "https://plato.stanford.edu/entries/identity-time/",
          "score": 0.0,
          "snippet": "identity-time\n\nLewis (2002) objects to this last solution on the grounds that a tensed proposition should itself be identified with a relational property. But, such identification leaves it..."
        },
        {
          "corpus_id": "sep",
          "title": "identity-time",
          "url": "https://plato.stanford.edu/entries/identity-time/",
          "score": 0.0,
          "snippet": "identity-time\n\nLewis' principle objection to this first solution is that it transforms intrinsic into extrinsic properties. He takes it as evident that properties such as being round and being red..."
        },
        {
          "corpus_id": "sep",
          "title": "reid",
          "url": "https://plato.stanford.edu/entries/reid/",
          "score": 0.0,
          "snippet": "reid\n\nThomas Reid (1710–1796) is a Scottish philosopher best known for his philosophical method, his theory of perception and its wide implications on epistemology, and as the developer and..."
        },
        {
          "corpus_id": "sep",
          "title": "reid",
          "url": "https://plato.stanford.edu/entries/reid/",
          "score": 0.0,
          "snippet": "reid\n\nNote that the set of commitments that Reid refers to as “The Way of Ideas” and the “Ideal Theory” is drawn form the work of Locke, Berkeley, Hume and many others going back to Plato and..."
        }
      ],
      "source_score": {
        "matched": [
          "locke",
          "reid",
          "locke-personal-identity",
          "reid-memory-identity"
        ],
        "missing": [
          "identity-personal"
        ],
        "total_expected": 5,
        "ratio": 0.8
      },
      "fact_score": {
        "matched": [
          "memory criterion",
          "Locke",
          "Reid",
          "brave officer",
          "transitivity",
          "personal identity",
          "consciousness"
        ],
        "missing": [],
        "total_expected": 7,
        "ratio": 1.0
      },
      "embed_ms": 0,
      "search_ms": 0,
      "corpora_hit": [
        "sep"
      ],
      "vector_eligible": true,
      "synth": {
        "answer": "### Locke's Memory Criterion of Personal Identity\n\nAccording to the provided sources, John Locke defines personal identity not in terms of material substance (the body) or immaterial substance (the soul), but rather through the continuity of consciousness [Source: locke-personal-identity]. Specifically, a person at one time is identical to a person at an earlier time if and only if they can remember the experiences had by that earlier person. This view treats persons as \"forensic entities\" accountable for their past actions based on this psychological connection [Source: sep]. As summarized in the texts, Locke’s criterion asserts that what makes a person count as the same person over time is that they \"remembers the earlier person's experiences\" [Source: memory].\n\n### Reid's Brave Officer Objection\n\nThomas Reid formulated his objection using a specific thought experiment known as the \"Brave Officer case\" (also referred to as the Schoolboy/Lieutenant/General case) [Source: identity-time; Source: reid]. The scenario involves three stages of a single individual's life:\n1.  **A:** A young schoolboy who is flogged for stealing apples from an orchard.\n2.  **B:** When this boy grows up, he becomes a brave officer who captures an enemy standard. As an adult, he remembers being flogged as the apple-stealing boy. However, later in life, he forgets this childhood event.\n3.  **C:** In old age, this same man becomes an elderly general who remembers capturing the standard as a brave officer but has no memory of his time as the schoolboy [Source: identity-ethics; Source: reid].\n\n### The Transitivity Objection and Its Implications\n\nReid’s objection targets the logical structure of Locke's theory by exploiting the transitive nature of identity. Identity is a transitive relation, meaning that if A is identical to B, and B is identical to C, then A must be identical to C (if $A=B$ and $B=C$, then $A=C$) [Source: identity-time; Source: locke-personal-identity].\n\nThe contradiction arises when applying this logic to Reid's scenario under Locke's memory criterion:\n1.  **General = Officer:** Because the elderly general remembers being the brave officer, Locke's criterion dictates they are the same person ($C = B$).\n2.  **Officer = Boy:** Because the brave officer remembered being the schoolboy, they are the same person ($B = A$).\n3.  **General $\\neq$ Boy:** However, because the elderly general does *not* remember being the schoolboy, Locke's criterion implies that they are *not* the same person ($C \\neq A$) [Source: locke-personal-identity; Source: identity-time].\n\nBy transitivity, since $C=B$ and $B=A$, it must follow that $C=A$. Yet, strictly applying the memory rule yields $C \\neq A$. Reid argues this results in a logical contradiction where the general is \"both identical to and distinct from\" the boy—essentially concluding that he \"is, and at the same time is not, the same person with him who was flogged at school\" [Source: locke-personal-identity].\n\n### What This Shows About Transitivity of Identity\n\nThe objection demonstrates that **memory relations are not necessarily transitive**, whereas personal identity (as numerical sameness) *must* be transitive [Source: identity-time; Source: reid]. \n\nBecause Locke's theory relies on direct memory connections as the sole criterion for identity, it fails to preserve the fundamental logical property of transitivity. Reid uses this failure to argue that Locke’s account cannot refer to true \"numerical identity,\" but rather a looser form of continuity or resemblance which does not satisfy the strict requirements of being \"the same person\" in a forensic and metaphysical sense [Source: reid]. Consequently, Reid concludes that memory cannot serve as the constitutive criterion for personal identity because doing so leads to absurd contradictions regarding who is identical to whom across time [Source: identity-ethics; Source: locke-personal-identity].",
        "reasoning_chars": 0,
        "stream_wall_ms": 53706,
        "total_latency_ms": 47370,
        "intent": "DeepQuery",
        "source_origins": [
          "sep"
        ],
        "retrieved_chunk_count": 34,
        "chunks_fact_score": {
          "matched": [
            "memory criterion",
            "Locke",
            "Reid",
            "brave officer",
            "transitivity",
            "personal identity",
            "consciousness"
          ],
          "missing": [],
          "total_expected": 7,
          "ratio": 1.0
        },
        "judge_fact_score": {
          "matched": [
            "memory criterion",
            "Locke",
            "Reid",
            "brave officer",
            "transitivity",
            "personal identity",
            "consciousness"
          ],
          "missing": [],
          "total_expected": 7,
          "ratio": 1.0
        },
        "judge_evidence": [
          {
            "fact": "memory criterion",
            "present": true,
            "evidence": "\"Locke's memory criterion of personal identity\""
          },
          {
            "fact": "Locke",
            "present": true,
            "evidence": "According to the provided sources, John Locke defines personal identity..."
          },
          {
            "fact": "Reid",
            "present": true,
            "evidence": "\"Thomas Reid formulated his objection using a specific thought experiment known as the 'Brave Officer case'\""
          },
          {
            "fact": "brave officer",
            "present": true,
            "evidence": "\"2. B: When this boy grows up, he becomes a brave officer who captures an enemy standard...\""
          },
          {
            "fact": "transitivity",
            "present": true,
            "evidence": "\"Reid's objection targets the logical structure of Locke's theory by exploiting the transitive nature of identity. Identity is a transitive relation, meaning that if A is identical to B...\""
          },
          {
            "fact": "personal identity",
            "present": true,
            "evidence": "\"Locke defines personal identity not in terms of material substance...\""
          },
          {
            "fact": "consciousness",
            "present": true,
            "evidence": "\"continuity of consciousness\""
          }
        ]
      }
    },
    {
      "question_id": "dialectical_gettier_lottery",
      "category": "dialectical",
      "question": "How do reliabilist analyses of knowledge handle Gettier cases, and what\ndoes the lottery paradox suggest about whether reliability is enough?\n",
      "retrieved": [
        {
          "corpus_id": "sep",
          "title": "sep",
          "url": null,
          "score": 0.0,
          "snippet": "The traditional Justified True Belief account of knowledge is challenged by Gettier cases, which demonstrate that justification does not preclude epistemic luck. In response, philosophers have...",
          "source": "raptor"
        },
        {
          "corpus_id": "sep",
          "title": "sep",
          "url": null,
          "score": 0.0,
          "snippet": "The passage traces the evolution of epistemological responses to Gettier cases, which challenged the traditional Justified True Belief analysis by demonstrating that justification does not preclude...",
          "source": "raptor"
        },
        {
          "corpus_id": "sep",
          "title": "sep",
          "url": null,
          "score": 0.0,
          "snippet": "The text analyzes the traditional Justified True Belief (JTB) account of knowledge, arguing that it is insufficient due to Gettier cases where justified true beliefs result from epistemic luck. To...",
          "source": "raptor"
        },
        {
          "corpus_id": "sep",
          "title": "sep",
          "url": null,
          "score": 0.0,
          "snippet": "The passages examine the 'swamping problem' and related challenges to reliabilism, which argue that reliable processes do not add value to true belief because their instrumental worth is overshadowed...",
          "source": "raptor"
        },
        {
          "corpus_id": "sep",
          "title": "sep",
          "url": null,
          "score": 0.0,
          "snippet": "The passages analyze process reliabilism, primarily associated with Alvin Goldman, as a theory where justification depends on the reliability of belief-forming mechanisms. This framework faces...",
          "source": "raptor"
        },
        {
          "corpus_id": "sep",
          "title": "sep",
          "url": null,
          "score": 0.0,
          "snippet": "The passages outline the development of reliabilism, a theory positing that epistemic justification depends on the reliability of belief-forming processes. It details Alvin Goldman's foundational...",
          "source": "raptor"
        },
        {
          "corpus_id": "sep",
          "title": "sep",
          "url": null,
          "score": 0.0,
          "snippet": "The text surveys process reliabilism as a theory of justification, outlining its foundational principles and addressing major objections such as the clairvoyance and generality problems. It examines...",
          "source": "raptor"
        },
        {
          "corpus_id": "sep",
          "title": "sep",
          "url": null,
          "score": 0.0,
          "snippet": "The passages examine criticisms of externalist reliabilism, particularly its tendency to grant unjustified foundational status to beliefs lacking objective reliability or proper grounding. Critics...",
          "source": "raptor"
        },
        {
          "corpus_id": "sep",
          "title": "epistemology-virtue",
          "url": "https://plato.stanford.edu/entries/epistemology-virtue/",
          "score": 0.0,
          "snippet": "[Atlas highlights]\nArgument: VE Solution to Gettier Problem [from epistemology-virtue]\n  P1. Knowledge requires believing the truth because of one's intellectual virtues.\n  P2. In Gettier cases,..."
        },
        {
          "corpus_id": "sep",
          "title": "knowledge-analysis",
          "url": "https://plato.stanford.edu/entries/knowledge-analysis/",
          "score": 0.0,
          "snippet": "[Atlas highlights]\n[justified true belief (knowledge-analysis)]: \"He observed that, intuitively, such beliefs cannot be knowledge; it is merely lucky that they are true.\"\nArgument: No False Lemmas..."
        },
        {
          "corpus_id": "sep",
          "title": "knowledge-analysis",
          "url": "https://plato.stanford.edu/entries/knowledge-analysis/",
          "score": 0.0,
          "snippet": "knowledge-analysis\n\nDo approaches like Simple K-Reliabilism or the Simple Causal Theory fare any better than the JTB theory with respect to Gettier cases? Although some proponents have suggested they..."
        },
        {
          "corpus_id": "sep",
          "title": "epistemology-latin-america",
          "url": "https://plato.stanford.edu/entries/epistemology-latin-america/",
          "score": 0.0,
          "snippet": "epistemology-latin-america\n\nThere has also been some discussion of the concept of knowledge in terms of both reliability and fallibility. Let us begin with the former. Succinctly put, reliabilism..."
        },
        {
          "corpus_id": "sep",
          "title": "knowledge-value",
          "url": "https://plato.stanford.edu/entries/knowledge-value/",
          "score": 0.0,
          "snippet": "knowledge-value\n\nLottery cases therefore seem to show that justified true belief, no matter how strong the degree of justification, is not enough for acceptable practical reasoning—instead,..."
        },
        {
          "corpus_id": "sep",
          "title": "reliabilism",
          "url": "https://plato.stanford.edu/entries/reliabilism/",
          "score": 0.0,
          "snippet": "reliabilism\n\nHow do such accounts handle Gettier cases? Sosa 2007: 94–97 discusses Lehrer’s (1965) Nogot/Havit case, in which a subject S truly believes that someone here owns a Ford, but he only..."
        },
        {
          "corpus_id": "sep",
          "title": "epistemology-virtue",
          "url": "https://plato.stanford.edu/entries/epistemology-virtue/",
          "score": 0.0,
          "snippet": "epistemology-virtue\n\nA fourth response is that there is no evidence that knowledge requires the sort of dispositions that epistemic situationism challenges and, moreover, that there is theoretical..."
        },
        {
          "corpus_id": "sep",
          "title": "sriharsa",
          "url": "https://plato.stanford.edu/entries/sriharsa/",
          "score": 0.0,
          "snippet": "sriharsa\n\nFirst of all, Mist and Horns clearly conform to the structure of standard Gettier cases; similar examples are also discussed by classical Indian philosophers such as Dharmottara, Kumārila,..."
        },
        {
          "corpus_id": "sep",
          "title": "apriori",
          "url": "https://plato.stanford.edu/entries/apriori/",
          "score": 0.0,
          "snippet": "apriori\n\nIf this is a problem for reliabilists about empirical knowledge, it may also be a problem for reliabilists when it comes to a priori knowledge. Mere reliability does not seem sufficient for..."
        },
        {
          "corpus_id": "sep",
          "title": "epistemology",
          "url": "https://plato.stanford.edu/entries/epistemology/",
          "score": 0.0,
          "snippet": "epistemology\n\nNext, let us consider why reliabilism is an externalist theory. Reliabilism says that the justification of one’s beliefs is a function of the reliability of one’s belief sources..."
        },
        {
          "corpus_id": "sep",
          "title": "contextualism-epistemology",
          "url": "https://plato.stanford.edu/entries/contextualism-epistemology/",
          "score": 0.0,
          "snippet": "contextualism-epistemology\n\nSeveral contextualists (e.g., Cohen 1988, 1998; Lewis 1996; Neta 2002; Rieber 1998) have suggested that we can resolve the lottery paradox by means of the same device(s)..."
        },
        {
          "corpus_id": "sep",
          "title": "closure-epistemic",
          "url": "https://plato.stanford.edu/entries/closure-epistemic/",
          "score": 0.0,
          "snippet": "closure-epistemic\n\nAs for lottery propositions: several theorists suggest that we do not in fact know that they are true because knowing them requires believing them because of something that..."
        },
        {
          "corpus_id": "sep",
          "title": "justep-foundational",
          "url": "https://plato.stanford.edu/entries/justep-foundational/",
          "score": 0.0,
          "snippet": "justep-foundational\n\nThe above is a crude sketch of Goldman’s early reliabilism—he later modified it to deal with a number of objections. But the sketch is enough to bring out the foundationalist..."
        },
        {
          "corpus_id": "sep",
          "title": "metaepistemology",
          "url": "https://plato.stanford.edu/entries/metaepistemology/",
          "score": 0.0,
          "snippet": "metaepistemology\n\nAnother kind of arguably surprising type of result from experimental epistemology concerns “Gettier cases”, and in two distinct ways: first by suggesting the Gettier..."
        },
        {
          "corpus_id": "sep",
          "title": "knowledge-how",
          "url": "https://plato.stanford.edu/entries/knowledge-how/",
          "score": 0.0,
          "snippet": "knowledge-how\n\nAnother way of challenging the intellectualist claim that knowledge-how is a species of knowledge-that is to question whether knowledge-how can be Gettiered. If knowledge-how survives..."
        },
        {
          "corpus_id": "sep",
          "title": "evidence",
          "url": "https://plato.stanford.edu/entries/evidence/",
          "score": 0.0,
          "snippet": "evidence\n\nNotably, even views which tend to marginalize the role of a subject's evidence in determining facts about what he or she is justified in believing typically do not take facts about the..."
        },
        {
          "corpus_id": "sep",
          "title": "logic-justification",
          "url": "https://plato.stanford.edu/entries/logic-justification/",
          "score": 0.0,
          "snippet": "logic-justification\n\nThe Factivity Axiom is adopted for justifications that lead to  knowledge. However, factivity alone does not warrant knowledge, as  has been demonstrated by the Gettier examples..."
        },
        {
          "corpus_id": "sep",
          "title": "analytic-synthetic",
          "url": "https://plato.stanford.edu/entries/analytic-synthetic/",
          "score": 0.0,
          "snippet": "analytic-synthetic\n\nBut suppose, nevertheless, there did in fact exist a correspondence between our concepts and the world, indeed, a deeply reliable, counterfactual-supporting correspondence whereby..."
        },
        {
          "corpus_id": "sep",
          "title": "knowledge-value",
          "url": "https://plato.stanford.edu/entries/knowledge-value/",
          "score": 0.0,
          "snippet": "[Atlas highlights]\nArgument: The Coffee Analogy (against Reliabilism) [from knowledge-value]\n  P1. A good cup of coffee produced by a reliable machine is not more valuable than one produced by an..."
        },
        {
          "corpus_id": "sep",
          "title": "reliabilism",
          "url": "https://plato.stanford.edu/entries/reliabilism/",
          "score": 0.0,
          "snippet": "[Atlas highlights]\n[reliabilism]: \"Virtue reliabiilsm differs from traditonal process reliabiliism in its choic eof analyandam. Historically proces relia bilists have focuse d on giving an accou nt o..."
        },
        {
          "corpus_id": "sep",
          "title": "knowledge-analysis",
          "url": "https://plato.stanford.edu/entries/knowledge-analysis/",
          "score": 0.0,
          "snippet": "knowledge-analysis\n\nIt is not enough merely to pick out the actual extension of knowledge. Even if, in actual fact, all cases of S knowing that p are cases of j, and all cases of the latter are cases..."
        },
        {
          "corpus_id": "sep",
          "title": "knowledge-analysis",
          "url": "https://plato.stanford.edu/entries/knowledge-analysis/",
          "score": 0.0,
          "snippet": "knowledge-analysis\n\nEven a necessary biconditional linking knowledge to some state j would probably not be sufficient for an analysis of knowledge, although just what more is required is a matter of..."
        },
        {
          "corpus_id": "sep",
          "title": "epistemology-virtue",
          "url": "https://plato.stanford.edu/entries/epistemology-virtue/",
          "score": 0.0,
          "snippet": "epistemology-virtue\n\nMany practitioners deploy VE’s resources to address standard questions in standard ways. (Here ‘standard’ means ‘standard for contemporary Anglophone epistemology’.)..."
        },
        {
          "corpus_id": "sep",
          "title": "epistemology-virtue",
          "url": "https://plato.stanford.edu/entries/epistemology-virtue/",
          "score": 0.0,
          "snippet": "epistemology-virtue\n\nLackey (2009) replies to Greco, Riggs, and Sosa. Her response is subtle and multidimensional, but its centerpiece is a dilemma for VE’s credit thesis. Either VE’s notion of..."
        },
        {
          "corpus_id": "sep",
          "title": "knowledge-value",
          "url": "https://plato.stanford.edu/entries/knowledge-value/",
          "score": 0.0,
          "snippet": "knowledge-value\n\nNot all theorists accept that the value problems are genuine. For example, in light of the literature on the Gettier problem, some theorists deny that the secondary value problem is..."
        },
        {
          "corpus_id": "sep",
          "title": "knowledge-value",
          "url": "https://plato.stanford.edu/entries/knowledge-value/",
          "score": 0.0,
          "snippet": "knowledge-value\n\nThe first contemporary wave of work on the value problem largely concerned whether this problem raised a distinctive difficulty for reliabilist accounts of knowledge—i.e., those..."
        },
        {
          "corpus_id": "sep",
          "title": "reliabilism",
          "url": "https://plato.stanford.edu/entries/reliabilism/",
          "score": 0.0,
          "snippet": "reliabilism\n\nBut even if we reject an account of defeat along these lines, the reliabilist may have other options for dealing with the problem. For example, some might suggest that we can handle this..."
        },
        {
          "corpus_id": "sep",
          "title": "reliabilism",
          "url": "https://plato.stanford.edu/entries/reliabilism/",
          "score": 0.0,
          "snippet": "reliabilism\n\nOne of the main goals of epistemologists is to provide a substantive and explanatory account of the conditions under which a belief has some desirable epistemic status (typically,..."
        }
      ],
      "source_score": {
        "matched": [
          "knowledge-analysis",
          "reliabilism"
        ],
        "missing": [
          "epistemic-paradoxes"
        ],
        "total_expected": 3,
        "ratio": 0.6666667
      },
      "fact_score": {
        "matched": [
          "Gettier",
          "reliabilism",
          "lottery paradox",
          "justified true belief",
          "process reliabilism"
        ],
        "missing": [
          "safety",
          "sensitivity"
        ],
        "total_expected": 7,
        "ratio": 0.71428573
      },
      "embed_ms": 0,
      "search_ms": 0,
      "corpora_hit": [
        "sep"
      ],
      "vector_eligible": true,
      "synth": {
        "answer": "Reliabilist analyses of knowledge handle Gettier cases by attempting to distinguish between beliefs that are true because of a reliable process and those that are merely lucky. However, the lottery paradox suggests that reliability alone is insufficient for knowledge, as it fails to account for high-probability but non-truth-tracking belief formation in specific contexts.\n\n### Reliabilism and Gettier Cases\nStandard reliabilism defines knowledge (or justification) based on whether a belief was produced by a cognitive process that yields mostly true beliefs [Source: epistemology-latin-america]. Simple K-reliabilism faces significant challenges from Gettier-style counterexamples. For instance, in the \"barn facade\" case, Henry sees a real barn in an area full of fake facades; his perceptual process is generally reliable, yet he lacks knowledge because he could easily have been wrong [Source: knowledge-analysis]. This suggests that shifting from Justified True Belief to reliability does not automatically solve the Gettier problem unless specific amendments are made [Source: knowledge-analysis].\n\nTo address this, virtue reliabilists argue that knowledge requires believing the truth *because* of one’s intellectual virtues or competences [Source: epistemology-virtue]. In Gettier cases, while the subject may exercise competence, the belief is correct due to luck rather than the exercise of that competence [Source: reliabilism]. For example, Ernest Sosa argues that in Lehrer’s Nogot/Havit case, a subject believes someone owns a Ford based on misleading testimony; although an epistemic competence is exercised, the belief's correctness is not \"because of\" that competence [Source: reliabilism]. However, critics like Roberts and Wood object that this view is uninformative because it lacks a clear account of what it means for a belief to be held \"because of\" virtue [Source: epistemology-virtue].\n\n### The Lottery Paradox and Reliability\nThe lottery paradox presents a distinct challenge to whether reliability is enough. In standard lottery cases, an agent has strong statistical justification (high probability) but no knowledge that their ticket will lose. Several theorists argue that we do not know lottery propositions are true because our grounds—mere high likelihood—do not establish or safely indicate the truth in the way required for knowledge [Source: closure-epistemic]. \n\nJuan Comesaña argues that reliabilism can handle these problems by appealing to a probabilistic account of reliability rather than requiring absolute certainty [Source: epistemology-latin-america]. However, other views suggest that if the only ground for belief is high probability without a process that \"ensures\" or \"settles\" the truth, it fails as knowledge regardless of statistical strength [Source: closure-epistemic]. Furthermore, contextualists propose resolving the paradox by noting that our reluctance to attribute knowledge depends on whether error possibilities are salient; we may say someone knows they will lose in low-stakes contexts but not when the possibility of winning is made salient [Source: contextualism-epistemology].\n\n### Conclusion\nReliabilism handles Gettier cases by adding conditions about *why* a belief is true (e.g., creditworthiness or competence), though this raises questions about how to define the causal link between virtue and truth. The lottery paradox suggests that reliability—understood as high statistical probability—is often insufficient for knowledge because it lacks the \"truth-establishing\" connection required to rule out epistemic luck, even if the process is generally reliable across many instances.\n\n---\n*Verification note: these statements could not be confirmed against your sources — treat them as unverified:*\n- Simple K-reliabilism faces significant challenges from Gettier-style counterexamples. For instance, in the\n- The lottery paradox presents a distinct challenge to whether reliability is enough.",
        "reasoning_chars": 0,
        "stream_wall_ms": 56512,
        "total_latency_ms": 51956,
        "intent": "DeepQuery",
        "source_origins": [
          "sep"
        ],
        "retrieved_chunk_count": 36,
        "chunks_fact_score": {
          "matched": [
            "Gettier",
            "reliabilism",
            "lottery paradox",
            "justified true belief",
            "process reliabilism"
          ],
          "missing": [
            "safety",
            "sensitivity"
          ],
          "total_expected": 7,
          "ratio": 0.71428573
        },
        "judge_fact_score": {
          "matched": [
            "Gettier",
            "reliabilism",
            "lottery paradox",
            "justified true belief",
            "process reliabilism"
          ],
          "missing": [
            "safety",
            "sensitivity"
          ],
          "total_expected": 7,
          "ratio": 0.71428573
        },
        "judge_evidence": [
          {
            "fact": "Gettier",
            "present": true,
            "evidence": "\"Reliabilist analyses of knowledge handle Gettier cases by attempting to distinguish between beliefs that are true because of a reliable process and those that are merely lucky.\""
          },
          {
            "fact": "reliabilism",
            "present": true,
            "evidence": "\"Reliabilist analyses of knowledge handle Gettier cases...\""
          },
          {
            "fact": "lottery paradox",
            "present": true,
            "evidence": "\"The lottery paradox presents a distinct challenge to whether reliability is enough.\""
          },
          {
            "fact": "justified true belief",
            "present": true,
            "evidence": "\"Standard reliabilism defines knowledge (or justification) based on whether a belief was produced by a cognitive process...\""
          },
          {
            "fact": "process reliabilism",
            "present": true,
            "evidence": "\"Reliabilist analyses of knowledge handle Gettier cases by attempting to distinguish between beliefs that are true because of a reliable process...\""
          },
          {
            "fact": "safety",
            "present": false,
            "evidence": "(absent)"
          },
          {
            "fact": "sensitivity",
            "present": false,
            "evidence": "(absent)"
          }
        ]
      }
    },
    {
      "question_id": "argument_internalism_externalism_justification",
      "category": "argument_reconstruction",
      "question": "Reconstruct the new evil demon problem and explain why it is taken as a\nserious challenge to externalist accounts of epistemic justification.\n",
      "retrieved": [
        {
          "corpus_id": "sep",
          "title": "sep",
          "url": null,
          "score": 0.0,
          "snippet": "The passages examine various challenges to reliabilist theories of justification, including the clairvoyance objection by BonJour and the new evil demon problem. They explore potential responses such...",
          "source": "raptor"
        },
        {
          "corpus_id": "sep",
          "title": "sep",
          "url": null,
          "score": 0.0,
          "snippet": "The passages argue that epistemic justification requires the cognizer to have access to their reasons or evidence, challenging externalist views like reliabilism. This internalist stance is supported...",
          "source": "raptor"
        },
        {
          "corpus_id": "sep",
          "title": "sep",
          "url": null,
          "score": 0.0,
          "snippet": "The passages argue that epistemic justification requires the cognizer to have reflective access to their reasons or evidence, thereby challenging externalist positions like reliabilism. This...",
          "source": "raptor"
        },
        {
          "corpus_id": "sep",
          "title": "sep",
          "url": null,
          "score": 0.0,
          "snippet": "The text analyzes the debate between internalism and externalism regarding epistemic justification, focusing on specific variants such as accessibility internalism, mentalism, and deontological...",
          "source": "raptor"
        },
        {
          "corpus_id": "sep",
          "title": "sep",
          "url": null,
          "score": 0.0,
          "snippet": "The passages examine criticisms of externalist reliabilism, particularly its tendency to grant unjustified foundational status to beliefs lacking objective reliability or proper grounding. Critics...",
          "source": "raptor"
        },
        {
          "corpus_id": "sep",
          "title": "sep",
          "url": null,
          "score": 0.0,
          "snippet": "The passages outline the development of reliabilism, a theory positing that epistemic justification depends on the reliability of belief-forming processes. It details Alvin Goldman's foundational...",
          "source": "raptor"
        },
        {
          "corpus_id": "sep",
          "title": "sep",
          "url": null,
          "score": 0.0,
          "snippet": "The text argues that epistemic paradoxes, such as the surprise test and Monty Hall problems, reveal tensions between rational belief formation, predictive determinism, and decision theory. It...",
          "source": "raptor"
        },
        {
          "corpus_id": "sep",
          "title": "sep",
          "url": null,
          "score": 0.0,
          "snippet": "The text contrasts internalist views of perceptual justification with externalist theories, highlighting challenges such as hallucination cases and introducing epistemological disjunctivism as an...",
          "source": "raptor"
        },
        {
          "corpus_id": "sep",
          "title": "justep-foundational",
          "url": "https://plato.stanford.edu/entries/justep-foundational/",
          "score": 0.0,
          "snippet": "[Atlas highlights]\nArgument: New Evil Demon Problem [from justep-foundational]\n  P1. P1: A subject exists who is internally identical to me but whose beliefs are produced by a deceiving demon rather..."
        },
        {
          "corpus_id": "sep",
          "title": "epistemic-self-doubt",
          "url": "https://plato.stanford.edu/entries/epistemic-self-doubt/",
          "score": 0.0,
          "snippet": "epistemic-self-doubt\n\nepistemic paradoxes |  evidence |  justification, epistemic: internalist vs. externalist conceptions of |  Lewis, David |  probability, interpretations of"
        },
        {
          "corpus_id": "sep",
          "title": "reliabilism",
          "url": "https://plato.stanford.edu/entries/reliabilism/",
          "score": 0.0,
          "snippet": "reliabilism\n\nThe foregoing responses seek to accommodate the claim that the person in the demon world has justified beliefs (call this the “New Evil Demon Claim”). Another response is to reject..."
        },
        {
          "corpus_id": "sep",
          "title": "epistemology",
          "url": "https://plato.stanford.edu/entries/epistemology/",
          "score": 0.0,
          "snippet": "epistemology\n\nOne challenge for explanatory coherentists is to explain what makes one explanation better than another. Let’s use the evil demon hypothesis to illustrate this challenge. What we need..."
        },
        {
          "corpus_id": "sep",
          "title": "justep-foundational",
          "url": "https://plato.stanford.edu/entries/justep-foundational/",
          "score": 0.0,
          "snippet": "justep-foundational\n\nThe “new evil demon problem” (Lehrer and Cohen 1983; Cohen 1984) challenges the claim that externalist conditions like reliability really are necessary. Suppose that there is..."
        },
        {
          "corpus_id": "sep",
          "title": "basing-epistemic",
          "url": "https://plato.stanford.edu/entries/basing-epistemic/",
          "score": 0.0,
          "snippet": "basing-epistemic\n\nepistemology |  justification, epistemic: foundationalist theories of |  justification, epistemic: internalist vs. externalist conceptions of |  knowledge: analysis of"
        },
        {
          "corpus_id": "sep",
          "title": "justep-intext",
          "url": "https://plato.stanford.edu/entries/justep-intext/",
          "score": 0.0,
          "snippet": "justep-intext\n\nOne way to see the import of the externalist position regarding justification is by means of examples. The case described earlier wherein one gains a great number of justified..."
        },
        {
          "corpus_id": "sep",
          "title": "evil",
          "url": "https://plato.stanford.edu/entries/evil/",
          "score": 0.0,
          "snippet": "evil\n\nIn his 1996 paper, “The Evidential Argument from Evil: A Second Look”, Rowe set aside the problem of attempting to find a satisfactory account of the inductive step involved in direct,..."
        },
        {
          "corpus_id": "sep",
          "title": "perception-episprob",
          "url": "https://plato.stanford.edu/entries/perception-episprob/",
          "score": 0.0,
          "snippet": "perception-episprob\n\nMany of the objections to these views are just specific applications of objections to reliabilism, externalism, and teleological theories more generally. For instance,..."
        },
        {
          "corpus_id": "sep",
          "title": "skeptical-theism",
          "url": "https://plato.stanford.edu/entries/skeptical-theism/",
          "score": 0.0,
          "snippet": "skeptical-theism\n\nconsequentialism |  evil: problem of |  hiddenness of God |  justification, epistemic: foundationalist theories of"
        },
        {
          "corpus_id": "sep",
          "title": "descartes-epistemology",
          "url": "https://plato.stanford.edu/entries/descartes-epistemology/",
          "score": 0.0,
          "snippet": "descartes-epistemology\n\nOne way to divide up theories of justification is in terms of the internalism-externalism distinction. Very roughly: a theory of epistemic justification is internalist insofar..."
        },
        {
          "corpus_id": "sep",
          "title": "moral-epistemology",
          "url": "https://plato.stanford.edu/entries/moral-epistemology/",
          "score": 0.0,
          "snippet": "moral-epistemology\n\nFirst, the entry ignores global skepticism, which doubts the possibility of anyone’s having any knowledge at all. Thus, it ignores the threat of an unstoppable regress in..."
        },
        {
          "corpus_id": "sep",
          "title": "skepticism",
          "url": "https://plato.stanford.edu/entries/skepticism/",
          "score": 0.0,
          "snippet": "skepticism\n\nDescartes, René: epistemology |  epistemic closure |  justification, epistemic: coherentist theories of |  justification, epistemic: foundationalist theories of |  justification,..."
        },
        {
          "corpus_id": "sep",
          "title": "knowledge-value",
          "url": "https://plato.stanford.edu/entries/knowledge-value/",
          "score": 0.0,
          "snippet": "knowledge-value\n\nSo far this discussion has taken it as given that whatever problems reliabilism faces in this regard, there are epistemological theories available—some form of virtue epistemology,..."
        },
        {
          "corpus_id": "sep",
          "title": "epistemology-virtue",
          "url": "https://plato.stanford.edu/entries/epistemology-virtue/",
          "score": 0.0,
          "snippet": "epistemology-virtue\n\ncontextualism, epistemic |  ethics: virtue |  justification, epistemic: coherentist theories of |  justification, epistemic: foundationalist theories of |  justification,..."
        },
        {
          "corpus_id": "sep",
          "title": "knowledge-analysis",
          "url": "https://plato.stanford.edu/entries/knowledge-analysis/",
          "score": 0.0,
          "snippet": "knowledge-analysis\n\ncontextualism, epistemic |  epistemic closure |  epistemology: naturalism in |  epistemology: social |  epistemology: virtue |  justification, epistemic: coherentist theories of |..."
        },
        {
          "corpus_id": "sep",
          "title": "reid",
          "url": "https://plato.stanford.edu/entries/reid/",
          "score": 0.0,
          "snippet": "reid\n\nThe traditional problem of evil focuses on the second definition of ‘evil’. To this Reid offers a soul-making theodicy, and couples it with an emphasis on human epistemic limits. First,..."
        },
        {
          "corpus_id": "sep",
          "title": "higher-order-evidence",
          "url": "https://plato.stanford.edu/entries/higher-order-evidence/",
          "score": 0.0,
          "snippet": "higher-order-evidence\n\ndisagreement |  evidence |  justification, epistemic: coherentist theories of |  justification, epistemic: foundationalist theories of |  justification, epistemic: internalist..."
        },
        {
          "corpus_id": "sep",
          "title": "intuition",
          "url": "https://plato.stanford.edu/entries/intuition/",
          "score": 0.0,
          "snippet": "intuition\n\nInsofar as the normative premise is meant to articulate a necessary truth, it is open to the “new evil demon” counterexample to the necessity of reliability (Cohen 1984) according to..."
        },
        {
          "corpus_id": "sep",
          "title": "justep-intext",
          "url": "https://plato.stanford.edu/entries/justep-intext/",
          "score": 0.0,
          "snippet": "[Atlas highlights]\n[justep-intext]: \"This example indicates that Maud is being both irrational and irresponsible... It fails to be justified precisely because Maud has been intellectually..."
        },
        {
          "corpus_id": "sep",
          "title": "justep-foundational",
          "url": "https://plato.stanford.edu/entries/justep-foundational/",
          "score": 0.0,
          "snippet": "justep-foundational\n\nOne other response is to embrace infinitism and hold that an infinite regress is not necessarily vicious or problematic. Infinitism has a few defenders (e.g., Peter Klein (1998)..."
        },
        {
          "corpus_id": "sep",
          "title": "justep-foundational",
          "url": "https://plato.stanford.edu/entries/justep-foundational/",
          "score": 0.0,
          "snippet": "justep-foundational\n\nMichael Bergmann (2006: chs. 1 and 2) argues, however, that if to avoid regress we drop the strong access requirements that are so dear to some internalists, we also lose the..."
        },
        {
          "corpus_id": "sep",
          "title": "reliabilism",
          "url": "https://plato.stanford.edu/entries/reliabilism/",
          "score": 0.0,
          "snippet": "reliabilism\n\nBy now, a number of problems have been raised for process reliabilism. Here we review some of the main challenges, focusing on the three that have received the most attention in the..."
        },
        {
          "corpus_id": "sep",
          "title": "reliabilism",
          "url": "https://plato.stanford.edu/entries/reliabilism/",
          "score": 0.0,
          "snippet": "reliabilism\n\nIn “What is Justified Belief?”, Goldman acknowledged this sort of problem, and suggested adding a “No Defeaters” condition to the theory of epistemic justification. There, he..."
        },
        {
          "corpus_id": "sep",
          "title": "reliabilism",
          "url": "https://plato.stanford.edu/entries/reliabilism/",
          "score": 0.0,
          "snippet": "reliabilism\n\nOne of the main goals of epistemologists is to provide a substantive and explanatory account of the conditions under which a belief has some desirable epistemic status (typically,..."
        },
        {
          "corpus_id": "sep",
          "title": "epistemic-self-doubt",
          "url": "https://plato.stanford.edu/entries/epistemic-self-doubt/",
          "score": 0.0,
          "snippet": "epistemic-self-doubt\n\nIt is possible to direct doubt at oneself over many things. One can doubt one’s own motives, or one’s competence to drive a car. One can doubt that one is up to the..."
        },
        {
          "corpus_id": "sep",
          "title": "epistemic-self-doubt",
          "url": "https://plato.stanford.edu/entries/epistemic-self-doubt/",
          "score": 0.0,
          "snippet": "epistemic-self-doubt\n\nIt might seem that consistency and coherence are not strong enough to tell us what the relation should be between the first order and the second order in cases of epistemic..."
        },
        {
          "corpus_id": "sep",
          "title": "epistemic-self-doubt",
          "url": "https://plato.stanford.edu/entries/epistemic-self-doubt/",
          "score": 0.0,
          "snippet": "epistemic-self-doubt\n\nThe same problem can be seen with Egan and Elga’s treatment of cases of self-attributing less extreme unreliability (such as INP) that they regard as unproblematic. Consider a..."
        },
        {
          "corpus_id": "sep",
          "title": "basing-epistemic",
          "url": "https://plato.stanford.edu/entries/basing-epistemic/",
          "score": 0.0,
          "snippet": "basing-epistemic\n\nCausal theories of the basing relation hold that for a belief to be based on a reason, the reason must cause the belief in an appropriate way. Causal theories of the basing relation..."
        },
        {
          "corpus_id": "sep",
          "title": "basing-epistemic",
          "url": "https://plato.stanford.edu/entries/basing-epistemic/",
          "score": 0.0,
          "snippet": "basing-epistemic\n\nFinally, novel arguments for various forms of skepticism about justification can be developed that focus on improperly based beliefs, though such arguments remain largely..."
        },
        {
          "corpus_id": "sep",
          "title": "basing-epistemic",
          "url": "https://plato.stanford.edu/entries/basing-epistemic/",
          "score": 0.0,
          "snippet": "basing-epistemic\n\nWhat makes the problem so difficult is that there are a variety of ways the causal chain of events can go wrong and thereby fail to establish a basing relation. For example,..."
        }
      ],
      "source_score": {
        "matched": [
          "epistemology",
          "reliabilism",
          "knowledge-analysis"
        ],
        "missing": [],
        "total_expected": 3,
        "ratio": 1.0
      },
      "fact_score": {
        "matched": [
          "new evil demon",
          "externalism",
          "epistemic justification",
          "reliabilism"
        ],
        "missing": [
          "internalism",
          "mentalism",
          "BonJour"
        ],
        "total_expected": 7,
        "ratio": 0.5714286
      },
      "embed_ms": 0,
      "search_ms": 0,
      "corpora_hit": [
        "sep"
      ],
      "vector_eligible": true,
      "synth": {
        "answer": "The **New Evil Demon Problem** is a central counterexample in epistemology used to challenge externalist theories of justification, particularly reliabilism. It was introduced by Lehrer and Cohen (1983) and Cohen (1984) [Source: justep-foundational].\n\n### Reconstruction of the Argument\nThe problem relies on comparing two subjects who are internally identical but externally different regarding the reliability of their belief-forming processes:\n\n*   **P1:** There exists a subject (\"the twin\") who is internally indistinguishable from an actual observer ($S$), except that $S$'s beliefs are produced by reliable processes, while the twin's beliefs are produced by a powerful deceiving demon [Source: justep-foundational; Source: intuition].\n*   **P2:** Intuitively, the twin’s level of justification is equal to $S$’s, despite the twin lacking reliability [Source: justep-foundational].\n*   **C:** Therefore, externalist conditions like reliability are not necessary for foundational epistemic justification [Source: justep-foundational].\n\n### Why It Is a Serious Challenge to Externalism\nThe problem targets reliabilists (a primary form of externalism) who claim that justified belief requires the belief-forming process to be objectively reliable. The challenge operates as follows:\n\n1.  **Internal Indistinguishability:** Because the demon victim has the exact same sensory experiences and cognitive states as an actual observer in the real world, they have no internal way of knowing their environment is deceptive [Source: intuition; Source: justep-intext]. \n2.  **Intuitive Equivalence:** Most philosophers share the strong intuition that if two people are mentally identical, they possess equal epistemic justification for their beliefs [Source: justep-foundational].\n3.  **The Externalist Dilemma:** If reliabilism holds true, $S$ (in the reliable world) possesses justified beliefs because her processes track truth. However, the twin’s beliefs are systematically false due to demonic deception, meaning her process is unreliable. Consequently, a strict reliabilist must conclude the twin's beliefs are *unjustified* [Source: justep-foundational; Source: reliabilism].\n\nThis creates an unacceptable consequence for many externalists: it implies that a person can be perfectly rational and intellectually responsible yet entirely unjustified simply due to factors outside their awareness or control [Source: intuition]. \n\n### Responses\nExternalists have proposed several responses to this challenge:\n*   **Ambiguity Response:** Alvin Goldman argues there is an ambiguity between \"doxastic justification\" (the property of the belief itself) and \"personal justification\" (what the subject has done right from their perspective). He suggests we may grant personal justification while denying doxastic justification. \n*   **Rejection of the Premise:** Some philosophers, such as Timothy Williamson, reject the premise that the demon victim possesses the same evidence as us. If one adopts an externalist view where evidence equals knowledge ($E=K$), then because the demon victim lacks true beliefs/knowledge, they possess less evidence than actual observers [Source: epistemic-self-doubt].\n*   **Accepting the Consequence:** A minority response is to simply accept that in a demon world, subjects lack justified belief entirely, rejecting our initial intuitions about their mental states [Source: reliabilism].\n\n---\n*Verification note: these statements could not be confirmed against your sources — treat them as unverified:*\n- ### Reconstruction of the Argument\n- The problem relies on comparing two subjects who are internally identical but externally different regarding the reliability of their belief-forming processes:\n- **P2:** Intuitively, the twin’s level of justification is equal to $S$’s, despite the twin lacking reliability [Source",
        "reasoning_chars": 0,
        "stream_wall_ms": 49174,
        "total_latency_ms": 45732,
        "intent": "DeepQuery",
        "source_origins": [
          "sep"
        ],
        "retrieved_chunk_count": 39,
        "chunks_fact_score": {
          "matched": [
            "new evil demon",
            "internalism",
            "externalism",
            "epistemic justification",
            "reliabilism",
            "mentalism",
            "BonJour"
          ],
          "missing": [],
          "total_expected": 7,
          "ratio": 1.0
        },
        "judge_fact_score": {
          "matched": [
            "new evil demon",
            "internalism",
            "externalism",
            "epistemic justification",
            "reliabilism",
            "mentalism"
          ],
          "missing": [
            "BonJour"
          ],
          "total_expected": 7,
          "ratio": 0.85714287
        },
        "judge_evidence": [
          {
            "fact": "new evil demon",
            "present": true,
            "evidence": "\"The problem relies on comparing two subjects who are internally identical but externally different regarding the reliability of their belief-forming processes\""
          },
          {
            "fact": "internalism",
            "present": true,
            "evidence": "\"The problem relies on comparing two subjects who are internally identical but externally different regarding the reliability of their belief-forming processes\""
          },
          {
            "fact": "externalism",
            "present": true,
            "evidence": "\"The New Evil Demon Problem is a central counterexample in epistemology used to challenge externalist theories of justification...\""
          },
          {
            "fact": "epistemic justification",
            "present": true,
            "evidence": "\"The New Evil Demon Problem is a central counterexample in epistemology used to challenge externalist theories of justification...\""
          },
          {
            "fact": "reliabilism",
            "present": true,
            "evidence": "\"The New Evil Demon Problem is a central counterexample in epistemology used to challenge externalist theories of justification, particularly reliabilism.\""
          },
          {
            "fact": "mentalism",
            "present": true,
            "evidence": "\"Intuitively, the twin's level of justification is equal to S's...\" and \"Most philosophers share the strong intuition that if two people are mentally identical\""
          },
          {
            "fact": "BonJour",
            "present": false,
            "evidence": "(absent)"
          }
        ]
      }
    },
    {
      "question_id": "concept_qualia_physicalism",
      "category": "concept_distinction",
      "question": "What is the distinction between phenomenal and access consciousness, and\nwhy does it matter for the knowledge argument against physicalism?\n",
      "retrieved": [
        {
          "corpus_id": "sep",
          "title": "sep",
          "url": null,
          "score": 0.0,
          "snippet": "The Knowledge Argument, primarily formulated by Frank Jackson using the thought experiment of Mary the neurophysiologist, claims that physicalism is false because it cannot account for all facts...",
          "source": "raptor"
        },
        {
          "corpus_id": "sep",
          "title": "sep",
          "url": null,
          "score": 0.0,
          "snippet": "The text examines the knowledge argument, primarily through Frank Jackson's Mary thought experiment and related cases like Fred, to explore whether physical facts entail phenomenal knowledge. It...",
          "source": "raptor"
        },
        {
          "corpus_id": "sep",
          "title": "sep",
          "url": null,
          "score": 0.0,
          "snippet": "The text examines the Mary's Room thought experiment to argue that physicalism faces challenges in explaining how acquiring new phenomenal knowledge does not entail learning new physical facts. It...",
          "source": "raptor"
        },
        {
          "corpus_id": "sep",
          "title": "sep",
          "url": null,
          "score": 0.0,
          "snippet": "The Knowledge Argument, prominently formulated by Frank Jackson and influenced by Thomas Nagel, posits that complete physical knowledge does not entail knowledge of phenomenal experience, thereby...",
          "source": "raptor"
        },
        {
          "corpus_id": "sep",
          "title": "sep",
          "url": null,
          "score": 0.0,
          "snippet": "Frank Jackson's Knowledge Argument contends that physicalism is false because Mary the neurophysiologist acquires non-physical knowledge upon experiencing color for the first time. While Jackson...",
          "source": "raptor"
        },
        {
          "corpus_id": "sep",
          "title": "sep",
          "url": null,
          "score": 0.0,
          "snippet": "Frank Jackson's Knowledge Argument asserts that possessing complete physical information does not equate to knowing what phenomenal experience is like, thereby challenging the validity of...",
          "source": "raptor"
        },
        {
          "corpus_id": "sep",
          "title": "sep",
          "url": null,
          "score": 0.0,
          "snippet": "The passages argue that physicalism faces significant challenges from thought experiments involving Mary's Room and philosophical zombies, which suggest a gap between physical facts and phenomenal...",
          "source": "raptor"
        },
        {
          "corpus_id": "sep",
          "title": "sep",
          "url": null,
          "score": 0.0,
          "snippet": "The text distinguishes between first-order sensory qualities and higher-order phenomenal properties, arguing that the latter are ineffable and distinct from publicly describable attributes. This...",
          "source": "raptor"
        },
        {
          "corpus_id": "sep",
          "title": "consciousness",
          "url": "https://plato.stanford.edu/entries/consciousness/",
          "score": 0.0,
          "snippet": "[Atlas highlights]\n[Global Workspace theories (consciousness)]: \"consciousness in both the access and phenomenal sense occurs when and only when the relevant content enters the larger global network..."
        },
        {
          "corpus_id": "sep",
          "title": "consciousness",
          "url": "https://plato.stanford.edu/entries/consciousness/",
          "score": 0.0,
          "snippet": "consciousness\n\nThis particular role is most directly and definitionally tied to the notion of access consciousness (Block 1995), but meta-mental consciousness as well as the phenomenal and..."
        },
        {
          "corpus_id": "sep",
          "title": "consciousness",
          "url": "https://plato.stanford.edu/entries/consciousness/",
          "score": 0.0,
          "snippet": "consciousness\n\nMost eliminativists are more qualified in their negative assessment. Rather than rejecting the notion outright, they take issue only with some of the prominent features that it is..."
        },
        {
          "corpus_id": "sep",
          "title": "consciousness-animal",
          "url": "https://plato.stanford.edu/entries/consciousness-animal/",
          "score": 0.0,
          "snippet": "consciousness-animal\n\nAlso important has been a line of argumentation by philosophers that the subjective nature of consciousness makes it inherently difficult to study. Block's (1995) influential..."
        },
        {
          "corpus_id": "sep",
          "title": "physicalism",
          "url": "https://plato.stanford.edu/entries/physicalism/",
          "score": 0.0,
          "snippet": "physicalism\n\nAs with the knowledge argument, the issues surrounding Kripke’s argument are very much wide open. But it is important to note that most philosophers don’t consider the issues of..."
        },
        {
          "corpus_id": "sep",
          "title": "consciousness-intentionality",
          "url": "https://plato.stanford.edu/entries/consciousness-intentionality/",
          "score": 0.0,
          "snippet": "consciousness-intentionality\n\nBut what is the relationship between various kinds of information access and consciousness in the phenomenal, experiential sense? Block distinguishes the notions of..."
        },
        {
          "corpus_id": "sep",
          "title": "consciousness-higher",
          "url": "https://plato.stanford.edu/entries/consciousness-higher/",
          "score": 0.0,
          "snippet": "consciousness-higher\n\nTurning now to the notion of mental-state consciousness, the major distinction here is between phenomenal consciousness, on the one hand—which is a property of states that it..."
        },
        {
          "corpus_id": "sep",
          "title": "phenomenal-intentionality",
          "url": "https://plato.stanford.edu/entries/phenomenal-intentionality/",
          "score": 0.0,
          "snippet": "phenomenal-intentionality\n\nPhenomenal consciousness has various epistemic markers: It gives rise to (at least the appearance of) an explanatory gap (see Levine 1983 and the entry on  consciousness), ..."
        },
        {
          "corpus_id": "sep",
          "title": "qualia-knowledge",
          "url": "https://plato.stanford.edu/entries/qualia-knowledge/",
          "score": 0.0,
          "snippet": "qualia-knowledge\n\nThe differences between variants of the New Knowledge/Old Fact View concern the theoretical (physicalist) account of (a) phenomenal character, (b) phenomenal concepts of phenomenal..."
        },
        {
          "corpus_id": "sep",
          "title": "consciousness-neuroscience",
          "url": "https://plato.stanford.edu/entries/consciousness-neuroscience/",
          "score": 0.0,
          "snippet": "consciousness-neuroscience\n\nIntrospection illustrates a type of cognitive access, for a state that is introspected is access conscious. This raises a question that has epistemic implications: is..."
        },
        {
          "corpus_id": "sep",
          "title": "qt-consciousness",
          "url": "https://plato.stanford.edu/entries/qt-consciousness/",
          "score": 0.0,
          "snippet": "qt-consciousness\n\nDual-aspect approaches consider mental and material domains of reality as aspects, or manifestations, of one underlying reality in which mind and matter are unseparated. In such a..."
        },
        {
          "corpus_id": "sep",
          "title": "dualism",
          "url": "https://plato.stanford.edu/entries/dualism/",
          "score": 0.0,
          "snippet": "dualism\n\nOne category of arguments for dualism is constituted by the standard objections against physicalism. Prime examples are those based on the existence of qualia, the most important of which is..."
        },
        {
          "corpus_id": "sep",
          "title": "intentionality",
          "url": "https://plato.stanford.edu/entries/intentionality/",
          "score": 0.0,
          "snippet": "intentionality\n\nMany of the philosophers who accept a version of Brentano’s thesis that all mental states exhibit intentionality try to show that the mysteries of phenomenal consciousness can..."
        },
        {
          "corpus_id": "sep",
          "title": "epiphenomenalism",
          "url": "https://plato.stanford.edu/entries/epiphenomenalism/",
          "score": 0.0,
          "snippet": "epiphenomenalism\n\nDavid Lewis (1988) undertakes a thorough response to the knowledge argument. Among Lewis’s many considerations, there is one that seeks to enforce a connection between phenomenal..."
        },
        {
          "corpus_id": "sep",
          "title": "mental-representation",
          "url": "https://plato.stanford.edu/entries/mental-representation/",
          "score": 0.0,
          "snippet": "mental-representation\n\nAnother sort of representation appealed to by some phenomenalists (e.g., Chalmers (2003), Block (2003)) is what Chalmers calls a “pure phenomenal concept.” A phenomenal..."
        },
        {
          "corpus_id": "sep",
          "title": "consciousness-unity",
          "url": "https://plato.stanford.edu/entries/consciousness-unity/",
          "score": 0.0,
          "snippet": "consciousness-unity\n\nSimilarly, Bayne and Chalmers (2003: 24–7) distinguish objectual unity (a matter of two conscious experiences of one object, so different from Tye’s object unity), spatial..."
        },
        {
          "corpus_id": "sep",
          "title": "russellian-monism",
          "url": "https://plato.stanford.edu/entries/russellian-monism/",
          "score": 0.0,
          "snippet": "russellian-monism\n\nSome traditional physicalist theories conflict with other aspects of Russellian monism. For example, (physicalist) analytic functionalism (Armstrong 1968; Lewis 1966, 1972, 1980)..."
        },
        {
          "corpus_id": "sep",
          "title": "consciousness-representational",
          "url": "https://plato.stanford.edu/entries/consciousness-representational/",
          "score": 0.0,
          "snippet": "consciousness-representational\n\nThe Conceivability argument (Chalmers 1996, 2003) has it that “zombies” are conceivable—physical duplicates of ordinary human beings, that share all the human..."
        },
        {
          "corpus_id": "sep",
          "title": "properties-emergent",
          "url": "https://plato.stanford.edu/entries/properties-emergent/",
          "score": 0.0,
          "snippet": "properties-emergent\n\nSome accept this claim regarding these “phenomenal” qualities of conscious experience, but think that there is no corresponding deep challenge to physicalism with regards to..."
        },
        {
          "corpus_id": "sep",
          "title": "materialism-eliminative",
          "url": "https://plato.stanford.edu/entries/materialism-eliminative/",
          "score": 0.0,
          "snippet": "materialism-eliminative\n\nA somewhat similar outlook has been proposed by Keith Frankish and others, and is commonly referred to as “Illusionism” about consciousness, a label designed to help..."
        },
        {
          "corpus_id": "sep",
          "title": "consciousness",
          "url": "https://plato.stanford.edu/entries/consciousness/",
          "score": 0.0,
          "snippet": "consciousness\n\nThe noun “consciousness” has an equally diverse range of meanings that largely parallel those of the adjective “conscious”. Distinctions can be drawn between creature and state..."
        },
        {
          "corpus_id": "sep",
          "title": "consciousness-animal",
          "url": "https://plato.stanford.edu/entries/consciousness-animal/",
          "score": 0.0,
          "snippet": "consciousness-animal\n\nMany philosophers and scientists have either argued or assumed that consciousness is inherently private, and hence that one's own experience is unknowable to others. While..."
        },
        {
          "corpus_id": "sep",
          "title": "consciousness-animal",
          "url": "https://plato.stanford.edu/entries/consciousness-animal/",
          "score": 0.0,
          "snippet": "consciousness-animal\n\nThe remainder of this article deals primarily with the attribution of consciousness in its phenomenal sense to animals, although there will be some discussion of access..."
        },
        {
          "corpus_id": "sep",
          "title": "consciousness-animal",
          "url": "https://plato.stanford.edu/entries/consciousness-animal/",
          "score": 0.0,
          "snippet": "consciousness-animal\n\nTwo millennia after Aristotle, Descartes' mechanistic philosophy introduced the idea of a reflex to explain the behavior of nonhuman animals.  Although his conception of animals..."
        },
        {
          "corpus_id": "sep",
          "title": "physicalism",
          "url": "https://plato.stanford.edu/entries/physicalism/",
          "score": 0.0,
          "snippet": "physicalism\n\nSome philosophers suggest that ‘physicalism’ is distinct from ‘materialism’ for a reason quite unrelated to the one emphasized by Neurath and Carnap. As the name suggests,..."
        },
        {
          "corpus_id": "sep",
          "title": "physicalism",
          "url": "https://plato.stanford.edu/entries/physicalism/",
          "score": 0.0,
          "snippet": "physicalism\n\nSetting aside what it is properly called, the thesis of physicalism is often described as an extremely old, even ancient, thesis. The first sentence of  Friedrich Lange’s  The History..."
        },
        {
          "corpus_id": "sep",
          "title": "physicalism",
          "url": "https://plato.stanford.edu/entries/physicalism/",
          "score": 0.0,
          "snippet": "physicalism\n\nHow to respond to the sufficiency problem? Some respond by denying the coherence of the position that causes the problem. Necessitation dualism as we have just described it violates..."
        },
        {
          "corpus_id": "sep",
          "title": "consciousness-intentionality",
          "url": "https://plato.stanford.edu/entries/consciousness-intentionality/",
          "score": 0.0,
          "snippet": "consciousness-intentionality\n\nThis raises the question of just how a “possession of content” conception of intentionality may be coordinated with the conditions of satisfaction conception. It is..."
        },
        {
          "corpus_id": "sep",
          "title": "consciousness-intentionality",
          "url": "https://plato.stanford.edu/entries/consciousness-intentionality/",
          "score": 0.0,
          "snippet": "consciousness-intentionality\n\nThough Block’s proposed threefold distinction has proven influential, some would balk at proceeding on its basis. John Searle, for example, would recognize phenomenal..."
        },
        {
          "corpus_id": "sep",
          "title": "consciousness-intentionality",
          "url": "https://plato.stanford.edu/entries/consciousness-intentionality/",
          "score": 0.0,
          "snippet": "consciousness-intentionality\n\nIn telling this story, we have to acknowledge (and traverse) the divide in twentieth century western philosophy between so-called “analytic” and “continental”..."
        }
      ],
      "source_score": {
        "matched": [
          "consciousness",
          "qualia-knowledge",
          "physicalism"
        ],
        "missing": [],
        "total_expected": 3,
        "ratio": 1.0
      },
      "fact_score": {
        "matched": [
          "Block",
          "phenomenal consciousness",
          "access consciousness",
          "Mary's room",
          "Jackson",
          "what it is like",
          "knowledge argument"
        ],
        "missing": [],
        "total_expected": 7,
        "ratio": 1.0
      },
      "embed_ms": 0,
      "search_ms": 0,
      "corpora_hit": [
        "sep"
      ],
      "vector_eligible": true,
      "synth": {
        "answer": "The distinction between phenomenal and access consciousness, primarily articulated by Ned Block (1995), is central to the debate over physicalism because it isolates the specific type of fact that the Knowledge Argument targets.\n\n**The Distinction: Phenomenal vs. Access Consciousness**\nBlock distinguishes two distinct notions of consciousness [Source: consciousness-animal]:\n*   **Phenomenal Consciousness:** This refers to \"consciousness as experience\"—the subjective quality or \"feel\" of a mental state. It is defined by what it is like for the subject to be in that state (Nagel 1974) [Source: consciousness-higher]. These states possess qualia, which are often described as private and inherently difficult to study empirically because they cannot be directly observed from the outside [Source: physicalism; Source: consciousness-animal].\n*   **Access Consciousness:** This refers to \"consciousness as general availability of information.\" A mental state is access-conscious if its content is [unverified excerpt: poised or broadcast for use in reasoning and rational control of action,] making it available for verbal report, logical inference, and behavioral guidance [Source: consciousness-intentionality; Source: consciousness-animal].\n\nBlock argues that these two forms do not necessarily overlap. He posits that a representation can be phenomenally conscious (it feels like something) without being access-conscious (not yet processed for global cognitive use), famously suggesting that phenomenal consciousness can \"overflow\" access consciousness [Source: consciousness-neuroscience]. Conversely, many theorists believe there are states—such as certain occurrent thoughts—that are access-conscious but lack any distinctive phenomenal feel [Source: consciousness-higher].\n\n**Why It Matters for the Knowledge Argument**\nThe Knowledge Argument, formulated by Frank Jackson using his famous thought experiment of Mary the neurophysiologist, asserts that physicalism is false because complete physical knowledge does not entail all facts about experience. The distinction between phenomenal and access consciousness matters to this argument in three specific ways:\n\n1.  **Isolating the Target (Qualia vs. Information):** By distinguishing these two types of consciousness, philosophers can clarify exactly what \"new\" information Mary acquires upon leaving her black-and-white room. If she only acquired *access* information—facts about how color vision functions cognitively or behaviorally—that could arguably be part of her pre-existing physical knowledge [Source: qualia-knowledge]. However, by isolating *phenomenal* consciousness as a distinct category from functional/informational processing, proponents argue that Mary gains new non-physical facts regarding subjective experience itself—the raw qualitative feel—which are not captured by any amount of structural or functional data [Source: properties-emergent; Source: consciousness-intentionality].\n2.  **The Explanatory Gap:** The distinction highlights the \"explanatory gap\" (Levine 1983). While physicalism can easily explain access consciousness—because it is defined functionally in terms of information processing and causal roles—it struggles to explain phenomenal consciousness. As Chalmers notes, echoing Chomsky, while intentionality (closely tied to access) is a problem for physicalism, qualia (phenomenal consciousness) constitute an actual mystery because no objective description explains why a state feels like something [Source: physicalism].\n3.  **Conceptual Independence:** The Knowledge Argument relies on the idea that we possess two cognitively independent ways of knowing about experience: under a *physical concept* (which Mary knows completely before leaving her room) and under a *phenomenal concept* (which she only acquires upon experiencing it). Because these concepts are distinct—one referring to functional/structural properties and the other to subjective feel—it remains possible to have complete knowledge of one without possessing the other [Source: qualia-knowledge; Source: mental-representation].\n\nIn summary, if phenomenal consciousness were identical to access consciousness, Jackson's argument would fail because physicalism already accounts for information processing. By successfully distinguishing them as separate phenomena—where one is public and functionally definable while the other is private and qualitative—the Knowledge Argument maintains that there are facts about reality (subjective experience) that remain outside the scope of physical description.",
        "reasoning_chars": 0,
        "stream_wall_ms": 54758,
        "total_latency_ms": 51541,
        "intent": "DeepQuery",
        "source_origins": [
          "sep"
        ],
        "retrieved_chunk_count": 38,
        "chunks_fact_score": {
          "matched": [
            "Block",
            "phenomenal consciousness",
            "access consciousness",
            "Mary's room",
            "Jackson",
            "what it is like",
            "knowledge argument"
          ],
          "missing": [],
          "total_expected": 7,
          "ratio": 1.0
        },
        "judge_fact_score": {
          "matched": [
            "Block",
            "phenomenal consciousness",
            "access consciousness",
            "Jackson",
            "what it is like",
            "knowledge argument"
          ],
          "missing": [
            "Mary's room"
          ],
          "total_expected": 7,
          "ratio": 0.85714287
        },
        "judge_evidence": [
          {
            "fact": "Block",
            "present": true,
            "evidence": "\"The distinction between phenomenal and access consciousness, primarily articulated by Ned Block (1995), is central to the debate over physicalism...\""
          },
          {
            "fact": "phenomenal consciousness",
            "present": true,
            "evidence": "\"The distinction between phenomenal and access consciousness, primarily articulated by Ned Block (1995), is central to the debate over physicalism...\""
          },
          {
            "fact": "access consciousness",
            "present": true,
            "evidence": "\"The distinction between phenomenal and access consciousness, primarily articulated by Ned Block (1995), is central to the debate over physicalism...\""
          },
          {
            "fact": "Mary's room",
            "present": false,
            "evidence": "(absent)"
          },
          {
            "fact": "Jackson",
            "present": true,
            "evidence": "\"The Knowledge Argument, formulated by Frank Jackson using his famous thought experiment of Mary the neurophysiologist...\""
          },
          {
            "fact": "what it is like",
            "present": true,
            "evidence": "\"It is defined by what it is like for the subject to be in that state (Nagel 1974)\""
          },
          {
            "fact": "knowledge argument",
            "present": true,
            "evidence": "\"The Knowledge Argument, formulated by Frank Jackson using his famous thought experiment of Mary the neurophysiologist...\""
          }
        ]
      }
    },
    {
      "question_id": "position_summary_hard_problem_illusionism",
      "category": "position_summary",
      "question": "What is Chalmers's hard problem of consciousness, and how does\nillusionism propose to dissolve rather than solve it?\n",
      "retrieved": [
        {
          "corpus_id": "sep",
          "title": "sep",
          "url": null,
          "score": 0.0,
          "snippet": "The Problem of Perception challenges direct realism by highlighting the tension between ordinary experience and non-veridical phenomena like illusion and hallucination. Philosophers propose various...",
          "source": "raptor"
        },
        {
          "corpus_id": "sep",
          "title": "sep",
          "url": null,
          "score": 0.0,
          "snippet": "The Problem of Perception arises from the possibility that illusions and hallucinations render ordinary perceptual experience impossible, a challenge addressed through various theoretical frameworks....",
          "source": "raptor"
        },
        {
          "corpus_id": "sep",
          "title": "sep",
          "url": null,
          "score": 0.0,
          "snippet": "The Problem of Perception arises from the tension between our ordinary direct realist conception of experience and the phenomena of illusion and hallucination, which suggest that perceptual content...",
          "source": "raptor"
        },
        {
          "corpus_id": "sep",
          "title": "sep",
          "url": null,
          "score": 0.0,
          "snippet": "Panpsychism is presented as a viable solution to the hard problem of consciousness by positing that fundamental entities possess intrinsic mental properties, thereby avoiding the explanatory gaps...",
          "source": "raptor"
        },
        {
          "corpus_id": "sep",
          "title": "sep",
          "url": null,
          "score": 0.0,
          "snippet": "Representationalist theories of consciousness argue that phenomenal character is identical to or constituted by representational content, often supported by the transparency argument which suggests...",
          "source": "raptor"
        },
        {
          "corpus_id": "sep",
          "title": "sep",
          "url": null,
          "score": 0.0,
          "snippet": "Eliminativist philosophers argue that introspective evidence regarding the mind is unreliable and challenge the existence of qualitative states or phenomenal consciousness. Thinkers such as Dennett,...",
          "source": "raptor"
        },
        {
          "corpus_id": "sep",
          "title": "sep",
          "url": null,
          "score": 0.0,
          "snippet": "The argument from hallucination challenges naive realism by asserting that veridical and indistinguishable hallucinatory experiences share a common nature, thereby supporting the Common Kind Claim....",
          "source": "raptor"
        },
        {
          "corpus_id": "sep",
          "title": "sep",
          "url": null,
          "score": 0.0,
          "snippet": "The text advances the strong representational theory of consciousness, arguing that sensory qualities supervene on representational content and refuting rival views such as sense-data and...",
          "source": "raptor"
        },
        {
          "corpus_id": "sep",
          "title": "consciousness",
          "url": "https://plato.stanford.edu/entries/consciousness/",
          "score": 0.0,
          "snippet": "consciousness\n\nAccording to IIT, consciousness varies in quantity and comes in many degrees which correspond to φ values.  Thus even a simple system such a single photo diode will be conscious to..."
        },
        {
          "corpus_id": "sep",
          "title": "consciousness",
          "url": "https://plato.stanford.edu/entries/consciousness/",
          "score": 0.0,
          "snippet": "consciousness\n\nQualitative character is often equated with so called “raw feels” and illustrated by the redness one experiences when one looks at ripe tomatoes or the specific sweet savor one..."
        },
        {
          "corpus_id": "sep",
          "title": "consciousness-neuroscience",
          "url": "https://plato.stanford.edu/entries/consciousness-neuroscience/",
          "score": 0.0,
          "snippet": "consciousness-neuroscience\n\nDavid Chalmers presents the hard problem as follows:"
        },
        {
          "corpus_id": "sep",
          "title": "panpsychism",
          "url": "https://plato.stanford.edu/entries/panpsychism/",
          "score": 0.0,
          "snippet": "panpsychism\n\nThis is the problem David Chalmers (1995, 1996) famously named “the hard problem of consciousness”.[18] Some think the alleged problem involves a confusion, although anyone who..."
        },
        {
          "corpus_id": "sep",
          "title": "materialism-eliminative",
          "url": "https://plato.stanford.edu/entries/materialism-eliminative/",
          "score": 0.0,
          "snippet": "materialism-eliminative\n\nA somewhat similar outlook has been proposed by Keith Frankish and others, and is commonly referred to as “Illusionism” about consciousness, a label designed to help..."
        },
        {
          "corpus_id": "sep",
          "title": "consciousness-representational",
          "url": "https://plato.stanford.edu/entries/consciousness-representational/",
          "score": 0.0,
          "snippet": "consciousness-representational\n\nIllusionism is criticized by Strawson (2006), Prinz (2016), Balog (2016), Nida-Rümelin (2016), Schwitzgebel (2016), and Chalmers (2018). Though highly sympathetic to..."
        },
        {
          "corpus_id": "sep",
          "title": "consciousness",
          "url": "https://plato.stanford.edu/entries/consciousness/",
          "score": 0.0,
          "snippet": "consciousness\n\nThe nature of the relevant proto-psychic aspect remains unclear, and such theories face a dilemma if offered in hope of answering the Hard Problem. Either the proto-psychic properties..."
        },
        {
          "corpus_id": "sep",
          "title": "consciousness-17th",
          "url": "https://plato.stanford.edu/entries/consciousness-17th/",
          "score": 0.0,
          "snippet": "consciousness-17th\n\nShelley Weinberg has argued for an interpretation of Locke’s theory of consciousness that she thinks solves many of the most pressing problems of interpretation. According to..."
        },
        {
          "corpus_id": "sep",
          "title": "qt-consciousness",
          "url": "https://plato.stanford.edu/entries/qt-consciousness/",
          "score": 0.0,
          "snippet": "qt-consciousness\n\nBefore proceeding further, it should be emphasized that many present-day approaches prefer to distinguish between first-person and third-person perspectives rather than mental and..."
        },
        {
          "corpus_id": "sep",
          "title": "perception-problem",
          "url": "https://plato.stanford.edu/entries/perception-problem/",
          "score": 0.0,
          "snippet": "perception-problem\n\nSense-datum theorists have developed more positive Problem of Perception style reasoning to support these additional ideas. For instance, Macpherson (2013: 12–13) outlines a..."
        },
        {
          "corpus_id": "sep",
          "title": "social-ontology",
          "url": "https://plato.stanford.edu/entries/social-ontology/",
          "score": 0.0,
          "snippet": "social-ontology\n\nDualism has seen a resurgence among some philosophers of mind, e.g., Chalmers 1996. It is not clear, however, that the sorts of argument marshalled in favor of mental dualism could..."
        },
        {
          "corpus_id": "sep",
          "title": "neuroscience",
          "url": "https://plato.stanford.edu/entries/neuroscience/",
          "score": 0.0,
          "snippet": "neuroscience\n\nDavid Chalmers (1996) famously argued that any possible brain-process account of consciousness will leave open an “explanatory gap” between the brain process and properties of the..."
        },
        {
          "corpus_id": "sep",
          "title": "consciousness-unity",
          "url": "https://plato.stanford.edu/entries/consciousness-unity/",
          "score": 0.0,
          "snippet": "consciousness-unity\n\nAs we saw, the notion of a unified experience subsuming simpler experiences is central to Bayne’s and Chalmers’ (2003; see Bayne 2010) account of the unity of consciousness...."
        },
        {
          "corpus_id": "sep",
          "title": "mind-identity",
          "url": "https://plato.stanford.edu/entries/mind-identity/",
          "score": 0.0,
          "snippet": "mind-identity\n\nPeople often think that even if a robot could scan its own perceptual processes this would not mean that the robot was conscious. This appeals to our intuitions, but perhaps we could..."
        },
        {
          "corpus_id": "sep",
          "title": "russellian-monism",
          "url": "https://plato.stanford.edu/entries/russellian-monism/",
          "score": 0.0,
          "snippet": "russellian-monism\n\nA second argument for Russellian monism is based on the claim that this theory offers an elegant, unified solution to two distinct philosophical problems (Lockwood 1989, 1992;..."
        },
        {
          "corpus_id": "sep",
          "title": "qualia",
          "url": "https://plato.stanford.edu/entries/qualia/",
          "score": 0.0,
          "snippet": "qualia\n\nThis position is not easy to take seriously; for what could be more obvious than the existence of conscious experience? Adherents of the view may respond that introspection simply leads us..."
        },
        {
          "corpus_id": "sep",
          "title": "substance",
          "url": "https://plato.stanford.edu/entries/substance/",
          "score": 0.0,
          "snippet": "substance\n\nThis solution, as Bennett recognises, makes substancehood a function of how we operate on the properties we perceive. It is, in that sense, more Kantian than realist. As what it recognises..."
        },
        {
          "corpus_id": "sep",
          "title": "panpsychism",
          "url": "https://plato.stanford.edu/entries/panpsychism/",
          "score": 0.0,
          "snippet": "panpsychism\n\nIn David Chalmers’ (2016) taxonomy of the combination problem, there are three dimensions of difficulty:"
        },
        {
          "corpus_id": "sep",
          "title": "tropes",
          "url": "https://plato.stanford.edu/entries/tropes/",
          "score": 0.0,
          "snippet": "tropes\n\nAccording to the trope proponent, if you accept the existence of tropes, you have the means available to solve or to dissolve a number of serious problems, not just in metaphysics but in..."
        },
        {
          "corpus_id": "sep",
          "title": "nominalism-mathematics",
          "url": "https://plato.stanford.edu/entries/nominalism-mathematics/",
          "score": 0.0,
          "snippet": "nominalism-mathematics\n\nOf the nominalist views discussed in this essay, deflationary nominalism is the view that comes closest to solving (or, in some cases, dissolving) the five problems that have..."
        },
        {
          "corpus_id": "sep",
          "title": "consciousness",
          "url": "https://plato.stanford.edu/entries/consciousness/",
          "score": 0.0,
          "snippet": "consciousness\n\nQualia problems in many forms—Can there be inverted qualia? (Block 1980a 1980b, Shoemaker 1981, 1982) Are qualia epiphenomenal? (Jackson 1982, Chalmers 1996) How could neural states..."
        },
        {
          "corpus_id": "sep",
          "title": "panpsychism",
          "url": "https://plato.stanford.edu/entries/panpsychism/",
          "score": 0.0,
          "snippet": "panpsychism\n\nBy taking human and animal consciousness to be fundamental, rather than somehow made up of more basic forms of consciousness, emergentists avoid some forms of the combination problem..."
        },
        {
          "corpus_id": "sep",
          "title": "panpsychism",
          "url": "https://plato.stanford.edu/entries/panpsychism/",
          "score": 0.0,
          "snippet": "panpsychism\n\nTo get around this problem, a fuller definition of “protophenomenal properties” would define them as properties that in certain combinations transparently account for the existence..."
        },
        {
          "corpus_id": "sep",
          "title": "consciousness-neuroscience",
          "url": "https://plato.stanford.edu/entries/consciousness-neuroscience/",
          "score": 0.0,
          "snippet": "consciousness-neuroscience\n\nThere are different responses to the hard problem. One response is to sharpen the explanatory targets of neuroscience by focusing on what Chalmers calls structural..."
        },
        {
          "corpus_id": "sep",
          "title": "consciousness-neuroscience",
          "url": "https://plato.stanford.edu/entries/consciousness-neuroscience/",
          "score": 0.0,
          "snippet": "consciousness-neuroscience\n\nThe Hard Problem can be specified in terms of generic and specific consciousness (Chalmers 1996). In both cases, Chalmers argues that there is an inherent limitation to..."
        },
        {
          "corpus_id": "sep",
          "title": "consciousness-neuroscience",
          "url": "https://plato.stanford.edu/entries/consciousness-neuroscience/",
          "score": 0.0,
          "snippet": "consciousness-neuroscience\n\nIt is undeniable that some organisms are subjects of experience. But the question of how it is that these systems are subjects of experience is perplexing. Why is it that..."
        },
        {
          "corpus_id": "sep",
          "title": "consciousness-representational",
          "url": "https://plato.stanford.edu/entries/consciousness-representational/",
          "score": 0.0,
          "snippet": "consciousness-representational\n\nAccording to the adverbial theory, Bertie’s experience involves no thing, either actual or nonactual, that is green. Rather, Bertie senses greenly, greenly-sensing..."
        },
        {
          "corpus_id": "sep",
          "title": "consciousness-representational",
          "url": "https://plato.stanford.edu/entries/consciousness-representational/",
          "score": 0.0,
          "snippet": "consciousness-representational\n\nSo much is familiar and not very controversial. But problems of consciousness are generally felt to be less tractable than matters of intentionality. The aim of a..."
        },
        {
          "corpus_id": "sep",
          "title": "consciousness-representational",
          "url": "https://plato.stanford.edu/entries/consciousness-representational/",
          "score": 0.0,
          "snippet": "consciousness-representational\n\nThe notions of consciousness most commonly addressed by philosophers are the following: (1) Conscious awareness of one’s own mental states, and “conscious..."
        }
      ],
      "source_score": {
        "matched": [
          "consciousness"
        ],
        "missing": [
          "qualia-knowledge",
          "physicalism"
        ],
        "total_expected": 3,
        "ratio": 0.33333334
      },
      "fact_score": {
        "matched": [
          "hard problem",
          "Chalmers",
          "illusionism",
          "Frankish",
          "phenomenal consciousness",
          "explanatory gap"
        ],
        "missing": [
          "easy problems"
        ],
        "total_expected": 7,
        "ratio": 0.85714287
      },
      "embed_ms": 0,
      "search_ms": 0,
      "corpora_hit": [
        "sep"
      ],
      "vector_eligible": true,
      "synth": {
        "answer": "Based on the provided knowledge base, here is an explanation of Chalmers’s hard problem and how illusionism proposes to dissolve it.\n\n### The Hard Problem of Consciousness\nDavid Chalmers famously named \"the hard problem of consciousness\" (1995, 1996) [Source: panpsychism]. While standard neuroscience can explain the *functions* or structural features of experience—such as spatial structure or specific contents—it leaves open a fundamental explanatory gap regarding why physical processing gives rise to subjective experience at all [Source: consciousness-neuroscience] [Source: materialism-eliminative]. \n\nChalmers frames this by asking: Why should a particular brain process give rise to that particular conscious experience? He argues that we can always conceive of a universe populated by creatures having those exact same brain processes but completely lacking any inner life—a \"zombie\" without phenomenal consciousness (what it is like to be in a state) [Source: neuroscience] [Source: qualia]. Because empirical explanations are fundamentally structural or functional, they cannot conceptually close off the possibility of these zombies existing; thus, there remains a missing ingredient in physicalist accounts of why there is something it is like to entertain a mental image or feel an emotion [Source: consciousness-neuroscience].\n\n### Illusionism’s Dissolution\nIllusionism proposes to dissolve this problem rather than solve it by arguing that the phenomenon Chalmers describes does not actually exist. Championed by Keith Frankish and others, illusionism claims that introspection yields representations that substantially misrepresent our inner experience (2016, 2017) [Source: materialism-eliminative] [Source: consciousness-representational]. \n\nSpecifically, while we *feel* as though our experiences have intrinsic \"phenomenal properties\" (the qualitative character of what-it-is-likeness), these properties are an error generated by introspection—much like a sensory illusion where the mind represents something in the world that isn't there [Source: materialism-eliminative]. Illusionists claim that phenomenal consciousness is real only to the extent that it is a useful cognitive representation; however, strictly speaking, they are eliminativists about actual phenomenal qualities. What actually exists are merely \"quasi-phenomenal properties\"—non-phenomenal physical or functional states detected by introspection and misrepresented as having magical subjective feels [Source: materialism-eliminative] [Source: qualia].\n\nBy asserting that the \"what-it-is-like\" quality is an introspective error rather than a fundamental feature of reality, illusionism removes the need for a scientific bridge between brain processes and subjective experience—because there is no subjective experience (in the strict sense) left to explain. \n\n### Criticism\nThis approach faces significant criticism from philosophers such as Chalmers himself (2018), Galen Strawson, and others, who argue that it fails to adequately account for why the *illusion* itself—the feeling that something is missing or misrepresented—is so vividly real [Source: consciousness-representational] [Source: qualia].\n\n---\n*Verification note: these statements could not be confirmed against your sources — treat them as unverified:*\n- phenomenal properties",
        "reasoning_chars": 0,
        "stream_wall_ms": 43764,
        "total_latency_ms": 40040,
        "intent": "DeepQuery",
        "source_origins": [
          "sep"
        ],
        "retrieved_chunk_count": 37,
        "chunks_fact_score": {
          "matched": [
            "hard problem",
            "Chalmers",
            "illusionism",
            "Frankish",
            "phenomenal consciousness",
            "explanatory gap",
            "easy problems"
          ],
          "missing": [],
          "total_expected": 7,
          "ratio": 1.0
        },
        "judge_fact_score": {
          "matched": [
            "hard problem",
            "Chalmers",
            "illusionism",
            "Frankish",
            "phenomenal consciousness",
            "explanatory gap"
          ],
          "missing": [
            "easy problems"
          ],
          "total_expected": 7,
          "ratio": 0.85714287
        },
        "judge_evidence": [
          {
            "fact": "hard problem",
            "present": true,
            "evidence": "\"Based on the provided knowledge base, here is an explanation of Chalmers's hard problem and how illusionism proposes to dissolve it.\""
          },
          {
            "fact": "Chalmers",
            "present": true,
            "evidence": "\"Based on the provided knowledge base, here is an explanation of Chalmers's hard problem and how illusionism proposes to dissolve it.\""
          },
          {
            "fact": "illusionism",
            "present": true,
            "evidence": "Illusionism proposes to dissolve this problem rather than solve it by arguing that the phenomenon Chalmers describes does not actually exist."
          },
          {
            "fact": "Frankish",
            "present": true,
            "evidence": "Championed by Keith Frankish and others, illusionism claims that introspection yields representations..."
          },
          {
            "fact": "phenomenal consciousness",
            "present": true,
            "evidence": "\"...completely lacking any inner life—a 'zombie' without phenomenal consciousness (what it is like to be in a state)\""
          },
          {
            "fact": "explanatory gap",
            "present": true,
            "evidence": "\"it leaves open a fundamental explanatory gap regarding why physical processing gives rise to subjective experience at all\""
          },
          {
            "fact": "easy problems",
            "present": false,
            "evidence": "(absent)"
          }
        ]
      }
    },
    {
      "question_id": "dialectical_content_narrow_wide_burge",
      "category": "dialectical",
      "question": "Compare narrow and wide content, and explain how Burge's arthritis\nthought experiment is supposed to show that mental content is partly\nconstituted by social and linguistic facts external to the individual.\n",
      "retrieved": [
        {
          "corpus_id": "sep",
          "title": "sep",
          "url": null,
          "score": 0.0,
          "snippet": "Burge utilizes the arthritis example to illustrate how an individual can possess a concept despite holding false beliefs about its specific application, such as locating it in non-joint areas. This...",
          "source": "raptor"
        },
        {
          "corpus_id": "sep",
          "title": "sep",
          "url": null,
          "score": 0.0,
          "snippet": "The passages explore the philosophical concept of narrow content, contrasting it with broad content through thought experiments like Putnam's Twin Earth and Fodor's mapping conception. Narrow content...",
          "source": "raptor"
        },
        {
          "corpus_id": "sep",
          "title": "sep",
          "url": null,
          "score": 0.0,
          "snippet": "The text argues that narrow mental content is determined solely by an individual's intrinsic properties, distinct from broad content which depends on external factors like the environment. Using...",
          "source": "raptor"
        },
        {
          "corpus_id": "sep",
          "title": "sep",
          "url": null,
          "score": 0.0,
          "snippet": "Content externalism posits that mental content depends on individuation factors outside the individual, a view historically contextualized by figures like Sartre and Wittgenstein but most famously...",
          "source": "raptor"
        },
        {
          "corpus_id": "sep",
          "title": "sep",
          "url": null,
          "score": 0.0,
          "snippet": "The passages examine the philosophical debate between narrow mental content, defined by intrinsic properties independent of environment, and broad externalist views advanced by Hilary Putnam and...",
          "source": "raptor"
        },
        {
          "corpus_id": "sep",
          "title": "sep",
          "url": null,
          "score": 0.0,
          "snippet": "The passages advance the claim that phenomenal intentionality is necessary to explain aspects of mental content, such as aspectual shapes and determinacy, which cannot be fully accounted for by...",
          "source": "raptor"
        },
        {
          "corpus_id": "sep",
          "title": "sep",
          "url": null,
          "score": 0.0,
          "snippet": "The text examines various philosophical arguments concerning narrow versus broad content, highlighting debates over causal explanation and the intrinsic nature of mental properties. It evaluates...",
          "source": "raptor"
        },
        {
          "corpus_id": "sep",
          "title": "sep",
          "url": null,
          "score": 0.0,
          "snippet": "The text examines the philosophical debate surrounding narrow mental content, which is defined as content independent of environmental factors, contrasting it with broad externalist views advanced by...",
          "source": "raptor"
        },
        {
          "corpus_id": "sep",
          "title": "content-narrow",
          "url": "https://plato.stanford.edu/entries/content-narrow/",
          "score": 0.0,
          "snippet": "[Atlas highlights]\nArgument: The Arthritis Argument (via Burge) [from content-narrow]\n  P1. A subject believes he has arthritis in his thigh.\n  P2. In reality, arthritis is a disease of joints; thus..."
        },
        {
          "corpus_id": "sep",
          "title": "content-teleological",
          "url": "https://plato.stanford.edu/entries/content-teleological/",
          "score": 0.0,
          "snippet": "[Atlas highlights]\nDefining narrow content (content-teleological): \"proponents of teleological theories rarely believe that referential content is a kind of narrow content\"\n[teleological theories of..."
        },
        {
          "corpus_id": "sep",
          "title": "perception-contents",
          "url": "https://plato.stanford.edu/entries/perception-contents/",
          "score": 0.0,
          "snippet": "[Atlas highlights]\nDefining existentially quantified content (perception-contents): \"(3): Some philosophers argue against this proposal on the grounds that it is not adequate to the phenomenology of..."
        },
        {
          "corpus_id": "sep",
          "title": "computational-mind",
          "url": "https://plato.stanford.edu/entries/computational-mind/",
          "score": 0.0,
          "snippet": "[Atlas highlights]\nDefining Narrow Content (computational-mind): \"Narrow content is what remains of mental content when one factors out all external elements.\"\n\ncomputational-mind\n\nA second criticism..."
        },
        {
          "corpus_id": "sep",
          "title": "content-narrow",
          "url": "https://plato.stanford.edu/entries/content-narrow/",
          "score": 0.0,
          "snippet": "[Atlas highlights]\n[narrow mental content (content-narrow)]: \"A state with content is a state that represents some part or aspect of the word; its content is the way it represents the world as..."
        },
        {
          "corpus_id": "sep",
          "title": "content-teleological",
          "url": "https://plato.stanford.edu/entries/content-teleological/",
          "score": 0.0,
          "snippet": "[Atlas highlights]\n[teleological theories of mental content (content-teleological) — contested]: \"they are, in principle, unable to deal with contents that cannot have impacted on fitness, or not..."
        },
        {
          "corpus_id": "sep",
          "title": "content-narrow",
          "url": "https://plato.stanford.edu/entries/content-narrow/",
          "score": 0.0,
          "snippet": "[Atlas highlights]\n[Tyler Burge (content-narrow)]: \"Against the argument that causal powers must be intrinsics because causation is local, Burge (1986, 1989) has argued that local causation is..."
        },
        {
          "corpus_id": "sep",
          "title": "content-externalism",
          "url": "https://plato.stanford.edu/entries/content-externalism/",
          "score": 0.0,
          "snippet": "[Atlas highlights]\n[Burge, Tyler (content-externalism)]: \"Burge (1979) believes that externalism refutes individualistic theorys of intentional mental states.\"\n\ncontent-externalism\n\nMental content is..."
        },
        {
          "corpus_id": "sep",
          "title": "functionalism",
          "url": "https://plato.stanford.edu/entries/functionalism/",
          "score": 0.0,
          "snippet": "[Atlas highlights]\n[Tyler Burge (functionalism)]: \"they mean different thingsby their terms and must be regarded ashaving different beliefs.\"\n\nfunctionalism\n\nThe same problem, moreover, appears to..."
        },
        {
          "corpus_id": "sep",
          "title": "consciousness-intentionality",
          "url": "https://plato.stanford.edu/entries/consciousness-intentionality/",
          "score": 0.0,
          "snippet": "[Atlas highlights]\n[Saul Kripke (consciousness-intentionality)]: \"the content of ones thought is also not determined individualistically. Rather it is necessarily bound up with ones causal relations..."
        },
        {
          "corpus_id": "sep",
          "title": "content-externalism",
          "url": "https://plato.stanford.edu/entries/content-externalism/",
          "score": 0.0,
          "snippet": "[Atlas highlights]\nArgument: Arthritis Argument (Burge) [from content-externalism]\n  P1. Larry believes he has arthritis in his thigh; this belief is false because arthritis affects joints only.\n ..."
        },
        {
          "corpus_id": "sep",
          "title": "mental-representation",
          "url": "https://plato.stanford.edu/entries/mental-representation/",
          "score": 0.0,
          "snippet": "mental-representation\n\nThis issue is widely taken to be of central importance, since psychological explanation, whether commonsense or scientific, is supposed to be both causal and content-based...."
        },
        {
          "corpus_id": "sep",
          "title": "self-knowledge-externalism",
          "url": "https://plato.stanford.edu/entries/self-knowledge-externalism/",
          "score": 0.0,
          "snippet": "self-knowledge-externalism\n\nNevertheless, it can be debated whether EXT entails the “shifty” theory of memory. When Burge first presented his Twin Earth experiment, he conceded that it does not..."
        },
        {
          "corpus_id": "sep",
          "title": "content-causal",
          "url": "https://plato.stanford.edu/entries/content-causal/",
          "score": 0.0,
          "snippet": "content-causal\n\nconsciousness: representational theories of |  externalism about the mind |  intentionality |  language of thought hypothesis |  meaning, theories of |  mental content: narrow | ..."
        },
        {
          "corpus_id": "sep",
          "title": "consciousness-intentionality",
          "url": "https://plato.stanford.edu/entries/consciousness-intentionality/",
          "score": 0.0,
          "snippet": "consciousness-intentionality\n\nReaction to the Fregean picture has determined the character of analytic discussions of intentionality or content in another major way. It may be granted that the..."
        },
        {
          "corpus_id": "sep",
          "title": "computational-mind",
          "url": "https://plato.stanford.edu/entries/computational-mind/",
          "score": 0.0,
          "snippet": "computational-mind\n\nBurge (2007, 2010a) defends externalism by analyzing current cognitive science. He argues that many branches of scientific psychology (especially perceptual psychology)..."
        },
        {
          "corpus_id": "sep",
          "title": "functionalism",
          "url": "https://plato.stanford.edu/entries/functionalism/",
          "score": 0.0,
          "snippet": "functionalism\n\nThe same problem, moreover, appears to arise for other sorts of belief as well. Tyler Burge (1979) presents cases in which it seems intuitive that a person, Oscar, and his functionally..."
        },
        {
          "corpus_id": "sep",
          "title": "meaning",
          "url": "https://plato.stanford.edu/entries/meaning/",
          "score": 0.0,
          "snippet": "meaning\n\nThe two sorts of mentalist theories sketched above both try to explain meaning in terms of the relationship between linguistic expressions and propositional attitudes of users of the..."
        },
        {
          "corpus_id": "sep",
          "title": "culture-cogsci",
          "url": "https://plato.stanford.edu/entries/culture-cogsci/",
          "score": 0.0,
          "snippet": "culture-cogsci\n\nThis core idea has been developed in several ways. Initial versions of externalism focused on semantics and mental content, holding that what some intentional mental states are about..."
        },
        {
          "corpus_id": "sep",
          "title": "perception-contents",
          "url": "https://plato.stanford.edu/entries/perception-contents/",
          "score": 0.0,
          "snippet": "perception-contents\n\nBoth kinds of theories are externalist: according to them, what makes it the case that a subject’s mental state has the content it does is in part facts about the subject’s..."
        },
        {
          "corpus_id": "sep",
          "title": "content-narrow",
          "url": "https://plato.stanford.edu/entries/content-narrow/",
          "score": 0.0,
          "snippet": "content-narrow\n\nThe idea that mental content is broad is the idea that it is not determined entirely by an individual’s intrinsic properties, but is determined in part by features of the..."
        },
        {
          "corpus_id": "sep",
          "title": "content-teleological",
          "url": "https://plato.stanford.edu/entries/content-teleological/",
          "score": 0.0,
          "snippet": "content-teleological\n\nFurther, the proponents of teleological theories rarely believe that referential content is a kind of narrow content, and so they are not usually offering theories of narrow..."
        },
        {
          "corpus_id": "sep",
          "title": "content-teleological",
          "url": "https://plato.stanford.edu/entries/content-teleological/",
          "score": 0.0,
          "snippet": "content-teleological\n\nConsider, for example, the thought that blossoms are forming. On a representational theory of thought, this involves a representation of blossoms forming. A theory of mental..."
        },
        {
          "corpus_id": "sep",
          "title": "computational-mind",
          "url": "https://plato.stanford.edu/entries/computational-mind/",
          "score": 0.0,
          "snippet": "computational-mind\n\nCould a machine think? Could the mind itself be a thinking machine? The computer revolution transformed discussion of these questions, offering our best prospects yet for machines..."
        },
        {
          "corpus_id": "sep",
          "title": "computational-mind",
          "url": "https://plato.stanford.edu/entries/computational-mind/",
          "score": 0.0,
          "snippet": "computational-mind\n\nAnother problem for machine functionalism, also highlighted by Block and Fodor (1972), concerns the systematicity of thought. An ability to entertain one proposition is correlated..."
        },
        {
          "corpus_id": "sep",
          "title": "perception-contents",
          "url": "https://plato.stanford.edu/entries/perception-contents/",
          "score": 0.0,
          "snippet": "perception-contents\n\nBeliefs are often thought to be relations to contents, and contents of beliefs are often thought to be contents that one can stand in other relations toward, besides belief. Such..."
        },
        {
          "corpus_id": "sep",
          "title": "perception-contents",
          "url": "https://plato.stanford.edu/entries/perception-contents/",
          "score": 0.0,
          "snippet": "perception-contents\n\nThe first position is the view that experiences are raw feels, or sensory affectations of the subject, that do not purport to represent the world in any way at all. The..."
        }
      ],
      "source_score": {
        "matched": [
          "content-narrow",
          "content-externalism"
        ],
        "missing": [
          "intentionality"
        ],
        "total_expected": 3,
        "ratio": 0.6666667
      },
      "fact_score": {
        "matched": [
          "narrow content",
          "wide content",
          "Burge",
          "arthritis",
          "content externalism",
          "twin earth"
        ],
        "missing": [
          "individualism"
        ],
        "total_expected": 7,
        "ratio": 0.85714287
      },
      "embed_ms": 0,
      "search_ms": 0,
      "corpora_hit": [
        "sep"
      ],
      "vector_eligible": true,
      "synth": {
        "answer": "**Narrow vs. Wide Content: The Distinction and Burge’s Arthritis Argument**\n\nThe debate over narrow versus wide content centers on whether the meaning of our thoughts is determined entirely by what happens inside an individual's head or if it depends, at least in part, on factors outside their body. Tyler Burge’s \"arthritis\" thought experiment (1979) is a primary argument for **wide content**, demonstrating that mental states are individuated by social and linguistic facts external to the individual [Source: content-narrow].\n\n### 1. Narrow Content\n**Narrow content** is defined as the component of mental content that is completely determined by an individual’s intrinsic properties—factors internal to the person, such as brain state or functional organization [Source: content-narrow; Source: computational-mind]. It represents what remains when all external elements are factored out [Source: computational-mind]. \n\nProponents argue for narrow content because it seems intuitive that we have introspective access to our own thoughts (e.g., Oscar and his Twin Earth duplicate cannot tell from \"inside\" which substance they are thinking about) [Source: content-narrow]. Furthermore, some theories suggest that psychological explanation requires a causal role based on these intrinsic factors, since extrinsic facts do not seem to determine an individual's immediate physical behavior [Source: mental-representation].\n\n### 2. Wide Content\n**Wide content** (or broad content), by contrast, is determined in part by features of the individual’s environment—both natural and social [Source: content-narrow; Source: content-externalism]. If two individuals are molecular duplicates but live in different environments (e.g., one on Earth with H₂O, another on Twin Earth with XYZ), they have different wide contents despite having identical narrow contents [Source: content-narrow]. \n\nBurge extends this beyond natural kinds (like water) to **social concepts**, arguing that our thoughts about artifacts, syndromes, and legal terms depend on the linguistic community we inhabit.\n\n### 3. Burge’s Arthritis Thought Experiment\nBurge uses a specific scenario involving an individual named Larry to argue for wide content regarding social/linguistic facts. The argument proceeds as follows:\n\n*   **The Scenario:** Imagine a subject who believes he has arthritis in his thigh. In reality, \"arthritis\" is defined by medical experts in his community strictly as a disease of joints; therefore, the belief is false [Source: content-narrow]. \n*   **The Counterfactual:** Consider a counterfactual world where all intrinsic physical facts about this subject are identical to our own (his brain state and internal experience are exactly the same). However, in this other world, the term 'arthritis' is used by the linguistic community to refer generally to rheumatoid ailments—including those affecting the thigh—rather than just joint diseases [Source: content-externalism].\n*   **The Result:** In that counterfactual scenario, because the word means something broader due to social usage, the subject’s belief would be *true*. He would genuinely have an ailment covered by his concept of \"arthritis\" [Source: content-narrow; Source: content-externalism].\n\n### 4. How This Shows Content is Externally Constituted\nBurge's argument demonstrates that mental content depends on community usage rather than intrinsic properties through these steps:\n\n1.  **Intrinsic Identity, Different Truth Conditions:** The subject in both worlds has identical internal states (intrinsic facts). Yet, in one world he holds a false belief and in the other a true belief regarding the same condition. \n2.  **The Determining Factor:** Since the only difference between the two scenarios is how the term 'arthritis' is used by their respective linguistic communities, it follows that the *content* of his thought differs based on this external social fact [Source: content-narrow; Source: content-externalism].\n3.  **Semantic Deference:** Burge argues we rely on \"semantic deference\"—we assume others (like medical experts) have more expertise about what falls under our concepts than we do ourselves [Source: content-narrow]. Therefore, even if an individual has false beliefs about a concept (e.g., thinking arthritis can occur in thighs), they still possess the concept because they are embedded in a community where the term has a specific meaning defined by those experts [Source: sep; Source: consciousness-intentionality].\n\n**Conclusion:** Because the subject's belief is individuated as either true or false based solely on external linguistic norms rather than internal brain states, mental content cannot be fully determined from within. It is partly constituted by social and linguistic facts external to the individual [Source: content-externalism].",
        "reasoning_chars": 0,
        "stream_wall_ms": 72975,
        "total_latency_ms": 68724,
        "intent": "DeepQuery",
        "source_origins": [
          "sep"
        ],
        "retrieved_chunk_count": 35,
        "chunks_fact_score": {
          "matched": [
            "narrow content",
            "wide content",
            "Burge",
            "arthritis",
            "content externalism",
            "twin earth"
          ],
          "missing": [
            "individualism"
          ],
          "total_expected": 7,
          "ratio": 0.85714287
        },
        "judge_fact_score": {
          "matched": [
            "narrow content",
            "wide content",
            "Burge",
            "arthritis",
            "content externalism"
          ],
          "missing": [
            "twin earth",
            "individualism"
          ],
          "total_expected": 7,
          "ratio": 0.71428573
        },
        "judge_evidence": [
          {
            "fact": "narrow content",
            "present": true,
            "evidence": "**Narrow content** is defined as the component of mental content that is completely determined by an individual's intrinsic properties..."
          },
          {
            "fact": "wide content",
            "present": true,
            "evidence": "**Wide content** (or broad content), by contrast, is determined in part by features of the individual's environment..."
          },
          {
            "fact": "Burge",
            "present": true,
            "evidence": "\"Tyler Burge's 'arthritis' thought experiment (1979) is a primary argument for wide content...\""
          },
          {
            "fact": "arthritis",
            "present": true,
            "evidence": "\"Tyler Burge's 'arthritis' thought experiment (1979) is a primary argument for wide content...\""
          },
          {
            "fact": "content externalism",
            "present": true,
            "evidence": "\"Wide content\" (or broad content), by contrast, is determined in part by features of the individual's environment... [Source: content-externalism].\""
          },
          {
            "fact": "twin earth",
            "present": false,
            "evidence": "(absent)"
          },
          {
            "fact": "individualism",
            "present": false,
            "evidence": "(absent)"
          }
        ]
      }
    },
    {
      "question_id": "contested_trolley_doctrine_double_effect",
      "category": "contested",
      "question": "What are the main positions on whether the doctrine of double effect can\njustify the asymmetry between the trolley and footbridge cases?\n",
      "retrieved": [
        {
          "corpus_id": "sep",
          "title": "sep",
          "url": null,
          "score": 0.0,
          "snippet": "The principle of double effect, historically rooted in Thomas Aquinas's work on self-defense, permits actions with foreseen harmful side effects provided specific conditions like proportionality and...",
          "source": "raptor"
        },
        {
          "corpus_id": "sep",
          "title": "sep",
          "url": null,
          "score": 0.0,
          "snippet": "The text examines the moral distinction between the Trolley and Bridge scenarios, noting that while many deem diverting the trolley permissible but pushing a person impermissible, Joshua Greene...",
          "source": "raptor"
        },
        {
          "corpus_id": "sep",
          "title": "sep",
          "url": null,
          "score": 0.0,
          "snippet": "The text examines conflicting moral intuitions regarding the Trolley Problem variants, specifically contrasting the Switch and Bridge scenarios to challenge deontological explanations based on...",
          "source": "raptor"
        },
        {
          "corpus_id": "sep",
          "title": "sep",
          "url": null,
          "score": 0.0,
          "snippet": "The principle of double effect is defined by specific conditions, such as those outlined in the New Catholic Encyclopedia and Joseph Mangan's work, which require that bad effects be foreseen but not...",
          "source": "raptor"
        },
        {
          "corpus_id": "sep",
          "title": "sep",
          "url": null,
          "score": 0.0,
          "snippet": "The passages examine the moral permissibility of self-defense in trolley problem variants, specifically questioning whether an agent facing lethal diversion can harmlessly or lethally resist to save...",
          "source": "raptor"
        },
        {
          "corpus_id": "sep",
          "title": "sep",
          "url": null,
          "score": 0.0,
          "snippet": "Consequentializers employ evaluator-relative outcome rankings to reconcile their theory with commonsense moral intuitions, thereby justifying personal preferences that diverge from impartial...",
          "source": "raptor"
        },
        {
          "corpus_id": "sep",
          "title": "sep",
          "url": null,
          "score": 0.0,
          "snippet": "The trade-off model challenges previous theories by locating the source of moral asymmetry in how individuals interpret specific scenarios rather than inherent cognitive biases. It suggests that...",
          "source": "raptor"
        },
        {
          "corpus_id": "sep",
          "title": "sep",
          "url": null,
          "score": 0.0,
          "snippet": "The passages examine the philosophical distinction between doing and allowing harm, analyzing various counterexamples to determine when an agent is positively relevant to a negative outcome. Key...",
          "source": "raptor"
        },
        {
          "corpus_id": "sep",
          "title": "double-effect",
          "url": "https://plato.stanford.edu/entries/double-effect/",
          "score": 0.0,
          "snippet": "double-effect\n\nIf we are more inclined to call a harmful result a merely foreseen side effect when we believe that it is permissibly brought about, and if we are more inclined to describe a harmful..."
        },
        {
          "corpus_id": "sep",
          "title": "intuitionism-ethics",
          "url": "https://plato.stanford.edu/entries/intuitionism-ethics/",
          "score": 0.0,
          "snippet": "[Atlas highlights]\nDefining doctrine of double effect (intuitionism-ethics): \"According to this doctrine, we may produce some good that involves a bad outcome, so long as the bad outcome is not..."
        },
        {
          "corpus_id": "sep",
          "title": "double-effect",
          "url": "https://plato.stanford.edu/entries/double-effect/",
          "score": 0.0,
          "snippet": "[Atlas highlights]\n[double-effect — contested]: \"Some critics... have maintained that when double effect has been invoked, substantive independent justifications... are in fact, doing all of the..."
        },
        {
          "corpus_id": "sep",
          "title": "doing-allowing",
          "url": "https://plato.stanford.edu/entries/doing-allowing/",
          "score": 0.0,
          "snippet": "doing-allowing\n\nAt this point, it is worth discussing the relationship between the doing/allowing distinction and the famous Trolley Problem. The Trolley Problem dates back to Philippa Foot’s..."
        },
        {
          "corpus_id": "sep",
          "title": "morality-biology",
          "url": "https://plato.stanford.edu/entries/morality-biology/",
          "score": 0.0,
          "snippet": "morality-biology\n\nMost people respond to these cases by saying that Trolley is permissible while Bridge is not. But what explains this difference in moral response? Many philosophers have argued for..."
        },
        {
          "corpus_id": "sep",
          "title": "philippa-foot",
          "url": "https://plato.stanford.edu/entries/philippa-foot/",
          "score": 0.0,
          "snippet": "philippa-foot\n\nIn “The Problem of Abortion and the Doctrine of Double Effect”, (1967) Foot raises a related case that has been the subject of much subsequent discussion: a runaway trolley is..."
        },
        {
          "corpus_id": "sep",
          "title": "contractualism",
          "url": "https://plato.stanford.edu/entries/contractualism/",
          "score": 0.0,
          "snippet": "contractualism\n\nMost people agree that switching the trolley is permissible in Loop even though “one switches the trolley only because it will, by hitting the one person, be prevented from hitting..."
        },
        {
          "corpus_id": "sep",
          "title": "intuitionism-ethics",
          "url": "https://plato.stanford.edu/entries/intuitionism-ethics/",
          "score": 0.0,
          "snippet": "intuitionism-ethics\n\nSwitch seems to be a case where the bad outcome is foreseen, but not intended. Bridge seems to be a case where the bad outcome is intended as a means of saving the five. So one..."
        },
        {
          "corpus_id": "sep",
          "title": "ethics-deontological",
          "url": "https://plato.stanford.edu/entries/ethics-deontological/",
          "score": 0.0,
          "snippet": "ethics-deontological\n\nDeontologists of this stripe are committed to something like the doctrine of double effect, a long-established doctrine of Catholic theology (Woodward 2001). The Doctrine in its..."
        },
        {
          "corpus_id": "sep",
          "title": "euthanasia-voluntary",
          "url": "https://plato.stanford.edu/entries/euthanasia-voluntary/",
          "score": 0.0,
          "snippet": "euthanasia-voluntary\n\nOn the most plausible reading, the doctrine of double effect can be relevant to the permissibility of voluntary euthanasia only when a person’s death is bad for her or, to put..."
        },
        {
          "corpus_id": "sep",
          "title": "ethics-ai",
          "url": "https://plato.stanford.edu/entries/ethics-ai/",
          "score": 0.0,
          "snippet": "ethics-ai\n\nThere is some discussion of “trolley problems” in this context. In the classic “trolley problems” (Thomson 1976; Woollard and Howard-Snyder 2016: section 2) various dilemmas are..."
        },
        {
          "corpus_id": "sep",
          "title": "anscombe",
          "url": "https://plato.stanford.edu/entries/anscombe/",
          "score": 0.0,
          "snippet": "anscombe\n\nA philosophical understanding of intention (and thus not just Catholic doctrine) is needed to show that killing innocent people as a means to ending a war (or whatever) just is..."
        },
        {
          "corpus_id": "sep",
          "title": "nonidentity-problem",
          "url": "https://plato.stanford.edu/entries/nonidentity-problem/",
          "score": 0.0,
          "snippet": "nonidentity-problem\n\nThe conceptual concerns arise when attempts are made to explain the Asymmetry by reference to principles that assign a special moral status to actual people (or people who will..."
        },
        {
          "corpus_id": "sep",
          "title": "embodied-cognition",
          "url": "https://plato.stanford.edu/entries/embodied-cognition/",
          "score": 0.0,
          "snippet": "embodied-cognition\n\nDual process theories of moral psychology reject the moral sentimentalism claim that all moral judgments are made in the same way.  Dual process theories maintain that we have two..."
        },
        {
          "corpus_id": "sep",
          "title": "self-defense",
          "url": "https://plato.stanford.edu/entries/self-defense/",
          "score": 0.0,
          "snippet": "self-defense\n\nTrolley: A runaway trolley is lethally heading towards five innocent people. A bystander, Engineer, can divert the trolley away from the five down a side-track. The diverted trolley..."
        },
        {
          "corpus_id": "sep",
          "title": "causation-physics",
          "url": "https://plato.stanford.edu/entries/causation-physics/",
          "score": 0.0,
          "snippet": "causation-physics\n\nDavid Lewis proposes an answer to this concern, arguing that the time-asymmetry of counterfactuals is secured by an asymmetric overdetermination of the present by the future (Lewis..."
        },
        {
          "corpus_id": "sep",
          "title": "decision-causal",
          "url": "https://plato.stanford.edu/entries/decision-causal/",
          "score": 0.0,
          "snippet": "decision-causal\n\nMost texts on decision theory are consistent with causal decision theory. Many do not treat the special cases, such as Newcomb’s problem, that motivate a distinction between causal..."
        },
        {
          "corpus_id": "sep",
          "title": "vegetarianism",
          "url": "https://plato.stanford.edu/entries/vegetarianism/",
          "score": 0.0,
          "snippet": "vegetarianism\n\nIf buying wrongfully-produced meat is wrong because it produces more wrongfully-produced meat, is it wrong to pay rent in the rent case? Is it wrong to buy a vegetarian meal at a..."
        },
        {
          "corpus_id": "sep",
          "title": "religion-politics",
          "url": "https://plato.stanford.edu/entries/religion-politics/",
          "score": 0.0,
          "snippet": "religion-politics\n\nThe standard view among political theorists, such as Robert Audi, Jürgen Habermas, Charles Larmore, Steven Macedo, Martha Nussbaum, and John Rawls is that religious reasons can..."
        },
        {
          "corpus_id": "sep",
          "title": "contractualism",
          "url": "https://plato.stanford.edu/entries/contractualism/",
          "score": 0.0,
          "snippet": "[Atlas highlights]\nArgument: Argument against DDE via Loop Case [from contractualism]\n  P1. P1: In the Loop trolley case, it is permissible to switch the track even though hitting one person prevents..."
        },
        {
          "corpus_id": "sep",
          "title": "double-effect",
          "url": "https://plato.stanford.edu/entries/double-effect/",
          "score": 0.0,
          "snippet": "double-effect\n\nDouble effect might also be part of a secular and non-absolutist view according to which a justification adequate for causing a certain harm as a side effect might not be adequate for..."
        },
        {
          "corpus_id": "sep",
          "title": "double-effect",
          "url": "https://plato.stanford.edu/entries/double-effect/",
          "score": 0.0,
          "snippet": "double-effect\n\nNevertheless, many criticisms of the principle of double effect do not proceed from consequentialist assumptions or skepticism about the distinction between intended and merely..."
        },
        {
          "corpus_id": "sep",
          "title": "intuitionism-ethics",
          "url": "https://plato.stanford.edu/entries/intuitionism-ethics/",
          "score": 0.0,
          "snippet": "intuitionism-ethics\n\nEmpirical psychology has recently cast doubt on the reliability of at least some of our moral intuitions. Since a self-evident proposition is one of which a clear intuition..."
        },
        {
          "corpus_id": "sep",
          "title": "intuitionism-ethics",
          "url": "https://plato.stanford.edu/entries/intuitionism-ethics/",
          "score": 0.0,
          "snippet": "intuitionism-ethics\n\nLike other epistemic foundationalists, Price insists that all reasoning and knowledge must ultimately rest on propositions that are not inferred from other premises. For ethical..."
        },
        {
          "corpus_id": "sep",
          "title": "doing-allowing",
          "url": "https://plato.stanford.edu/entries/doing-allowing/",
          "score": 0.0,
          "snippet": "doing-allowing\n\n(iv) Finally, the distinction between doing and allowing harm is sometimes thought to have, as part of its conceptual content, a moral element. This thought is rarely made explicit,..."
        },
        {
          "corpus_id": "sep",
          "title": "doing-allowing",
          "url": "https://plato.stanford.edu/entries/doing-allowing/",
          "score": 0.0,
          "snippet": "doing-allowing\n\n22 years after putting forward the bystander version of the trolley case, Thomson (2008) changed her mind and argued that the consensus that it is permissible for the bystander to..."
        },
        {
          "corpus_id": "sep",
          "title": "doing-allowing",
          "url": "https://plato.stanford.edu/entries/doing-allowing/",
          "score": 0.0,
          "snippet": "doing-allowing\n\nAlthough most people struggle to see a moral difference between Smith’s behavior and Jones’ behavior, Frances Kamm (2007) argues that the cases might not be intuitively morally..."
        },
        {
          "corpus_id": "sep",
          "title": "contractualism",
          "url": "https://plato.stanford.edu/entries/contractualism/",
          "score": 0.0,
          "snippet": "contractualism\n\nDespite its intuitive appeal, Scanlon rejects the doctrine of double effect, arguing that intention is not directly relevant to permissibility. Scanlon concedes that intentions have..."
        },
        {
          "corpus_id": "sep",
          "title": "contractualism",
          "url": "https://plato.stanford.edu/entries/contractualism/",
          "score": 0.0,
          "snippet": "contractualism\n\nMany theorists distinguish non-consequentialist moral theories from consequentialist rivals such as utilitarianism by emphasising the significance of agents’ intentions. Otherwise..."
        }
      ],
      "source_score": {
        "matched": [
          "double-effect",
          "doing-allowing",
          "philippa-foot",
          "ethics-deontological"
        ],
        "missing": [
          "consequentialism"
        ],
        "total_expected": 5,
        "ratio": 0.8
      },
      "fact_score": {
        "matched": [
          "doctrine of double effect",
          "trolley problem",
          "footbridge",
          "intended versus foreseen",
          "Foot",
          "Thomson",
          "deontological"
        ],
        "missing": [],
        "total_expected": 7,
        "ratio": 1.0
      },
      "embed_ms": 0,
      "search_ms": 0,
      "corpora_hit": [
        "sep"
      ],
      "vector_eligible": true,
      "synth": {
        "answer": "The doctrine of double effect (DDE) is a central tool used to explain the intuitive asymmetry between the **Trolley** case (diverting a trolley to kill one, saving five) and the **Footbridge/Bridge** case (pushing a man off a bridge to stop the trolley). However, its ability to justify this asymmetry is heavily contested. The main positions can be categorized into those that defend DDE as explanatory, those that reject it in favor of other distinctions, and those that argue the distinction itself is illusory or psychologically biased.\n\n### 1. The Defense: Intention vs. Foresight\nProponents argue that DDE successfully captures the moral difference by distinguishing between harm intended as a means and harm merely foreseen as a side effect.\n\n*   **The Core Distinction:** According to the doctrine, an action may produce a bad outcome so long as the bad outcome is not *intended*. In the Trolley case (specifically the \"Switch\" variant), the death of one person is a foreseen but unintended side effect of saving five; thus, it is permissible under DDE [Source: intuitionism-ethics]. In the Bridge case, the man’s death is intended as a means to stop the trolley; therefore, it is impermissible [Source: intuitionism-ethics].\n*   **Direct vs. Indirect Agency:** Warren Quinn offers a refinement, recasting double effect as a distinction between direct and indirect agency. He argues that moral significance lies in whether harm comes from an agent deliberately involving victims to further their purpose (\"direct agency\") versus cases where nothing is intended for the victims or what is intended does not contribute to their harm (\"indirect agency\"). This view suggests that while DDE captures something real about \"intentional harming,\" it need not align perfectly with the strict intended/foreseen dichotomy [Source: double-effect].\n*   **Deontological Constraints:** Deontologists often rely on DDE to justify constraints against killing innocents. They argue we are categorically forbidden to intend evils (like killing) even if doing so minimizes future evil, whereas causing such acts as risks or predictions might be justifiable by minimizing consequences [Source: ethics-deontological].\n\n### 2. The Critique: Alternative Distinctions (Doing vs. Allowing / Rights)\nMany philosophers argue that DDE is either unnecessary or fails because other distinctions better explain our intuitions without relying on the problematic concept of \"intention.\"\n\n*   **The Doing/Allowing Distinction:** Philippa Foot originally suggested these cases motivate DDE but argued they could instead be explained by the distinction between *doing* harm and *allowing* harm. In her view, the judge in a related case kills (does), while the trolley driver merely allows five to die after choosing to kill one [Source: doing-allowing]. However, Judith Jarvis Thomson modified Trolley to feature a bystander rather than a driver, undermining Foot’s claim that \"doing vs. allowing\" explains the intuition, since the bystander is clearly choosing between killing and letting die yet still seems permitted to act [Source: doing-allowing].\n*   **Negative vs. Positive Rights:** Foot also argued that Trolley involves pitting negative rights against negative rights (the right of five not to be killed vs. the right of one not to be killed), where minimizing violation is preferable. Bridge, by contrast, would require violating someone's negative rights to meet others' positive rights (their need for assistance), which she deemed impermissible because negative rights have priority [Source: philippa-foot].\n\n### 3. The Rejection: Intention is Irrelevant or Illusory\nA significant group of critics argues that DDE fails because \"intention\" does not track moral permissibility as claimed, either logically or psychologically.\n\n*   **The Loop Case Counterexample:** T.M. Scanlon and others point to Thomson’s \"Loop\" variant, where a trolley is diverted onto a sidetrack that loops back; the one person on the side track must be hit by the trolley to stop it from continuing around and killing five. Most agree switching is permissible here, even though hitting the one is *necessary* (a means) to save the five [Source: contractualism]. This violates strict DDE stricture regarding intention but aligns with our intuition that Switch is permissible, suggesting intention is not directly relevant to permissibility [Source: contractualism].\n*   **The Illusory Appeal:** Critics like those cited in the *double-effect* source argue that substantive independent justifications are doing all the work, while \"intention\" is merely a label we attach post-hoc. If we judge an act permissible, we call its harm a side effect; if impermissible, we call it intended. Thus, DDE does not explain the asymmetry but rather reflects pre-existing moral judgments [Source: double-effect].\n*   **Normative Bias (The Knobe Effect):** Empirical research by Joshua Knobe demonstrates that our distinction between \"intended means\" and \"side effects\" is biased by normative judgments. We are more likely to describe a harmful result as \"intended\" if we believe it is impermissibly brought about. This suggests the DDE distinction is not evaluatively neutral and may be psychologically constructed rather than morally foundational [Source: double-effect].\n\n### 4. Psychological Explanations (Dual Process Theory)\nSome positions bypass philosophical justification entirely, attributing the asymmetry to cognitive architecture rather than doctrinal logic.\n\n*   **Emotional vs. Cognitive Processing:** Joshua Greene argues that Bridge feels wrong because the harm is \"up close and personal,\" triggering strong emotional responses in brain regions associated with social/emotional processing (amygdala, medial prefrontal cortex). Trolley triggers higher cognition (dorsolateral prefrontal cortex) because it is impersonal [Source: morality-biology].\n*   **System 1 vs. System 2:** Dual process theories suggest Deontological reasoning (rejecting Bridge) is driven by automatic, intuitive heuristics (\"gut feelings\"), while Utilitarian reasoning (accepting Switch/Trolley) is guided by abstract deliberation. This view partially vindicates moral sentimentalism but maintains that the two systems operate on different inputs and processes [Source: embodied-cognition].\n\n### Summary of Positions\n| Position | View on DDE & Asymmetry | Key Argument/Counterexample |\n| :--- | :--- | :--- |\n| **Defender** | DDE justifies asymmetry via Intention vs. Foresight. | Bridge harm is intended as a means; Trolley harm is foreseen side effect. |\n| **Alternative Distinction** | DDE is unnecessary or flawed; use Doing/Allowing or Rights. | Foot’s Negative Rights priority; Thomson's Bystander undermines \"Doing\". |\n| **Skeptic/Illusionist** | DDE fails because intention tracks judgment, not vice versa. | The Loop Case (permissible despite being a necessary means); Knobe Effect bias. |\n| **Psychological/Naturalist** | Asymmetry is cognitive/emotional, not doctrinal. | Greene: Personal vs. Impersonal harm activates different brain regions/systems. |\n\nI don't have reliable information on whether there are specific recent empirical studies post-2016 that definitively resolve the tension between the Loop case and standard deontological intuitions; would you like me to search for more recent developments in this area?\n\n---\n*Verification note: these statements could not be confirmed against your sources — treat them as unverified:*\n- Philippa Foot originally suggested that Trolley and Bridge cases could be explained by the doing/allowing distinction.\n- T.M. Scanlon and others point to Thomson’s \"Loop\" variant\n- up close and personal,",
        "reasoning_chars": 0,
        "stream_wall_ms": 77739,
        "total_latency_ms": 73083,
        "intent": "DeepQuery",
        "source_origins": [
          "sep"
        ],
        "retrieved_chunk_count": 37,
        "chunks_fact_score": {
          "matched": [
            "doctrine of double effect",
            "trolley problem",
            "Foot",
            "Thomson",
            "deontological"
          ],
          "missing": [
            "footbridge",
            "intended versus foreseen"
          ],
          "total_expected": 7,
          "ratio": 0.71428573
        },
        "judge_fact_score": {
          "matched": [
            "doctrine of double effect",
            "trolley problem",
            "footbridge",
            "intended versus foreseen",
            "Foot",
            "Thomson",
            "deontological"
          ],
          "missing": [],
          "total_expected": 7,
          "ratio": 1.0
        },
        "judge_evidence": [
          {
            "fact": "doctrine of double effect",
            "present": true,
            "evidence": "\"The doctrine of double effect (DDE) is a central tool used to explain the intuitive asymmetry between...\""
          },
          {
            "fact": "trolley problem",
            "present": true,
            "evidence": "**Trolley** case (diverting a trolley to kill one, saving five)"
          },
          {
            "fact": "footbridge",
            "present": true,
            "evidence": "**Footbridge/Bridge** case (pushing a man off a bridge to stop the trolley)"
          },
          {
            "fact": "intended versus foreseen",
            "present": true,
            "evidence": "\"Proponents argue that DDE successfully captures the moral difference by distinguishing between harm intended as a means and harm merely foreseen as a side effect.\""
          },
          {
            "fact": "Foot",
            "present": true,
            "evidence": "**Footbridge/Bridge** case (pushing a man off a bridge to stop the trolley)"
          },
          {
            "fact": "Thomson",
            "present": true,
            "evidence": "\"T.M. Scanlon and others point to Thomson's 'Loop' variant, where a trolley is diverted onto a sidetrack that loops back; the one person on the side track must be hit by the trolley to stop it from continuing around and killing five.\""
          },
          {
            "fact": "deontological",
            "present": true,
            "evidence": "Deontologists often rely on DDE to justify constraints against killing innocents. They argue we are categorically forbidden to intend evils (like killing) even if doing so minimizes future evil..."
          }
        ]
      }
    },
    {
      "question_id": "position_summary_virtue_ethics_function",
      "category": "position_summary",
      "question": "Reconstruct Aristotle's function argument for virtue ethics in\nNicomachean Ethics I, and explain MacIntyre's communitarian update of it\nin After Virtue.\n",
      "retrieved": [
        {
          "corpus_id": "sep",
          "title": "sep",
          "url": null,
          "score": 0.0,
          "snippet": "The author argues that Aristotelian virtue ethics faces serious empirical criticism because it presupposes the existence of global character traits that are widely held, a claim contradicted by...",
          "source": "raptor"
        },
        {
          "corpus_id": "sep",
          "title": "sep",
          "url": null,
          "score": 0.0,
          "snippet": "Lorenzo Valla advances a critique of Aristotelian-scholastic philosophy by reducing its complex categories to substance, quality, and action while rejecting syllogistic logic in favor of oratorical...",
          "source": "raptor"
        },
        {
          "corpus_id": "sep",
          "title": "sep",
          "url": null,
          "score": 0.0,
          "snippet": "Aristotle distinguishes between intellectual and ethical virtues, defining the latter as a golden mean determined by practical reason rather than rigid rules. He argues that while ethics lacks...",
          "source": "raptor"
        },
        {
          "corpus_id": "sep",
          "title": "sep",
          "url": null,
          "score": 0.0,
          "snippet": "The text contrasts neo-Aristotelian virtue ethics, which grounds moral goodness in human virtues and functional kinds, with Judith Jarvis Thomson's account that defines goodness relative to specific...",
          "source": "raptor"
        },
        {
          "corpus_id": "sep",
          "title": "sep",
          "url": null,
          "score": 0.0,
          "snippet": "The text contrasts neo-Aristotelian virtue ethics, which grounds moral goodness in human virtues and functional kinds, with Judith Jarvis Thomson's account that defines goodness relative to specific...",
          "source": "raptor"
        },
        {
          "corpus_id": "sep",
          "title": "sep",
          "url": null,
          "score": 0.0,
          "snippet": "Aristotle posits that the highest human good is eudaimonia, achieved primarily through philosophical contemplation rather than political activity or mere ethical living. He supports this by...",
          "source": "raptor"
        },
        {
          "corpus_id": "sep",
          "title": "sep",
          "url": null,
          "score": 0.0,
          "snippet": "Olivi challenges traditional Aristotelian and Thomistic views by arguing that virtues are distinct rather than unified, allowing for the possession of specific moral traits without others. He further...",
          "source": "raptor"
        },
        {
          "corpus_id": "sep",
          "title": "sep",
          "url": null,
          "score": 0.0,
          "snippet": "Augustine adapts ancient eudaimonism by subordinating virtue and happiness to God's prevenient grace, defining the supreme good as loving and knowing God. He grounds ethics in intentional love,...",
          "source": "raptor"
        },
        {
          "corpus_id": "sep",
          "title": "aristotle",
          "url": "https://plato.stanford.edu/entries/aristotle/",
          "score": 0.0,
          "snippet": "[Atlas highlights]\nArgument: Classification of Governments Argument [from aristotle]\n  P1. Rulers may be one, few, or many.\n  P2. Forms of rule are legitimate or illegitimate based on promoting human..."
        },
        {
          "corpus_id": "sep",
          "title": "aristotle",
          "url": "https://plato.stanford.edu/entries/aristotle/",
          "score": 0.0,
          "snippet": "[Atlas highlights]\nArgument: Universal Affirmation Deduction [from aristotle]\n  P1. All As are Bs.\n  P2. All Bs are Cs.\n  C. Therefore, all As are Cs.\n\n[Kant (aristotle)]: \"That from the earliest..."
        },
        {
          "corpus_id": "sep",
          "title": "aristotle",
          "url": "https://plato.stanford.edu/entries/aristotle/",
          "score": 0.0,
          "snippet": "[Atlas highlights]\n[Aristotle (aristotle)]: \"...the primary source of the change and rest is spoken of as a cause...\"\n[Aristotle (aristotle)]: \"Further, the end (telos) is spoken of as a cause. This..."
        },
        {
          "corpus_id": "sep",
          "title": "aristotle-ethics",
          "url": "https://plato.stanford.edu/entries/aristotle-ethics/",
          "score": 0.0,
          "snippet": "aristotle-ethics\n\nThough the general point of view expressed in each work is the same, there are many subtle differences in organization and content as well. Clearly, one is a re-working of the..."
        },
        {
          "corpus_id": "sep",
          "title": "ethics-virtue",
          "url": "https://plato.stanford.edu/entries/ethics-virtue/",
          "score": 0.0,
          "snippet": "ethics-virtue\n\nWhether virtue ethics can be expected to grow into “virtue politics”—i.e. to extend from moral philosophy into political philosophy—is not so clear. Gisela Striker (2006) has..."
        },
        {
          "corpus_id": "sep",
          "title": "ethics-ancient",
          "url": "https://plato.stanford.edu/entries/ethics-ancient/",
          "score": 0.0,
          "snippet": "ethics-ancient\n\nLike Plato, Aristotle is a eudaimonist in that he argues that virtue (including in some way the moral virtues of courage, justice and the rest) is the dominant and most important..."
        },
        {
          "corpus_id": "sep",
          "title": "aristotle-rhetoric",
          "url": "https://plato.stanford.edu/entries/aristotle-rhetoric/",
          "score": 0.0,
          "snippet": "aristotle-rhetoric\n\nAristotle |  Aristotle, General Topics: aesthetics |  Aristotle, General Topics: logic |  Cicero |  Plato: rhetoric and poetry"
        },
        {
          "corpus_id": "sep",
          "title": "aristotle-natphil",
          "url": "https://plato.stanford.edu/entries/aristotle-natphil/",
          "score": 0.0,
          "snippet": "aristotle-natphil\n\nAristotle, General Topics: biology |  Aristotle, General Topics: logic |  Aristotle, General Topics: metaphysics |  Aristotle, General Topics: psychology |  Aristotle, Special..."
        },
        {
          "corpus_id": "sep",
          "title": "justice-virtue",
          "url": "https://plato.stanford.edu/entries/justice-virtue/",
          "score": 0.0,
          "snippet": "justice-virtue\n\nAristotle does not see the virtue of justice in quite the comprehensive sense Plato does; he treats it as a virtue of character (in the entirety of one of the ten books of the..."
        },
        {
          "corpus_id": "sep",
          "title": "african-ethics",
          "url": "https://plato.stanford.edu/entries/african-ethics/",
          "score": 0.0,
          "snippet": "african-ethics\n\nI take note of a view expressed by some philosophers on Aristotle's ethics: Bertrand Russell observed that “Aristotle's opinions on moral questions are always such as were..."
        },
        {
          "corpus_id": "sep",
          "title": "practical-reason-med",
          "url": "https://plato.stanford.edu/entries/practical-reason-med/",
          "score": 0.0,
          "snippet": "practical-reason-med\n\nThe earliest medieval commentators on the Nicomachean Ethics analyzed only the first three books of the work for reasons yet unexplained (Celano, 2022). The medieval authors of..."
        },
        {
          "corpus_id": "sep",
          "title": "well-being",
          "url": "https://plato.stanford.edu/entries/well-being/",
          "score": 0.0,
          "snippet": "well-being\n\nHis primary argument is the notorious and perfectionist ‘function argument’, according to which the good for some being is to be identified through attention to its ‘function’ or..."
        },
        {
          "corpus_id": "sep",
          "title": "ethics-business",
          "url": "https://plato.stanford.edu/entries/ethics-business/",
          "score": 0.0,
          "snippet": "ethics-business\n\nOne influential approach to business ethics draws on virtue ethics. Moore (2017) develops and applies MacIntyre’s (1984) virtue ethics to business. For MacIntyre, there are goods..."
        },
        {
          "corpus_id": "sep",
          "title": "aristotle-aesthetics",
          "url": "https://plato.stanford.edu/entries/aristotle-aesthetics/",
          "score": 0.0,
          "snippet": "aristotle-aesthetics\n\nIn the case of tragedy, Aristotle’s aim is to reconstruct for his readers what the art of poetic composition should be, in order to enable them to distinguish a good tragedy..."
        },
        {
          "corpus_id": "sep",
          "title": "moral-psych-emp",
          "url": "https://plato.stanford.edu/entries/moral-psych-emp/",
          "score": 0.0,
          "snippet": "moral-psych-emp\n\nOne way of defusing empirically motivated skepticism—dubbed by Alfano (2013) “the dodge”—is simply to deny that virtue ethics makes empirical claims. On this understanding,..."
        },
        {
          "corpus_id": "sep",
          "title": "aristotle-politics",
          "url": "https://plato.stanford.edu/entries/aristotle-politics/",
          "score": 0.0,
          "snippet": "aristotle-politics\n\nIn the Nicomachean Ethics Aristotle describes his subject matter as ‘political science’, which he characterizes as the most authoritative science. It prescribes which sciences..."
        },
        {
          "corpus_id": "sep",
          "title": "moral-character",
          "url": "https://plato.stanford.edu/entries/moral-character/",
          "score": 0.0,
          "snippet": "moral-character\n\nAristotle defines virtuous character in Nicomachean Ethics II.6:"
        },
        {
          "corpus_id": "sep",
          "title": "alexander-aphrodisias",
          "url": "https://plato.stanford.edu/entries/alexander-aphrodisias/",
          "score": 0.0,
          "snippet": "alexander-aphrodisias\n\nSince Alexander did not write a commentary on Aristotle’s ethics, his Ethical Problems, despite their somewhat disorganized state, are of considerable interest (cf. Madigan..."
        },
        {
          "corpus_id": "sep",
          "title": "albert-great",
          "url": "https://plato.stanford.edu/entries/albert-great/",
          "score": 0.0,
          "snippet": "albert-great\n\nAlbert’s concern with ethics as such is found in his two commentaries on Aristotle’s Nicomachean Ethics. The prologues to both these works reveal Albert’s original thoughts on..."
        },
        {
          "corpus_id": "sep",
          "title": "aristotle-ethics",
          "url": "https://plato.stanford.edu/entries/aristotle-ethics/",
          "score": 0.0,
          "snippet": "aristotle-ethics\n\nBielskis 2020; Broadie 2006; Chappell (ed.) 2006; Garver 2006; Gill (ed.) 2005; Kraut 2018; LeBar 2013; MacIntyre 1999; Peters 2014; Russell 2012b; Stohr 2003, 2009; Wiggins 2009."
        },
        {
          "corpus_id": "sep",
          "title": "aristotle",
          "url": "https://plato.stanford.edu/entries/aristotle/",
          "score": 0.0,
          "snippet": "aristotle\n\nDuring this period, Aristotle’s wife, Pythias, died and he developed a new relationship with Herpyllis, perhaps like him a native of Stagira, though her origins are disputed, as is the..."
        },
        {
          "corpus_id": "sep",
          "title": "ethics-ancient",
          "url": "https://plato.stanford.edu/entries/ethics-ancient/",
          "score": 0.0,
          "snippet": "ethics-ancient\n\nThis approach to the virtues by way of moral psychology, in fact, proves to be remarkably durable in ancient moral theory. In one way or another, the various schools attempt to..."
        },
        {
          "corpus_id": "sep",
          "title": "ethics-ancient",
          "url": "https://plato.stanford.edu/entries/ethics-ancient/",
          "score": 0.0,
          "snippet": "ethics-ancient\n\nAt this point another argument for the link between happiness and virtue – one more dispersed in the text of the Nicomachean Ethics – becomes relevant; it is based on value terms..."
        },
        {
          "corpus_id": "sep",
          "title": "ethics-ancient",
          "url": "https://plato.stanford.edu/entries/ethics-ancient/",
          "score": 0.0,
          "snippet": "ethics-ancient\n\nHuman excellence can be conceived in ways that do not include the moral virtues. For instance, someone thought of as excellent for benefiting friends and harming enemies can be cruel,..."
        },
        {
          "corpus_id": "sep",
          "title": "aristotle-ethics",
          "url": "https://plato.stanford.edu/entries/aristotle-ethics/",
          "score": 0.0,
          "snippet": "aristotle-ethics\n\nNo one tries to live well for the sake of some further goal; rather, being eudaimon is the highest end, and all subordinate goals—health, wealth, and other such resources—are..."
        },
        {
          "corpus_id": "sep",
          "title": "aristotle-ethics",
          "url": "https://plato.stanford.edu/entries/aristotle-ethics/",
          "score": 0.0,
          "snippet": "aristotle-ethics\n\nA common complaint about Aristotle’s attempt to defend his conception of happiness is that his argument is too general to show that it is in one’s interest to possess any of the..."
        },
        {
          "corpus_id": "sep",
          "title": "ethics-virtue",
          "url": "https://plato.stanford.edu/entries/ethics-virtue/",
          "score": 0.0,
          "snippet": "ethics-virtue\n\nA misunderstanding of eudaimonia as an unmoralized concept leads some critics to suppose that the neo-Aristotelians are attempting to ground their claims in a scientific account of..."
        },
        {
          "corpus_id": "sep",
          "title": "ethics-virtue",
          "url": "https://plato.stanford.edu/entries/ethics-virtue/",
          "score": 0.0,
          "snippet": "ethics-virtue\n\nIn the West, virtue ethics’ founding fathers are Plato and Aristotle, and in the East it can be traced back to Mencius and Confucius. It persisted as the dominant approach in Western..."
        },
        {
          "corpus_id": "sep",
          "title": "ethics-virtue",
          "url": "https://plato.stanford.edu/entries/ethics-virtue/",
          "score": 0.0,
          "snippet": "ethics-virtue\n\nIts re-emergence had an invigorating effect on the other two approaches, many of whose proponents then began to address these topics in the terms of their favoured theory. (One..."
        }
      ],
      "source_score": {
        "matched": [
          "ethics-virtue",
          "aristotle-ethics"
        ],
        "missing": [
          "communitarianism"
        ],
        "total_expected": 3,
        "ratio": 0.6666667
      },
      "fact_score": {
        "matched": [
          "function argument",
          "ergon",
          "eudaimonia",
          "virtue",
          "MacIntyre",
          "After Virtue",
          "practice"
        ],
        "missing": [
          "tradition"
        ],
        "total_expected": 8,
        "ratio": 0.875
      },
      "embed_ms": 0,
      "search_ms": 0,
      "corpora_hit": [
        "sep"
      ],
      "vector_eligible": true,
      "synth": {
        "answer": "Thorough overview from available sources, not exhaustive. The provided knowledge base contains detailed information on Aristotle’s function argument and MacIntyre’s application of virtue ethics to business practices, but it lacks the specific textual evidence required to reconstruct MacIntyre’s *communitarian* update in *After Virtue*.\n\n### 1. Aristotle's Function Argument (*Nicomachean Ethics*, Book I)\nAristotle argues that happiness (*eudaimonia*) is the highest human good [Source: aristotle-ethics]. To define this good, he employs a \"function\" or \"ergon\" argument based on his biological and psychological distinctions (the nutritive, locomotive, perceptive, and rational souls) [Source: aristotle-ethics]:\n*   **The Human Function:** Every being has an essential function; for humans, it is activity of the soul guided by reason—the capacity unique to our species [Source: well-being][Source: aristotle-ethics]. \n*   **Excellence in Function:** Doing anything well requires virtue (*aretē*). Therefore, living well consists in activities caused by the rational soul performed with excellence or virtue over a full life [Source: aristotle-ethics].\n*   **Conclusion on Happiness:** Consequently, happiness is defined as \"activity of the rational part of the soul in accordance with virtue\" (1097b22–1098a20) [Source: aristotle-ethics].\n\n### 2. MacIntyre's Communitarian Update (*After Virtue*)\nThe provided sources do not contain specific details regarding Alasdair MacIntyre’s *communitarian update* to Aristotle found specifically in his book *After Virtue*. \n\nHowever, the texts note that MacIntyre developed a version of neo-Aristotelian virtue ethics alongside other thinkers like Foot and Hursthouse, arguing for a third way between scientific naturalism and rationalization of personal values [Source: ethics-virtue]. Furthermore, MacIntyre is explicitly cited as an influence on modern business ethics; he argued that \"business\" contains practices with internal goods requiring the cultivation of virtues (a framework later applied by Moore) [Source: ethics-business].\n\n**Gap Note:** The sources do not provide the specific arguments from *After Virtue* regarding how Aristotle's function argument was updated to fit a communitarian or narrative-based social context. \n\nWant me to search the web for details specifically concerning MacIntyre’s *communitarian update* in *After Virtue*?",
        "reasoning_chars": 0,
        "stream_wall_ms": 53827,
        "total_latency_ms": 47401,
        "intent": "DeepQuery",
        "source_origins": [
          "sep"
        ],
        "retrieved_chunk_count": 37,
        "chunks_fact_score": {
          "matched": [
            "function argument",
            "eudaimonia",
            "virtue",
            "MacIntyre",
            "tradition"
          ],
          "missing": [
            "ergon",
            "After Virtue",
            "practice"
          ],
          "total_expected": 8,
          "ratio": 0.625
        },
        "judge_fact_score": {
          "matched": [
            "function argument",
            "ergon",
            "eudaimonia",
            "virtue",
            "MacIntyre",
            "After Virtue",
            "practice"
          ],
          "missing": [
            "tradition"
          ],
          "total_expected": 8,
          "ratio": 0.875
        },
        "judge_evidence": [
          {
            "fact": "function argument",
            "present": true,
            "evidence": "\"Aristotle argues that happiness (*eudaimonia*) is the highest human good... he employs a 'function' or 'ergon' argument based on his biological and psychological distinctions\""
          },
          {
            "fact": "ergon",
            "present": true,
            "evidence": "\"he employs a 'function' or 'ergon' argument based on his biological and psychological distinctions\""
          },
          {
            "fact": "eudaimonia",
            "present": true,
            "evidence": "\"Aristotle argues that happiness (*eudaimonia*) is the highest human good\""
          },
          {
            "fact": "virtue",
            "present": true,
            "evidence": "\"Therefore, living well consists in activities caused by the rational soul performed with excellence or virtue over a full life\""
          },
          {
            "fact": "MacIntyre",
            "present": true,
            "evidence": "\"The provided knowledge base contains detailed information on Aristotle's function argument and MacIntyre's application of virtue ethics to business practices\""
          },
          {
            "fact": "After Virtue",
            "present": true,
            "evidence": "\"MacIntyre's Communitarian Update (*After Virtue*)\""
          },
          {
            "fact": "practice",
            "present": true,
            "evidence": "...MacIntyre's application of virtue ethics to business practices..."
          },
          {
            "fact": "tradition",
            "present": false,
            "evidence": "(absent)"
          }
        ]
      }
    },
    {
      "question_id": "position_summary_kripke_reference_causal_historical",
      "category": "position_summary",
      "question": "Reconstruct Kripke's causal-historical theory of reference and explain\nhow it handles names whose initial baptism is uncertain or whose\nreference may shift over time.\n",
      "retrieved": [
        {
          "corpus_id": "sep",
          "title": "sep",
          "url": null,
          "score": 0.0,
          "snippet": "To address the historical pessimism regarding scientific theory change, philosophers like Poincaré and Duhem proposed that continuity exists in the relational structures preserved by mathematical...",
          "source": "raptor"
        },
        {
          "corpus_id": "sep",
          "title": "sep",
          "url": null,
          "score": 0.0,
          "snippet": "The text examines various theories of name reference, including cluster and use theories, while addressing challenges such as the epistemic argument. It highlights Searle's proposal to resolve issues...",
          "source": "raptor"
        },
        {
          "corpus_id": "sep",
          "title": "sep",
          "url": null,
          "score": 0.0,
          "snippet": "The text evaluates competing theories of reference for impure indexicals, contrasting Gricean intentionalist approaches with descriptivist constraints. It examines whether speaker intentions or...",
          "source": "raptor"
        },
        {
          "corpus_id": "sep",
          "title": "sep",
          "url": null,
          "score": 0.0,
          "snippet": "The text argues that proper names like 'Socrates' do not possess meanings defined by descriptive clusters, such as being the teacher of Plato and Xenophon. This position is supported by modal...",
          "source": "raptor"
        },
        {
          "corpus_id": "sep",
          "title": "sep",
          "url": null,
          "score": 0.0,
          "snippet": "The passages argue that rigid designators and transworld identity are distinct from essentialism and realism, defending the view that names refer to specific individuals across possible worlds...",
          "source": "raptor"
        },
        {
          "corpus_id": "sep",
          "title": "sep",
          "url": null,
          "score": 0.0,
          "snippet": "The text critiques traditional apriorist accounts of meaning by distinguishing between empirical propositions and conceptual necessities, while simultaneously challenging cluster theories regarding...",
          "source": "raptor"
        },
        {
          "corpus_id": "sep",
          "title": "sep",
          "url": null,
          "score": 0.0,
          "snippet": "The text examines whether proper names possess intrinsic meanings or if their reference is determined by use, historical chains of attribution, and cognitive significance. It contrasts...",
          "source": "raptor"
        },
        {
          "corpus_id": "sep",
          "title": "sep",
          "url": null,
          "score": 0.0,
          "snippet": "The passages argue that rigid designators establish necessary truths about identity and essence across possible worlds, distinguishing this concept from descriptivism and counterpart theory. This...",
          "source": "raptor"
        },
        {
          "corpus_id": "sep",
          "title": "names",
          "url": "https://plato.stanford.edu/entries/names/",
          "score": 0.0,
          "snippet": "[Atlas highlights]\nArgument: Identification-Does-not-Constitute-Meaning Argument [from names]\n  P1. Identifying descriptions may explain the cognitive significance of coreferring names.\n  P2...."
        },
        {
          "corpus_id": "sep",
          "title": "names",
          "url": "https://plato.stanford.edu/entries/names/",
          "score": 0.0,
          "snippet": "[Atlas highlights]\nArgument: Uniqueness Argument for Proper Names [from names]\n  P1. Proper nouns recur across different names (e.g., 'Alice' appears in both 'Alice Waters' and 'Alice Walker').\n  P2...."
        },
        {
          "corpus_id": "sep",
          "title": "names",
          "url": "https://plato.stanford.edu/entries/names/",
          "score": 0.0,
          "snippet": "[Atlas highlights]\nArgument: Use Theory as Species of Cluster Theory [from names]\n  P1. A use theory specifies a set P of attributions constraining an utterance's reference and may include..."
        },
        {
          "corpus_id": "sep",
          "title": "reference",
          "url": "https://plato.stanford.edu/entries/reference/",
          "score": 0.0,
          "snippet": "[Atlas highlights]\nArgument: Objection against classical descriptivism regarding indexicals [from reference]\n  P1. According to the classical descriptivist, two speakers uttering 'I am hungry' assert..."
        },
        {
          "corpus_id": "sep",
          "title": "reference",
          "url": "https://plato.stanford.edu/entries/reference/",
          "score": 0.0,
          "snippet": "[Atlas highlights]\n[Keith Donnellan (reference)]: \"On Donnellan’s telling, this is irrelevant; the token description ‘the man drinking the martini’ can refer to this man in our visual field..."
        },
        {
          "corpus_id": "sep",
          "title": "theoretical-terms-science",
          "url": "https://plato.stanford.edu/entries/theoretical-terms-science/",
          "score": 0.0,
          "snippet": "theoretical-terms-science\n\nAs is well known, Kripke (1980) set forth a causal-historical account of reference as an alternative to the descriptivist picture. This account begins with an initial..."
        },
        {
          "corpus_id": "sep",
          "title": "information",
          "url": "https://plato.stanford.edu/entries/information/",
          "score": 0.0,
          "snippet": "information\n\ni.e., if the king of France does not exist it cannot be true that I am looking for him, which is unsatisfactory. Kripke (1971) criticized Russell’s solution and proposed his so-called..."
        },
        {
          "corpus_id": "sep",
          "title": "realism-theory-change",
          "url": "https://plato.stanford.edu/entries/realism-theory-change/",
          "score": 0.0,
          "snippet": "realism-theory-change\n\nAn answer to this ‘disastrous’ history-fed argument was the development of a causal theory of reference, which allows for referential continuity in theory-change. This..."
        },
        {
          "corpus_id": "sep",
          "title": "descriptions",
          "url": "https://plato.stanford.edu/entries/descriptions/",
          "score": 0.0,
          "snippet": "descriptions\n\nKripke’s positive proposal—suggestion really—was that names are associated with a causal chain; there is an initial baptism of an individual (e.g., Albert Einstein as ‘Albert..."
        },
        {
          "corpus_id": "sep",
          "title": "meaning",
          "url": "https://plato.stanford.edu/entries/meaning/",
          "score": 0.0,
          "snippet": "meaning\n\nIn Naming and Necessity, Kripke suggested that the reference of a name could be explained in terms of the history of use of that name, rather than by descriptions associated with that name..."
        },
        {
          "corpus_id": "sep",
          "title": "self-reference",
          "url": "https://plato.stanford.edu/entries/self-reference/",
          "score": 0.0,
          "snippet": "self-reference\n\nFor a more extensive discussion of Kripke’s theory, its successors and rivals, see the entry on  the liar paradox."
        },
        {
          "corpus_id": "sep",
          "title": "thomas-kuhn",
          "url": "https://plato.stanford.edu/entries/thomas-kuhn/",
          "score": 0.0,
          "snippet": "thomas-kuhn\n\nWhile this referentialist response to the incommensurability thesis was initially framed in Fregean terms (Scheffler 1967), it received further impetus from the work of Kripke (1980) and..."
        },
        {
          "corpus_id": "sep",
          "title": "prop-attitude-reports",
          "url": "https://plato.stanford.edu/entries/prop-attitude-reports/",
          "score": 0.0,
          "snippet": "prop-attitude-reports\n\nIn his 1980 (originally presented as a series of lectures in 1970) Saul Kripke argued that the reference of a name is not determined by identifying descriptions a speaker..."
        },
        {
          "corpus_id": "sep",
          "title": "social-construction-naturalistic",
          "url": "https://plato.stanford.edu/entries/social-construction-naturalistic/",
          "score": 0.0,
          "snippet": "social-construction-naturalistic\n\nThere is a different model of necessity for the constructionist, however, which is to hold that the necessity in question is revealed a posteriori by our..."
        },
        {
          "corpus_id": "sep",
          "title": "gene",
          "url": "https://plato.stanford.edu/entries/gene/",
          "score": 0.0,
          "snippet": "gene\n\nAbout the time when philosophers of science turned to biology, a new theory of meaning was widely discussed—the causal theory of reference (Kripke 1972; Putnam 1975; see entries on  reference..."
        },
        {
          "corpus_id": "sep",
          "title": "word-meaning",
          "url": "https://plato.stanford.edu/entries/word-meaning/",
          "score": 0.0,
          "snippet": "word-meaning\n\nSince the early 1970s, views on lexical meaning were revolutionized by semantic externalism. Initially, externalism was limited to proper names and natural kind words such as ‘gold’..."
        },
        {
          "corpus_id": "sep",
          "title": "natural-kinds",
          "url": "https://plato.stanford.edu/entries/natural-kinds/",
          "score": 0.0,
          "snippet": "natural-kinds\n\nTreating kinds as abstract individuals permits an analogue for natural kind terms to the natural story concerning the reference of singular proper names that emerges from Kripke’s..."
        },
        {
          "corpus_id": "sep",
          "title": "rigid-designators",
          "url": "https://plato.stanford.edu/entries/rigid-designators/",
          "score": 0.0,
          "snippet": "rigid-designators\n\nAnother theory of reference that was named about the time ‘rigid designator’ was coined, and that is widely associated with rigid designation, is the causal theory of..."
        },
        {
          "corpus_id": "sep",
          "title": "definitions",
          "url": "https://plato.stanford.edu/entries/definitions/",
          "score": 0.0,
          "snippet": "definitions\n\nis necessary. A name such as ‘Jack the Ripper’, Kripke argued, is rigid: it picks out the same individual across possible worlds; the description, on the other hand, is non-rigid...."
        },
        {
          "corpus_id": "sep",
          "title": "concepts",
          "url": "https://plato.stanford.edu/entries/concepts/",
          "score": 0.0,
          "snippet": "concepts\n\nConceptual atomism follows in the anti-descriptivist tradition that traces back to Saul Kripke, Hilary Putnam, and others working in the philosophy of language (see Kripke 1972/80, Putnam..."
        },
        {
          "corpus_id": "sep",
          "title": "names",
          "url": "https://plato.stanford.edu/entries/names/",
          "score": 0.0,
          "snippet": "names\n\nProper names are familiar expressions of natural language, whose semantics remains a contested subject. Do names have meanings, or do they simply refer to particular things without that..."
        },
        {
          "corpus_id": "sep",
          "title": "reference",
          "url": "https://plato.stanford.edu/entries/reference/",
          "score": 0.0,
          "snippet": "reference\n\nThe most popular option has been to pair a Millian semantics with a metasemantic picture adumbrated at roughly the same time by Peter Geach (1969), Keith Donnellan (1970), and the..."
        },
        {
          "corpus_id": "sep",
          "title": "reference",
          "url": "https://plato.stanford.edu/entries/reference/",
          "score": 0.0,
          "snippet": "reference\n\nAs Kripke points out, complications arise due to the fact that we can apparently re-use names. So, I may have come across the name ‘Napoleon’ via a chain of use leading back to the..."
        },
        {
          "corpus_id": "sep",
          "title": "theoretical-terms-science",
          "url": "https://plato.stanford.edu/entries/theoretical-terms-science/",
          "score": 0.0,
          "snippet": "theoretical-terms-science\n\nThis account has two particular merits. First, it is much closer to the way scientists understand and use theoretical terms than purely causal accounts. Because of this, it..."
        },
        {
          "corpus_id": "sep",
          "title": "theoretical-terms-science",
          "url": "https://plato.stanford.edu/entries/theoretical-terms-science/",
          "score": 0.0,
          "snippet": "theoretical-terms-science\n\nThe Pythagorean view shifts the problem of theoretical terms to the theory of meaning and reference for mathematical expressions. The question of how we are able to refer..."
        },
        {
          "corpus_id": "sep",
          "title": "theoretical-terms-science",
          "url": "https://plato.stanford.edu/entries/theoretical-terms-science/",
          "score": 0.0,
          "snippet": "theoretical-terms-science\n\nNow, there are three major accounts of reference and meaning that have been used, implicitly or explicitly, for the semantics of theoretical terms: (i) the descriptivist..."
        },
        {
          "corpus_id": "sep",
          "title": "information",
          "url": "https://plato.stanford.edu/entries/information/",
          "score": 0.0,
          "snippet": "information\n\nThe same people would probably have no problems with the statement that “Secret services sometimes distribute false information”, or with the sentence “The information provided by..."
        },
        {
          "corpus_id": "sep",
          "title": "information",
          "url": "https://plato.stanford.edu/entries/information/",
          "score": 0.0,
          "snippet": "information\n\nThe empiricists methodology is not without problems. The biggest issue is that all knowledge becomes probabilistic and a posteriori. Immanuel Kant (1724–1804) was one of the first to..."
        },
        {
          "corpus_id": "sep",
          "title": "information",
          "url": "https://plato.stanford.edu/entries/information/",
          "score": 0.0,
          "snippet": "information\n\nPhilosophy of Information deals with the philosophical analysis of the notion of information both from a historical and a systematic perspective. With the emergence of the empiricist..."
        }
      ],
      "source_score": {
        "matched": [
          "rigid-designators",
          "reference",
          "descriptions"
        ],
        "missing": [],
        "total_expected": 3,
        "ratio": 1.0
      },
      "fact_score": {
        "matched": [
          "causal-historical",
          "Kripke",
          "rigid designator",
          "initial baptism"
        ],
        "missing": [
          "reference borrowing",
          "qua-problem",
          "descriptivism"
        ],
        "total_expected": 7,
        "ratio": 0.5714286
      },
      "embed_ms": 0,
      "search_ms": 0,
      "corpora_hit": [
        "sep"
      ],
      "vector_eligible": true,
      "synth": {
        "answer": "Saul Kripke’s causal-historical theory of reference, primarily articulated in *Naming and Necessity* (1980), posits that the reference of a proper name is not determined by identifying descriptions associated with it by speakers, but rather by an objective historical chain linking current uses to an original act of naming.\n\n### The Core Mechanism: Baptism and Transmission\nThe standard case for how names refer involves two distinct stages [Source: meaning]. First, there is an initial \"baptism\"—an event where a language user gives a name to an object or individual, often through ostension (pointing) or stipulation [Source: reference; Source: rigid-designators]. For example, Kripke suggests that 'Albert Einstein' was introduced via such an inaugural act [Source: descriptions]. This baptism fixes the reference of the term as a \"rigid designator,\" meaning it picks out the same individual in all possible worlds, regardless of whether that individual satisfies the descriptions commonly associated with them (e.g., being a great physicist) [Source: definitions; Source: information].\n\nSecond, once baptized, the name is transmitted from speaker to speaker through communicative chains. Subsequent users do not need to possess any specific knowledge about the referent or associate any identifying description with the name. Instead, they succeed in referring because their use of the name is causally linked—via a chain of communication—to the original baptizing event [Source: reference; Source: word-meaning]. As Kripke notes, speakers \"borrow\" their reference from those earlier in the chain, provided they intend to use the name as it was used by the speakers they are picking it up from [Source: word-meaning]. This mechanism allows for successful reference even when speakers hold false beliefs about the referent (e.g., believing Aristotle was a great warrior rather than primarily a philosopher) [Source: word-meaning].\n\n### Handling Uncertain Initial Baptisms\nThe theory faces challenges when the initial baptism is uncertain or ambiguous. The passages indicate that Kripke’s model relies on an \"inaugurating stipulation\" that determines reference tyrannically [Source: names]. However, complications arise because we can apparently re-use existing names in new contexts. For instance, if one hears the name 'Napoleon' via a historical chain and then decides to call their cat 'Napoleon,' this act introduces a *new* use of the name (or a new specific name), even though it inherits its form from the historical tradition [Source: reference].\n\nIn cases where the original baptism is unclear—such as distinguishing between multiple potential referents during the dubbing—the theory suggests that not every causal connection counts equally toward fixing reference. Some connections help fix reference while others are irrelevant, but Kripke admits that \"a detailed account of all this has proven remarkably difficult to offer\" [Source: reference]. Furthermore, in scientific contexts involving theoretical terms, the initial introduction may be based on observable phenomena or effects rather than direct ostension of the entity itself (e.g., positing an entity as the cause of certain observations) [Source: realism-theory-change; Source: gene]. If the initial identification was flawed or ambiguous, later scientific investigation might identify a different underlying reality (the \"real essence\"), potentially shifting the reference if the causal link is re-established through expert communities who can unequivocally determine kind membership [Source: gene].\n\n### Handling Reference Shifts Over Time\nKripke’s original account makes no allowance for reference change within a single name's history. He argues that only one attribution is authoritative—the inaugural stipulation—and since no subsequent attribution can alter this, each apparent \"change\" in reference actually requires the institution of a new specific name with a new inaugural event [Source: names]. Thus, under strict Kripkean theory, 'Aristotle' rigidly designates the same man regardless of how our beliefs about him shift; if we discover he didn't teach Plato, the statement \"Aristotle taught Plato\" becomes false, but it remains *about* Aristotle [Source: theoretical-terms-science].\n\nHowever, later developments and critiques acknowledge that reference *can* shift. In philosophy of science, causal theories have been extended to handle cases where terms like 'mass' or 'caloric' might change referents due to radical theory changes (e.g., Newtonian vs. relativistic physics) [Source: thomas-kuhn]. While simple causal theory allows for continuity despite theory change, it does not guarantee it; shifts can occur on some causal accounts, such as those proposed by Gareth Evans [Source: thomas-kuhn]. To address empty names (like 'phlogiston') or shifting references in science, hybrid \"causal-descriptive\" theories were developed. These allow a descriptive component alongside the causal chain, enabling reference stability even when the initial descriptions are false or the entity is later found to be non-existent [Source: thomas-kuhn; Source: theoretical-terms-science].\n\nIn summary, Kripke’s theory handles uncertainty and shift primarily by rigidly anchoring reference to an original event, treating subsequent changes as either errors about that fixed referent or the creation of new names/uses. Where this proves inadequate—particularly for scientific terms—the model has been supplemented by hybrid approaches that incorporate descriptive constraints to manage reference change over time [Source: thomas-kuhn; Source: theoretical-terms-science].\n\n---\n*Verification note: these statements could not be confirmed against your sources — treat them as unverified:*\n- Kripke admits that providing a detailed account of how ambiguous causal connections fix reference has proven remarkably difficult.",
        "reasoning_chars": 0,
        "stream_wall_ms": 77925,
        "total_latency_ms": 73386,
        "intent": "DeepQuery",
        "source_origins": [
          "sep"
        ],
        "retrieved_chunk_count": 37,
        "chunks_fact_score": {
          "matched": [
            "causal-historical",
            "Kripke",
            "rigid designator",
            "initial baptism",
            "descriptivism"
          ],
          "missing": [
            "reference borrowing",
            "qua-problem"
          ],
          "total_expected": 7,
          "ratio": 0.71428573
        },
        "judge_fact_score": {
          "matched": [
            "causal-historical",
            "Kripke",
            "rigid designator",
            "initial baptism",
            "reference borrowing"
          ],
          "missing": [
            "qua-problem",
            "descriptivism"
          ],
          "total_expected": 7,
          "ratio": 0.71428573
        },
        "judge_evidence": [
          {
            "fact": "causal-historical",
            "present": true,
            "evidence": "\"Saul Kripke's causal-historical theory of reference... posits that the reference of a proper name is not determined by identifying descriptions associated with it by speakers, but rather by an objective historical chain linking current uses to an original act of naming.\""
          },
          {
            "fact": "Kripke",
            "present": true,
            "evidence": "\"Saul Kripke's causal-historical theory of reference...\""
          },
          {
            "fact": "rigid designator",
            "present": true,
            "evidence": "\"This baptism fixes the reference of the term as a 'rigid designator,' meaning it picks out the same individual in all possible worlds...\""
          },
          {
            "fact": "initial baptism",
            "present": true,
            "evidence": "\"First, there is an initial 'baptism'—an event where a language user gives a name to an object or individual...\""
          },
          {
            "fact": "reference borrowing",
            "present": true,
            "evidence": "\"As Kripke notes, speakers 'borrow' their reference from those earlier in the chain...\""
          },
          {
            "fact": "qua-problem",
            "present": false,
            "evidence": "(absent)"
          },
          {
            "fact": "descriptivism",
            "present": false,
            "evidence": "(absent)"
          }
        ]
      }
    },
    {
      "question_id": "dialectical_putnam_twin_earth_meaning",
      "category": "dialectical",
      "question": "What is Putnam's twin earth thought experiment, and what does the\nslogan 'meanings just ain't in the head' commit one to about the\nlocation of mental content?\n",
      "retrieved": [
        {
          "corpus_id": "sep",
          "title": "sep",
          "url": null,
          "score": 0.0,
          "snippet": "The text argues that narrow mental content is determined solely by an individual's intrinsic properties, distinct from broad content which depends on external factors like the environment. Using...",
          "source": "raptor"
        },
        {
          "corpus_id": "sep",
          "title": "sep",
          "url": null,
          "score": 0.0,
          "snippet": "The passages explore the philosophical concept of narrow content, contrasting it with broad content through thought experiments like Putnam's Twin Earth and Fodor's mapping conception. Narrow content...",
          "source": "raptor"
        },
        {
          "corpus_id": "sep",
          "title": "sep",
          "url": null,
          "score": 0.0,
          "snippet": "The passages advance the claim that phenomenal intentionality is necessary to explain aspects of mental content, such as aspectual shapes and determinacy, which cannot be fully accounted for by...",
          "source": "raptor"
        },
        {
          "corpus_id": "sep",
          "title": "sep",
          "url": null,
          "score": 0.0,
          "snippet": "The passages examine the philosophical debate between narrow mental content, defined by intrinsic properties independent of environment, and broad externalist views advanced by Hilary Putnam and...",
          "source": "raptor"
        },
        {
          "corpus_id": "sep",
          "title": "sep",
          "url": null,
          "score": 0.0,
          "snippet": "Hilary Putnam argues that the statement 'I am a brain in a vat' is self-refuting because its truth conditions depend on external causal connections to real brains and vats, which do not exist for an...",
          "source": "raptor"
        },
        {
          "corpus_id": "sep",
          "title": "sep",
          "url": null,
          "score": 0.0,
          "snippet": "Content externalism posits that mental content depends on individuation factors outside the individual, a view historically contextualized by figures like Sartre and Wittgenstein but most famously...",
          "source": "raptor"
        },
        {
          "corpus_id": "sep",
          "title": "sep",
          "url": null,
          "score": 0.0,
          "snippet": "Burge utilizes the arthritis example to illustrate how an individual can possess a concept despite holding false beliefs about its specific application, such as locating it in non-joint areas. This...",
          "source": "raptor"
        },
        {
          "corpus_id": "sep",
          "title": "sep",
          "url": null,
          "score": 0.0,
          "snippet": "The text introduces the Moral Twin Earth Objection by drawing an analogy to Hilary Putnam's causal regulation semantics regarding natural kinds like water. It highlights the distinction between...",
          "source": "raptor"
        },
        {
          "corpus_id": "sep",
          "title": "content-narrow",
          "url": "https://plato.stanford.edu/entries/content-narrow/",
          "score": 0.0,
          "snippet": "[Atlas highlights]\nArgument: Twin Earth argument (linguistic) [from content-narrow]\n  P1. Oscar on Earth and Twin Oscar are exact duplicates with identical intrinsic properties.\n  P2. On Earth,..."
        },
        {
          "corpus_id": "sep",
          "title": "computational-mind",
          "url": "https://plato.stanford.edu/entries/computational-mind/",
          "score": 0.0,
          "snippet": "[Atlas highlights]\nDefining Narrow Content (computational-mind): \"Narrow content is what remains of mental content when one factors out all external elements.\"\n\ncomputational-mind\n\nPutnam’s..."
        },
        {
          "corpus_id": "sep",
          "title": "content-externalism",
          "url": "https://plato.stanford.edu/entries/content-externalism/",
          "score": 0.0,
          "snippet": "[Atlas highlights]\nArgument: Twin Earth Argument (Putnam) [from content-externalism]\n  P1. You and your twin on Twin Earth are molecule-for-molecule duplicates with identical internal states.\n  P2...."
        },
        {
          "corpus_id": "sep",
          "title": "self-knowledge-externalism",
          "url": "https://plato.stanford.edu/entries/self-knowledge-externalism/",
          "score": 0.0,
          "snippet": "self-knowledge-externalism\n\nexternalism about the mind |  introspection |  self-knowledge |  skepticism: and content externalism"
        },
        {
          "corpus_id": "sep",
          "title": "content-externalism",
          "url": "https://plato.stanford.edu/entries/content-externalism/",
          "score": 0.0,
          "snippet": "[Atlas highlights]\nDefining narrow content (content-externalism): \"There is, some have argued, another type of content—narrow content—that is immune to these kinds of..."
        },
        {
          "corpus_id": "sep",
          "title": "naturalism-moral",
          "url": "https://plato.stanford.edu/entries/naturalism-moral/",
          "score": 0.0,
          "snippet": "[Atlas highlights]\nArgument: Moral Twin Earth Objection [from naturalism-moral]\n  P1. On causal reference theory, if different societies use moral terms regulated by different natural properties,..."
        },
        {
          "corpus_id": "sep",
          "title": "epiphenomenalism",
          "url": "https://plato.stanford.edu/entries/epiphenomenalism/",
          "score": 0.0,
          "snippet": "epiphenomenalism\n\n(1) Many philosophers hold an externalist view of intentionality, according to which intentionality requires representation, and representation depends on circumstances external to..."
        },
        {
          "corpus_id": "sep",
          "title": "mental-representation",
          "url": "https://plato.stanford.edu/entries/mental-representation/",
          "score": 0.0,
          "snippet": "mental-representation\n\nThis issue is widely taken to be of central importance, since psychological explanation, whether commonsense or scientific, is supposed to be both causal and content-based...."
        },
        {
          "corpus_id": "sep",
          "title": "computational-mind",
          "url": "https://plato.stanford.edu/entries/computational-mind/",
          "score": 0.0,
          "snippet": "[Atlas highlights]\nDefining language of thought (computational-mind): \"thinking occurs in a language of thought (sometimes called Mentalese).\"\n\ncomputational-mind\n\nHilary Putnam (1967) introduced..."
        },
        {
          "corpus_id": "sep",
          "title": "consciousness-intentionality",
          "url": "https://plato.stanford.edu/entries/consciousness-intentionality/",
          "score": 0.0,
          "snippet": "[Atlas highlights]\nArgument: Externalism about mental content (Kripke/Putnam/Burge) [from consciousness-intentionality]\n  P1. The reference and truth conditions of expressions are not determined by..."
        },
        {
          "corpus_id": "sep",
          "title": "skepticism-content-externalism",
          "url": "https://plato.stanford.edu/entries/skepticism-content-externalism/",
          "score": 0.0,
          "snippet": "skepticism-content-externalism\n\nDescartes, René |  epistemic closure |  externalism about the mind |  skepticism"
        },
        {
          "corpus_id": "sep",
          "title": "content-narrow",
          "url": "https://plato.stanford.edu/entries/content-narrow/",
          "score": 0.0,
          "snippet": "content-narrow\n\nAmong the earliest and most influential arguments for broad content were Hilary Putnam’s arguments in such essays as “The Meaning of ‘Meaning’” (1975). Putnam’s arguments..."
        },
        {
          "corpus_id": "sep",
          "title": "content-nonconceptual",
          "url": "https://plato.stanford.edu/entries/content-nonconceptual/",
          "score": 0.0,
          "snippet": "content-nonconceptual\n\nBoth possible world semantics and Russellian accounts of content are considered to be coarse grained accounts of content (in contrast to the Fregean fine grained account of..."
        },
        {
          "corpus_id": "sep",
          "title": "mental-representation",
          "url": "https://plato.stanford.edu/entries/mental-representation/",
          "score": 0.0,
          "snippet": "mental-representation\n\nOn the most common versions of externalism, though intentional contents are externally determined, mental representations themselves, and the states they partly constitute,..."
        },
        {
          "corpus_id": "sep",
          "title": "thought-experiment",
          "url": "https://plato.stanford.edu/entries/thought-experiment/",
          "score": 0.0,
          "snippet": "thought-experiment\n\nNot included are the many specialized papers that discuss a particular thought experiment in its systematic contribution to the discussion of a particular issue (such as..."
        },
        {
          "corpus_id": "sep",
          "title": "content-causal",
          "url": "https://plato.stanford.edu/entries/content-causal/",
          "score": 0.0,
          "snippet": "content-causal\n\nThird, these theories assume that it is possible to explain the origin of underived content without appeal to other semantic or contentful notions. So, it is assumed that there is..."
        },
        {
          "corpus_id": "sep",
          "title": "meaning",
          "url": "https://plato.stanford.edu/entries/meaning/",
          "score": 0.0,
          "snippet": "meaning\n\nThe two sorts of mentalist theories sketched above both try to explain meaning in terms of the relationship between linguistic expressions and propositional attitudes of users of the..."
        },
        {
          "corpus_id": "sep",
          "title": "self-knowledge-externalism",
          "url": "https://plato.stanford.edu/entries/self-knowledge-externalism/",
          "score": 0.0,
          "snippet": "self-knowledge-externalism\n\nWhat this indicates is that Oscar is unable to discriminate from the armchair whether assertions using ‘water’ have a water content versus a twin water content. As..."
        },
        {
          "corpus_id": "sep",
          "title": "realism-sem-challenge",
          "url": "https://plato.stanford.edu/entries/realism-sem-challenge/",
          "score": 0.0,
          "snippet": "realism-sem-challenge\n\nHow does Putnam prove we can know we are not brains in a vat? To understand Putnam’s argument, we need to first recall the ‘Twin-Earth’ considerations used to support..."
        },
        {
          "corpus_id": "sep",
          "title": "naturalism-moral",
          "url": "https://plato.stanford.edu/entries/naturalism-moral/",
          "score": 0.0,
          "snippet": "naturalism-moral\n\nImagine a world—Moral Twin Earth—that is exactly like the actual world, except on Moral Twin Earth, people’s use of moral terminology is causally regulated by different..."
        },
        {
          "corpus_id": "sep",
          "title": "content-narrow",
          "url": "https://plato.stanford.edu/entries/content-narrow/",
          "score": 0.0,
          "snippet": "content-narrow\n\nThe idea that mental content is broad is the idea that it is not determined entirely by an individual’s intrinsic properties, but is determined in part by features of the..."
        },
        {
          "corpus_id": "sep",
          "title": "content-narrow",
          "url": "https://plato.stanford.edu/entries/content-narrow/",
          "score": 0.0,
          "snippet": "content-narrow\n\nSince Oscar and Twin Oscar have exactly the same intrinsic properties, yet refer to different substances when they use their ‘water’-words, their intrinsic properties cannot..."
        },
        {
          "corpus_id": "sep",
          "title": "content-externalism",
          "url": "https://plato.stanford.edu/entries/content-externalism/",
          "score": 0.0,
          "snippet": "content-externalism\n\nDespite its seemingly outlandish nature, this twin earth thought experiment is just a way of making graphic a simple point. You and your twin are, as a matter of stipulation,..."
        },
        {
          "corpus_id": "sep",
          "title": "content-externalism",
          "url": "https://plato.stanford.edu/entries/content-externalism/",
          "score": 0.0,
          "snippet": "content-externalism\n\nDespite some initially over-exuberant formulations of Putnam (1975)—of the “Cut the pie any way you like, meaning just ain’t in the head”, variety—the correct..."
        },
        {
          "corpus_id": "sep",
          "title": "computational-mind",
          "url": "https://plato.stanford.edu/entries/computational-mind/",
          "score": 0.0,
          "snippet": "computational-mind\n\nAn old view, stretching back at least to William of Ockham’s Summa Logicae, holds that thinking occurs in a language of thought (sometimes called Mentalese). Fodor revives this..."
        },
        {
          "corpus_id": "sep",
          "title": "computational-mind",
          "url": "https://plato.stanford.edu/entries/computational-mind/",
          "score": 0.0,
          "snippet": "computational-mind\n\nRapid progress in computer science prompted many, including Turing, to contemplate whether we could build a computer capable of thought.  Artificial Intelligence (AI) aims to..."
        },
        {
          "corpus_id": "sep",
          "title": "naturalism-moral",
          "url": "https://plato.stanford.edu/entries/naturalism-moral/",
          "score": 0.0,
          "snippet": "naturalism-moral\n\nThis move might promise to account for much of the intuitive appeal of internalism while remaining fundamentally naturalistic. That would leave in place worries about the..."
        },
        {
          "corpus_id": "sep",
          "title": "naturalism-moral",
          "url": "https://plato.stanford.edu/entries/naturalism-moral/",
          "score": 0.0,
          "snippet": "naturalism-moral\n\nWhile the term ‘moral naturalism’ has a number of different meanings, it is most frequently used to describe naturalistic versions of moral realism. Moral realists hold that..."
        }
      ],
      "source_score": {
        "matched": [
          "content-externalism",
          "content-narrow"
        ],
        "missing": [
          "natural-kinds"
        ],
        "total_expected": 3,
        "ratio": 0.6666667
      },
      "fact_score": {
        "matched": [
          "twin earth",
          "Putnam",
          "XYZ",
          "water",
          "meanings just ain't in the head",
          "semantic externalism"
        ],
        "missing": [
          "wide content"
        ],
        "total_expected": 7,
        "ratio": 0.85714287
      },
      "embed_ms": 0,
      "search_ms": 0,
      "corpora_hit": [
        "sep"
      ],
      "vector_eligible": true,
      "synth": {
        "answer": "Hilary Putnam’s Twin Earth thought experiment, introduced in his 1975 essay \"The Meaning of 'Meaning',\" is designed to demonstrate that the meaning (and reference) of natural kind terms like \"water\" depends on external environmental factors rather than solely on an individual's internal mental state [Source: content-narrow].\n\n### The Thought Experiment\nPutnam asks us to imagine a planet called Twin Earth, which is molecule-for-molecule identical to Earth except for one crucial difference: while water on Earth has the chemical composition H2O, the clear, drinkable liquid found in Twin Earth's oceans and rivers is composed of a different substance, XYZ [Source: content-externalism][Source: computational-mind]. \n\nThe scenario typically posits two characters: Oscar on Earth and his exact duplicate, Twin Oscar, who lives on Twin Earth. Both are duplicates at every intrinsic level (molecule-for-molecule) and both use the word \"water\" to refer to the transparent liquid they encounter [Source: content-narrow][Source: content-externalism]. However, because their environments differ, what they are referring to differs: when Oscar says \"water,\" he refers to H2O; when Twin Oscar says \"water,\" he refers to XYZ [Source: content-narrow][Source: content-externalism].\n\n### The Slogan: 'Meanings Just Ain't in the Head'\nPutnam’s famous slogan, \"'meanings' just ain’t in the head!\" summarizes his conclusion that meaning is not determined by internal states alone (such as brain states or psychological dispositions) but is instead externally individuated [Source: content-narrow]. \n\nBecause Oscar and Twin Oscar have identical intrinsic properties yet mean different things by their use of the word \"water\" (one means H2O, the other means XYZ), Putnam argues that internal factors cannot suffice to determine reference. Therefore, if meanings are tied to references, meanings themselves must be broad rather than narrow—meaning they depend on facts about the external world [Source: content-narrow][Source: content-externalism].\n\n### Commitment Regarding the Location of Mental Content\nThe slogan commits one to **semantic externalism** regarding mental content—the view that mental content is not determined solely by what happens inside an individual's skull or biological boundaries [Source: content-externalism]. \n\nHowever, a critical distinction exists between *individuation* and *location*. While the slogan suggests meaning isn't \"in the head,\" this does not necessarily mean that thoughts or mental states are physically located outside the body. As noted in the sources, some philosophers (like Davidson) argue that while certain things can be externally individuated (e.g., sunburns depend on factors outside the skin), they remain internally located [Source: content-externalism]. Thus, Putnam’s argument primarily commits one to accepting that **mental content is individuated by external environmental factors** rather than committing one to the view that the physical mind extends beyond the brain [Source: computational-mind][Source: content-externalism].\n\nIn summary, Twin Earth demonstrates that identical internal duplicates can have different meanings because meaning depends on the actual nature of the environment (H2O vs. XYZ). The slogan \"meanings just ain't in the head\" therefore asserts that mental content is externally determined and not fixed solely by intrinsic properties [Source: content-narrow][Source: content-externalism].\n\n---\n*Verification note: these statements could not be confirmed against your sources — treat them as unverified:*\n- As noted in the sources, some philosophers (like Davidson) argue",
        "reasoning_chars": 0,
        "stream_wall_ms": 61427,
        "total_latency_ms": 55442,
        "intent": "DeepQuery",
        "source_origins": [
          "sep"
        ],
        "retrieved_chunk_count": 36,
        "chunks_fact_score": {
          "matched": [
            "twin earth",
            "Putnam",
            "water",
            "meanings just ain't in the head",
            "semantic externalism",
            "wide content"
          ],
          "missing": [
            "XYZ"
          ],
          "total_expected": 7,
          "ratio": 0.85714287
        },
        "judge_fact_score": {
          "matched": [
            "twin earth",
            "Putnam",
            "XYZ",
            "water",
            "meanings just ain't in the head",
            "semantic externalism",
            "wide content"
          ],
          "missing": [],
          "total_expected": 7,
          "ratio": 1.0
        },
        "judge_evidence": [
          {
            "fact": "twin earth",
            "present": true,
            "evidence": "\"Hilary Putnam's Twin Earth thought experiment...\" and \"Twin Oscar, who lives on Twin Earth.\""
          },
          {
            "fact": "Putnam",
            "present": true,
            "evidence": "\"Hilary Putnam's Twin Earth thought experiment, introduced in his 1975 essay 'The Meaning of 'Meaning,' is designed to demonstrate that the meaning (and reference) of natural kind terms like 'water' depends on external environmental factors rather than solely on an individual's internal mental state\""
          },
          {
            "fact": "XYZ",
            "present": true,
            "evidence": "...the clear, drinkable liquid found in Twin Earth's oceans and rivers is composed of a different substance, XYZ..."
          },
          {
            "fact": "water",
            "present": true,
            "evidence": "\"...natural kind terms like 'water' depends on external environmental factors..."
          },
          {
            "fact": "meanings just ain't in the head",
            "present": true,
            "evidence": "'meanings' just ain't in the head"
          },
          {
            "fact": "semantic externalism",
            "present": true,
            "evidence": "**semantic externalism** regarding mental content—the view that mental content is not determined solely by what happens inside an individual's skull"
          },
          {
            "fact": "wide content",
            "present": true,
            "evidence": "\"Therefore, if meanings are tied to references, meanings themselves must be broad rather than narrow\""
          }
        ]
      }
    },
    {
      "question_id": "argument_godel_incompleteness",
      "category": "argument_reconstruction",
      "question": "State Gödel's two incompleteness theorems and explain what philosophical\nlessons they have been taken to draw, separately, against logicism and\nagainst Hilbert's program.\n",
      "retrieved": [
        {
          "corpus_id": "sep",
          "title": "sep",
          "url": null,
          "score": 0.0,
          "snippet": "Gödel's incompleteness theorems establish fundamental limits on provability in formal axiomatic systems, demonstrating that sufficiently complex theories cannot be both complete and consistent. This...",
          "source": "raptor"
        },
        {
          "corpus_id": "sep",
          "title": "sep",
          "url": null,
          "score": 0.0,
          "snippet": "Gödel's incompleteness theorems demonstrate fundamental limits on provability within formal axiomatic theories, significantly impacting modern logic and the philosophy of mathematics. These results...",
          "source": "raptor"
        },
        {
          "corpus_id": "sep",
          "title": "sep",
          "url": null,
          "score": 0.0,
          "snippet": "The incompleteness theorems and related undecidability results were independently established by Gödel, Church, and Turing through distinct definitions of computable functions. These foundational...",
          "source": "raptor"
        },
        {
          "corpus_id": "sep",
          "title": "sep",
          "url": null,
          "score": 0.0,
          "snippet": "Kurt Gödel advanced foundational results in logic and set theory, notably the incompleteness theorems which refuted Hilbert's program. He supported these mathematical achievements with philosophical...",
          "source": "raptor"
        },
        {
          "corpus_id": "sep",
          "title": "sep",
          "url": null,
          "score": 0.0,
          "snippet": "Gödel's incompleteness theorems, which demonstrate that truth is undefinable within formal systems and challenge Hilbert’s program, were met with mixed reception ranging from quick assimilation to...",
          "source": "raptor"
        },
        {
          "corpus_id": "sep",
          "title": "sep",
          "url": null,
          "score": 0.0,
          "snippet": "Gödel's incompleteness theorems demonstrate that any consistent formal system capable of expressing elementary arithmetic is inherently incomplete and cannot prove its own consistency. These...",
          "source": "raptor"
        },
        {
          "corpus_id": "sep",
          "title": "sep",
          "url": null,
          "score": 0.0,
          "snippet": "Gödel's incompleteness theorems demonstrate that any sufficiently strong, consistent axiomatic system like P contains undecidable sentences constructed via arithmetization of syntax and the Diagonal...",
          "source": "raptor"
        },
        {
          "corpus_id": "sep",
          "title": "sep",
          "url": null,
          "score": 0.0,
          "snippet": "Hilbert's Program sought to secure mathematics by providing finitary consistency proofs for formal systems, but Gödel’s incompleteness theorems demonstrated that such a proof is impossible within...",
          "source": "raptor"
        },
        {
          "corpus_id": "sep",
          "title": "hilbert-program",
          "url": "https://plato.stanford.edu/entries/hilbert-program/",
          "score": 0.0,
          "snippet": "[Atlas highlights]\nDefining Hilbert's Program (hilbert-program): \"It calls for a formalization of all of mathematics in axiomatic form, together with a proof that this axiomatization of mathematics..."
        },
        {
          "corpus_id": "sep",
          "title": "goedel",
          "url": "https://plato.stanford.edu/entries/goedel/",
          "score": 0.0,
          "snippet": "[Atlas highlights]\nDefining Kurt Gödel (goedel): \"The natural number corresponding to a sequence w = < w0,…, wk > of symbols is where pk is the k+1st prime. It is called its Gödel number and..."
        },
        {
          "corpus_id": "sep",
          "title": "computability",
          "url": "https://plato.stanford.edu/entries/computability/",
          "score": 0.0,
          "snippet": "[Atlas highlights]\nDefining Incompleteness Theorem (computability): \"there is no complete and computable axiomatication of the first-order theory natural numbers.\"\n[Kurt Gödel (computability)]: \"the..."
        },
        {
          "corpus_id": "sep",
          "title": "proof-theory-development",
          "url": "https://plato.stanford.edu/entries/proof-theory-development/",
          "score": 0.0,
          "snippet": "[Atlas highlights]\n[Gödel (proof-theory-development)]: \"Godel proved the impossibility of a complete formaliZation of elementary arithmetic\"\n[Gentzen (proof-theory-development)]: \"introduction..."
        },
        {
          "corpus_id": "sep",
          "title": "weyl",
          "url": "https://plato.stanford.edu/entries/weyl/",
          "score": 0.0,
          "snippet": "[Atlas highlights]\n[Hilbert (weyl)]: \"so he hoped to show that the use of ideal propositions—even those of Cantorian set theory—would never lead to falsehoods among the real..."
        },
        {
          "corpus_id": "sep",
          "title": "logic-intuitionistic",
          "url": "https://plato.stanford.edu/entries/logic-intuitionistic/",
          "score": 0.0,
          "snippet": "[Atlas highlights]\nDefining Hilbert's formalist program (logic-intuitionistic): \"To justify classical mathematics by reducing it to formal system whose consistency should be established by finitistic..."
        },
        {
          "corpus_id": "sep",
          "title": "goedel-incompleteness",
          "url": "https://plato.stanford.edu/entries/goedel-incompleteness/",
          "score": 0.0,
          "snippet": "[Atlas highlights]\nArgument: Argument against logicism via incompleteness [from goedel-incompleteness]\n  P1. Logicism holds that mathematics can be reduced to logic (analytic truths).\n  P2. Gödel's..."
        },
        {
          "corpus_id": "sep",
          "title": "goedel",
          "url": "https://plato.stanford.edu/entries/goedel/",
          "score": 0.0,
          "snippet": "[Atlas highlights]\n[Kurt Gödel (goedel)]: \"This is a direct consequence o f realism, for if there ex ists a domai n of mathemati cal obje cts or conce pts, the n any meani ngful propositi on..."
        },
        {
          "corpus_id": "sep",
          "title": "logic-paraconsistent",
          "url": "https://plato.stanford.edu/entries/logic-paraconsistent/",
          "score": 0.0,
          "snippet": "[Atlas highlights]\nArgument: Paraconsistent response to Gödel's Incompleteness Theorem [from logic-paraconsistent]\n  P1. Gödel’s first theorem states that for any consistent, sound axiomatic..."
        },
        {
          "corpus_id": "sep",
          "title": "recursive-functions",
          "url": "https://plato.stanford.edu/entries/recursive-functions/",
          "score": 0.0,
          "snippet": "[Atlas highlights]\n[Gödel (recursive-functions)]: \"the incompleteness theorem which Gödel proved states that if P is ω-consistent...\"\nArgument: First Incompleteness Theorem Proof Sketch [from..."
        },
        {
          "corpus_id": "sep",
          "title": "logic-firstorder-emergence",
          "url": "https://plato.stanford.edu/entries/logic-firstorder-emergence/",
          "score": 0.0,
          "snippet": "logic-firstorder-emergence\n\nSo even if we imagine the philosophical Grundlagenkrise entirely removed from the picture, the technical results of the Hilbert school would not have been significantly..."
        },
        {
          "corpus_id": "sep",
          "title": "goedel-incompleteness",
          "url": "https://plato.stanford.edu/entries/goedel-incompleteness/",
          "score": 0.0,
          "snippet": "goedel-incompleteness\n\nOf the various fields of philosophy, Gödel’s theorems are obviously most immediately relevant for the philosophy of mathematics. To begin with, they pose, at least prima..."
        },
        {
          "corpus_id": "sep",
          "title": "hilbert-program",
          "url": "https://plato.stanford.edu/entries/hilbert-program/",
          "score": 0.0,
          "snippet": "hilbert-program\n\nGödel’s incompleteness theorems showed that Hilbert’s optimism was undue. In September 1930, Kurt Gödel announced his first incompleteness theorem at a conference in..."
        },
        {
          "corpus_id": "sep",
          "title": "philosophy-mathematics",
          "url": "https://plato.stanford.edu/entries/philosophy-mathematics/",
          "score": 0.0,
          "snippet": "philosophy-mathematics\n\nThen Kurt Gödel proved that there exist arithmetical statements that are undecidable in Peano Arithmetic (Gödel 1931). This has become known as his Gödel’s first..."
        },
        {
          "corpus_id": "sep",
          "title": "proof-theory",
          "url": "https://plato.stanford.edu/entries/proof-theory/",
          "score": 0.0,
          "snippet": "proof-theory\n\nIn 1931 Gödel published a paper (1931a) that showed that there are true arithmetic statements that cannot be proved in the formal system of Principia Mathematica, assuming PM to be..."
        },
        {
          "corpus_id": "sep",
          "title": "intuitionistic-logic-development",
          "url": "https://plato.stanford.edu/entries/intuitionistic-logic-development/",
          "score": 0.0,
          "snippet": "intuitionistic-logic-development\n\nGödel’s incompleteness theorems showed that Hilbert’s Program, in its most ambitious form, cannot succeed. Brouwer’s assistant Hurewicz discussed the..."
        },
        {
          "corpus_id": "sep",
          "title": "logic-intuitionistic",
          "url": "https://plato.stanford.edu/entries/logic-intuitionistic/",
          "score": 0.0,
          "snippet": "logic-intuitionistic\n\nGödel [1933e] interpreted these results as showing that intuitionistic logic and arithmetic are richer than classical logic and arithmetic, because the intuitionistic theory..."
        },
        {
          "corpus_id": "sep",
          "title": "proof-theory-development",
          "url": "https://plato.stanford.edu/entries/proof-theory-development/",
          "score": 0.0,
          "snippet": "proof-theory-development\n\nBoole, George |  computability and complexity |  epsilon calculus |  Frege, Gottlob |  Gödel, Kurt: incompleteness theorems |  Hilbert, David: program in the foundations of..."
        },
        {
          "corpus_id": "sep",
          "title": "weyl",
          "url": "https://plato.stanford.edu/entries/weyl/",
          "score": 0.0,
          "snippet": "weyl\n\nThe later impact of Gödel’s incompleteness theorems on Hilbert’s program led Weyl to remark in   1949:[32]"
        },
        {
          "corpus_id": "sep",
          "title": "computability",
          "url": "https://plato.stanford.edu/entries/computability/",
          "score": 0.0,
          "snippet": "computability\n\nIn his 1930 Ph.D. thesis, Gödel presented a complete axiomatization of first-order logic, based on the Principia Mathematica by Whitehead and Russell (Gödel 1930). Gödel proved his..."
        },
        {
          "corpus_id": "sep",
          "title": "hilbert-program",
          "url": "https://plato.stanford.edu/entries/hilbert-program/",
          "score": 0.0,
          "snippet": "hilbert-program\n\nIn the early 1920s, the German mathematician David Hilbert (1862–1943) put forward a new proposal for the foundation of classical mathematics which has come to be known as..."
        },
        {
          "corpus_id": "sep",
          "title": "hilbert-program",
          "url": "https://plato.stanford.edu/entries/hilbert-program/",
          "score": 0.0,
          "snippet": "hilbert-program\n\nHow do Gödel’s theorems impact Hilbert’s program? Through a careful (“Gödel”-) coding of sequences of symbols (formulas, proofs), Gödel showed that in theories \\(T\\) which..."
        },
        {
          "corpus_id": "sep",
          "title": "goedel",
          "url": "https://plato.stanford.edu/entries/goedel/",
          "score": 0.0,
          "snippet": "goedel\n\nGödel mentioned the possibility of the unsolvability of a question about the reals already in his 1929 thesis, in arguing against the formalist principle of Hilbert’s, that consistency is..."
        },
        {
          "corpus_id": "sep",
          "title": "goedel",
          "url": "https://plato.stanford.edu/entries/goedel/",
          "score": 0.0,
          "snippet": "goedel\n\nKurt Friedrich Gödel (b. 1906, d. 1978) was one of the principal founders of the modern, metamathematical era in mathematical logic. He is widely known for his Incompleteness Theorems, which..."
        },
        {
          "corpus_id": "sep",
          "title": "computability",
          "url": "https://plato.stanford.edu/entries/computability/",
          "score": 0.0,
          "snippet": "computability\n\nA mathematical problem is computable if it can be solved in principle by a computing device. Some common synonyms for “computable” are “solvable”, “decidable”, and..."
        },
        {
          "corpus_id": "sep",
          "title": "computability",
          "url": "https://plato.stanford.edu/entries/computability/",
          "score": 0.0,
          "snippet": "computability\n\nA year later, in 1931, Gödel shocked the mathematical world by proving his Incompleteness Theorem: there is no complete and computable axiomatization of the first-order theory of the..."
        },
        {
          "corpus_id": "sep",
          "title": "proof-theory-development",
          "url": "https://plato.stanford.edu/entries/proof-theory-development/",
          "score": 0.0,
          "snippet": "proof-theory-development\n\nIn pursuing his consistency program, Gentzen set as his first task the analysis of purely logical deduction, to be extended later to arithmetic and analysis. In his thesis..."
        },
        {
          "corpus_id": "sep",
          "title": "proof-theory-development",
          "url": "https://plato.stanford.edu/entries/proof-theory-development/",
          "score": 0.0,
          "snippet": "proof-theory-development\n\nThe development of   -->proof theory-->  can be naturally divided into: the prehistory of the notion of proof  in ancient logic and mathematics; the discovery by   Frege ..."
        }
      ],
      "source_score": {
        "matched": [
          "goedel-incompleteness",
          "goedel",
          "hilbert-program"
        ],
        "missing": [
          "frege-hilbert"
        ],
        "total_expected": 4,
        "ratio": 0.75
      },
      "fact_score": {
        "matched": [
          "first incompleteness",
          "second incompleteness",
          "Gödel",
          "Hilbert's program",
          "logicism",
          "consistency",
          "arithmetic"
        ],
        "missing": [
          "self-reference"
        ],
        "total_expected": 8,
        "ratio": 0.875
      },
      "embed_ms": 0,
      "search_ms": 0,
      "corpora_hit": [
        "sep"
      ],
      "vector_eligible": true,
      "synth": {
        "answer": "Based on the provided knowledge base, here are Gödel’s two incompleteness theorems and their philosophical implications for logicism and Hilbert's program.\n\n### 1. The Two Incompleteness Theorems\n\n**The First Incompleteness Theorem**\nThis theorem establishes that any consistent formal system capable of expressing elementary arithmetic is inherently incomplete [Source: proof-theory]. Specifically, it states that there exists an arithmetical statement (often called the Gödel sentence) which is true in the standard model but cannot be proved or refuted within the axiomatic system itself [Source: goedel; Source: computability]. As formulated by Gödel, if a fixed formal system $P$ with finitely many non-logical axioms sufficient for elementary number theory is $\\omega$-consistent, then there exists a formula $G_P$ such that neither $G_P$ nor its negation is provable from the axioms of $P$ [Source: recursive-functions]. The proof relies on \"arithmetization of syntax\" and diagonalization to construct self-referential sentences—essentially creating a sentence that says, \"This sentence is not provable\" within the system [Source: logic-paraconsistent; Source: sep].\n\n**The Second Incompleteness Theorem**\nThis theorem asserts that no consistent formal system capable of developing basic parts of arithmetic can prove its own consistency [Source: proof-theory]. If we let $\\text{Con}_T$ represent the statement asserting that theory $T$ is consistent (i.e., there is no derivation in $T$ of a contradiction like $0=1$), then Gödel’s second incompleteness theorem states that if $T$ is consistent, it cannot derive $\\text{Con}_T$ [Source: hilbert-program; Source: philosophy-mathematics]. This result applies to any effectively axiomatized theory containing elementary arithmetic [Source: proof-theory].\n\n### 2. Philosophical Lessons Against Logicism and Hilbert's Program\n\nThe two theorems are taken to draw distinct philosophical conclusions against these two foundational programs.\n\n**Against Logicism**\nLogicism holds that mathematics can be reduced entirely to logic—that all mathematical truths are analytic truths derivable from self-evident logical axioms via finite steps [Source: goedel-incompleteness]. The First Incompleteness Theorem is used as a direct counterexample to this view. If all mathematical truths were merely analytic consequences of logical principles, they would be provable within a consistent formal system capturing those principles [Source: goedel-incompleteness]. However, Gödel’s theorem demonstrates that there are true statements in arithmetic (such as the Gödel sentence) that cannot be proved within any such consistent formal system [Source: goedel-incompleteness; Source: proof-theory]. Therefore, it follows that either mathematics contains synthetic truths not derivable from logic alone, or the theory of integers is demonstrably non-analytic [Source: goedel-incompleteness]. This challenges the core logicist claim that mathematics is reducible to analytic truth.\n\n**Against Hilbert's Program**\nHilbert’s Program sought to secure classical mathematics by providing a finitary consistency proof for all mathematical axioms using only \"finitary\" methods—methods considered concrete and beyond doubt (such as primitive recursive reasoning) [Source: hilbert-program; Source: weyl]. The goal was to prove that no contradiction could be derived in higher mathematics, thereby justifying its use even if it involved ideal propositions not directly verifiable [Source: weyl].\n\nThe Second Incompleteness Theorem refutes this program under the plausible assumption that finitist mathematics is contained within formal arithmetic systems [Source: proof-theory]. If Hilbert had succeeded in proving the consistency of his system $T$ using finitary means, those finitary proofs would presumably be formalizable *within* the system $T$ itself [Source: hilbert-program]. However, Gödel’s second theorem proves that a consistent system cannot derive its own consistency statement ($\\text{Con}_T$) [Source: hilbert-program; Source: philosophy-mathematics]. Consequently, if the system is consistent, no such internal derivation (and thus no finitary consistency proof formalized within the theory) can exist. As noted by contemporaries like von Neumann and Bernays immediately after 1930–1931, this showed that Hilbert's optimism was \"undue\" because his specific ambition of securing mathematics via an internal finitary consistency proof was technically impossible [Source: hilbert-program; Source: intuitionistic-logic-development].\n\n### Summary\n*   **First Theorem:** Shows truth exceeds provability in any sufficiently strong formal system. This undermines **Logicism** by proving not all mathematical truths are analytic/derivable from logic alone.\n*   **Second Theorem:** Shows a consistent system cannot prove its own consistency. This refutes **Hilbert’s Program**, which relied on establishing the reliability of higher mathematics through finite, constructive proofs of consistency that could be formalized within arithmetic itself.",
        "reasoning_chars": 0,
        "stream_wall_ms": 74749,
        "total_latency_ms": 69395,
        "intent": "DeepQuery",
        "source_origins": [
          "sep"
        ],
        "retrieved_chunk_count": 36,
        "chunks_fact_score": {
          "matched": [
            "first incompleteness",
            "Gödel",
            "Hilbert's program",
            "logicism",
            "consistency",
            "arithmetic"
          ],
          "missing": [
            "second incompleteness",
            "self-reference"
          ],
          "total_expected": 8,
          "ratio": 0.75
        },
        "judge_fact_score": {
          "matched": [
            "first incompleteness",
            "second incompleteness",
            "Gödel",
            "Hilbert's program",
            "logicism",
            "consistency",
            "arithmetic",
            "self-reference"
          ],
          "missing": [],
          "total_expected": 8,
          "ratio": 1.0
        },
        "judge_evidence": [
          {
            "fact": "first incompleteness",
            "present": true,
            "evidence": "**The First Incompleteness Theorem**\nThis theorem establishes that any consistent formal system capable of expressing elementary arithmetic is inherently incomplete"
          },
          {
            "fact": "second incompleteness",
            "present": true,
            "evidence": "\"The Second Incompleteness Theorem asserts that no consistent formal system capable of developing basic parts of arithmetic can prove its own consistency\""
          },
          {
            "fact": "Gödel",
            "present": true,
            "evidence": "Based on the provided knowledge base, here are Gödel's two incompleteness theorems..."
          },
          {
            "fact": "Hilbert's program",
            "present": true,
            "evidence": "\"Hilbert's Program sought to secure classical mathematics by providing a finitary consistency proof for all mathematical axioms using only 'finitary' methods\""
          },
          {
            "fact": "logicism",
            "present": true,
            "evidence": "\"Logicism holds that mathematics can be reduced entirely to logic—that all mathematical truths are analytic truths derivable from self-evident logical axioms via finite steps\""
          },
          {
            "fact": "consistency",
            "present": true,
            "evidence": "\"This theorem asserts that no consistent formal system capable of developing basic parts of arithmetic can prove its own consistency\""
          },
          {
            "fact": "arithmetic",
            "present": true,
            "evidence": "any consistent formal system capable of expressing elementary arithmetic"
          },
          {
            "fact": "self-reference",
            "present": true,
            "evidence": "\"...creating a sentence that says, 'This sentence is not provable' within the system\""
          }
        ]
      }
    },
    {
      "question_id": "argument_rawls_original_position",
      "category": "argument_reconstruction",
      "question": "Reconstruct Rawls's original-position argument for the two principles of\njustice, and explain Nozick's entitlement-theory objection that the\nargument illegitimately privileges patterned over historical\nconceptions of justice.\n",
      "retrieved": [
        {
          "corpus_id": "sep",
          "title": "sep",
          "url": null,
          "score": 0.0,
          "snippet": "Nozick argues that historical entitlement principles, grounded in property rights and self-ownership, are superior to end-state or patterned theories of distributive justice. He contends that...",
          "source": "raptor"
        },
        {
          "corpus_id": "sep",
          "title": "sep",
          "url": null,
          "score": 0.0,
          "snippet": "John Rawls develops the original position as a hypothetical device to establish impartial principles of justice, grounding his theory in Kantian constructivism where objectivity arises from a...",
          "source": "raptor"
        },
        {
          "corpus_id": "sep",
          "title": "sep",
          "url": null,
          "score": 0.0,
          "snippet": "Rawls argues that parties in the original position should rationally adopt the maximin decision rule to select principles of justice, as this strategy secures their primary goods under conditions of...",
          "source": "raptor"
        },
        {
          "corpus_id": "sep",
          "title": "sep",
          "url": null,
          "score": 0.0,
          "snippet": "The text examines the arguments for principles of justice derived from the original position, specifically highlighting John Rawls's use of stability requirements through publicity and self-respect....",
          "source": "raptor"
        },
        {
          "corpus_id": "sep",
          "title": "sep",
          "url": null,
          "score": 0.0,
          "snippet": "John Rawls argues that justice as fairness is best justified through a hypothetical social contract established in an original position under a veil of ignorance. This framework ensures impartiality...",
          "source": "raptor"
        },
        {
          "corpus_id": "sep",
          "title": "sep",
          "url": null,
          "score": 0.0,
          "snippet": "John Rawls advances the claim that justice as fairness is best justified through a hypothetical social contract established in an original position characterized by a thick veil of ignorance. This...",
          "source": "raptor"
        },
        {
          "corpus_id": "sep",
          "title": "sep",
          "url": null,
          "score": 0.0,
          "snippet": "Rawls argues that in the original position, rational choice is constrained by reasonable moral principles, establishing a priority of right over the good. Parties are motivated to pursue their own...",
          "source": "raptor"
        },
        {
          "corpus_id": "sep",
          "title": "sep",
          "url": null,
          "score": 0.0,
          "snippet": "The passages contrast John Rawls's widely discussed theory of distributive justice with Robert Nozick’s Entitlement Theory, which asserts that a distribution is just if individuals are entitled to...",
          "source": "raptor"
        },
        {
          "corpus_id": "sep",
          "title": "original-position",
          "url": "https://plato.stanford.edu/entries/original-position/",
          "score": 0.0,
          "snippet": "[Atlas highlights]\n[T.M. Scanlon (original-position)]: \"Scanlon contends that since the arguments in the original position except maximim depend upon general acceptance... the original position is..."
        },
        {
          "corpus_id": "sep",
          "title": "justice-distributive",
          "url": "https://plato.stanford.edu/entries/justice-distributive/",
          "score": 0.0,
          "snippet": "[Atlas highlights]\nArgument: rectification impossibility objection [from justice-distributive]\n  P1. The numbers of injustices perpetrated throughout history are enormous.\n  P2. Necessary details of..."
        },
        {
          "corpus_id": "sep",
          "title": "justice",
          "url": "https://plato.stanford.edu/entries/justice/",
          "score": 0.0,
          "snippet": "[Atlas highlights]\nArgument: Nozick's Entitlement Theory (Historical) [from justice]\n  P1. A distribution is just if everyone within its scope is entitled to what they now own.\n  P2. Entitlement..."
        },
        {
          "corpus_id": "sep",
          "title": "original-position",
          "url": "https://plato.stanford.edu/entries/original-position/",
          "score": 0.0,
          "snippet": "original-position\n\nRawls makes four arguments in Theory, Part I for the principles of justice. The main argument for the difference principle is made later in section 49, and is substantially amended..."
        },
        {
          "corpus_id": "sep",
          "title": "nozick-political",
          "url": "https://plato.stanford.edu/entries/nozick-political/",
          "score": 0.0,
          "snippet": "nozick-political\n\nStill, by far the most philosophically important chapter of Part II is chapter 7, “Distributive Justice” in which Nozick seeks to counter the view that a more extensive state is..."
        },
        {
          "corpus_id": "sep",
          "title": "justice-distributive",
          "url": "https://plato.stanford.edu/entries/justice-distributive/",
          "score": 0.0,
          "snippet": "justice-distributive\n\nNozick does not make an attempt to provide a principle of rectification. The absence of such a principle is much worse for a historical theory than for a patterned theory. Past..."
        },
        {
          "corpus_id": "sep",
          "title": "rawls",
          "url": "https://plato.stanford.edu/entries/rawls/",
          "score": 0.0,
          "snippet": "rawls\n\nThe argument from the original position has two parts. In the first part, the parties agree to principles of justice. In the second part, the parties check that a society ordered by these..."
        },
        {
          "corpus_id": "sep",
          "title": "international-justice",
          "url": "https://plato.stanford.edu/entries/international-justice/",
          "score": 0.0,
          "snippet": "international-justice\n\nThe debate between libertarian and liberal theories of distributive justice is a long-standing one within analytic political philosophy; Robert Nozick’s Anarchy, State, and..."
        },
        {
          "corpus_id": "sep",
          "title": "justice",
          "url": "https://plato.stanford.edu/entries/justice/",
          "score": 0.0,
          "snippet": "justice\n\nTheories of justice can then be distinguished according to the relative weight they attach to procedures and substantive outcomes. Some theories are purely procedural in form. Robert Nozick..."
        },
        {
          "corpus_id": "sep",
          "title": "justice-virtue",
          "url": "https://plato.stanford.edu/entries/justice-virtue/",
          "score": 0.0,
          "snippet": "justice-virtue\n\nRawls’s positive view of justice is concerned primarily with the justice of institutions or (what he calls) the “basic structure” of society: justice as an individual virtue is..."
        },
        {
          "corpus_id": "sep",
          "title": "contractarianism-contemporary",
          "url": "https://plato.stanford.edu/entries/contractarianism-contemporary/",
          "score": 0.0,
          "snippet": "contractarianism-contemporary\n\nRawls, along with Gauthier and Buchanan, was sometimes attracted to such a reading. Rawls (1999, 104) describes the argument from the original position as invoking..."
        },
        {
          "corpus_id": "sep",
          "title": "rawls",
          "url": "https://plato.stanford.edu/entries/rawls/",
          "score": 0.0,
          "snippet": "rawls\n\nRawls describes the fundamental interests of a people as follows:"
        },
        {
          "corpus_id": "sep",
          "title": "reflective-equilibrium",
          "url": "https://plato.stanford.edu/entries/reflective-equilibrium/",
          "score": 0.0,
          "snippet": "reflective-equilibrium\n\nRawls insists that the principles that emerge from the Original Position must fit with our considered judgments about justice in wide reflective equilibrium. This constraint..."
        },
        {
          "corpus_id": "sep",
          "title": "autonomy-moral",
          "url": "https://plato.stanford.edu/entries/autonomy-moral/",
          "score": 0.0,
          "snippet": "autonomy-moral\n\nBut it is the Kantian brand of liberalism that places autonomy of persons at center stage. Rawls’s Theory of Justice was seen as the contemporary manifestation of this Kantian..."
        },
        {
          "corpus_id": "sep",
          "title": "justice-bad-luck",
          "url": "https://plato.stanford.edu/entries/justice-bad-luck/",
          "score": 0.0,
          "snippet": "justice-bad-luck\n\nThere are two reasons for narrowing the focus in this way. First, some end-result principles have been defended on the basis of considerations about luck. Thus it is often suggested..."
        },
        {
          "corpus_id": "sep",
          "title": "nozick-political",
          "url": "https://plato.stanford.edu/entries/nozick-political/",
          "score": 0.0,
          "snippet": "nozick-political\n\nThis account of the political philosophy of Robert Nozick is fundamentally an account of the rights-oriented libertarian doctrine that Nozick presents in Anarchy, State, and Utopia...."
        },
        {
          "corpus_id": "sep",
          "title": "william-david-ross",
          "url": "https://plato.stanford.edu/entries/william-david-ross/",
          "score": 0.0,
          "snippet": "william-david-ross\n\nRoss has a further argument against Rawls. Rawls’s theory contains two principles of justice, lexically ordered. His first principle outlining a set of basic rights takes..."
        },
        {
          "corpus_id": "sep",
          "title": "liberalism",
          "url": "https://plato.stanford.edu/entries/liberalism/",
          "score": 0.0,
          "snippet": "liberalism\n\nThus, Robert Nozick (1974: 160ff) famously classifies Rawls’s difference principle as patterned but not historical: prescribing a distribution while putting no moral weight on who..."
        },
        {
          "corpus_id": "sep",
          "title": "religion-politics",
          "url": "https://plato.stanford.edu/entries/religion-politics/",
          "score": 0.0,
          "snippet": "religion-politics\n\nFirst, Rawls' own position about the relation between coercive law and religious reasons has shifted. In Political Liberalism, Rawls admits that at one point he inclined toward..."
        },
        {
          "corpus_id": "sep",
          "title": "envy",
          "url": "https://plato.stanford.edu/entries/envy/",
          "score": 0.0,
          "snippet": "envy\n\nIn constructing the “original position” from which deliberators select principles of justice in A Theory of Justice, Rawls assumes that the imagined deliberators are not motivated by..."
        },
        {
          "corpus_id": "sep",
          "title": "original-position",
          "url": "https://plato.stanford.edu/entries/original-position/",
          "score": 0.0,
          "snippet": "original-position\n\nThe original position is a central feature of John Rawls’s social contract account of justice, “justice as fairness,” set forth in A Theory of Justice (TJ). The original..."
        },
        {
          "corpus_id": "sep",
          "title": "original-position",
          "url": "https://plato.stanford.edu/entries/original-position/",
          "score": 0.0,
          "snippet": "original-position\n\nHistorically the idea of a social contract had a more limited role than Rawls assigns to it. In Hobbes and Locke the social contract serves as an argument for the legitimacy of..."
        },
        {
          "corpus_id": "sep",
          "title": "justice",
          "url": "https://plato.stanford.edu/entries/justice/",
          "score": 0.0,
          "snippet": "justice\n\nThe problem for Rawls, however, is to show that the principles that would be selected in such an original position are in fact recognizable as principles of justice. One might expect the..."
        },
        {
          "corpus_id": "sep",
          "title": "justice",
          "url": "https://plato.stanford.edu/entries/justice/",
          "score": 0.0,
          "snippet": "justice\n\nWhen he turns to the distribution of income and wealth, Rawls has to show why his choosers would pick the difference principle, which considers only the position of the worst-off social..."
        },
        {
          "corpus_id": "sep",
          "title": "justice-distributive",
          "url": "https://plato.stanford.edu/entries/justice-distributive/",
          "score": 0.0,
          "snippet": "justice-distributive\n\nThe utilitarian objection to the Difference Principle is that it does not maximize utility. In A Theory of Justice, Rawls uses utilitarianism as the main theory for comparison..."
        },
        {
          "corpus_id": "sep",
          "title": "justice-distributive",
          "url": "https://plato.stanford.edu/entries/justice-distributive/",
          "score": 0.0,
          "snippet": "justice-distributive\n\nA related point can be made when people assert that economic structures and policy should be left to economists, or when people assert that economic policy can be pursued..."
        },
        {
          "corpus_id": "sep",
          "title": "nozick-political",
          "url": "https://plato.stanford.edu/entries/nozick-political/",
          "score": 0.0,
          "snippet": "nozick-political\n\nThere are four main topics that most deserve discussion with respect to Anarchy, State, and Utopia. They are: (1) the underpinning (if any) and the character and robustness of the..."
        },
        {
          "corpus_id": "sep",
          "title": "nozick-political",
          "url": "https://plato.stanford.edu/entries/nozick-political/",
          "score": 0.0,
          "snippet": "nozick-political\n\nSo, Nozick offers very much the same type of argument for the existence of some correct regulative principle for social interaction as Rawls does in A Theory of Justice. The..."
        }
      ],
      "source_score": {
        "matched": [
          "original-position",
          "rawls",
          "nozick-political",
          "justice-distributive"
        ],
        "missing": [],
        "total_expected": 4,
        "ratio": 1.0
      },
      "fact_score": {
        "matched": [
          "original position",
          "veil of ignorance",
          "Rawls",
          "two principles",
          "difference principle",
          "Nozick",
          "entitlement theory",
          "patterned"
        ],
        "missing": [],
        "total_expected": 8,
        "ratio": 1.0
      },
      "embed_ms": 0,
      "search_ms": 0,
      "corpora_hit": [
        "sep"
      ],
      "vector_eligible": true,
      "synth": {
        "answer": "John Rawls’s argument for the two principles of justice proceeds from a hypothetical social contract established in an **original position** [Source: original-position]. This device is designed to be a \"fair and impartial point of view\" where free and equal persons jointly agree upon fundamental principles of justice (TJ 587/514) [Source: original-position]. To ensure this agreement is unbiased, parties are placed behind a **\"veil of ignorance,\"** depriving them of all knowledge regarding their personal characteristics, social status, or historical circumstances [Source: original-position; Source: autonomy-moral].\n\nIn *A Theory of Justice*, Rawls argues that these rational choosers would select his two principles over utilitarian alternatives. The first principle guarantees **equal basic rights and liberties**, while the second ensures fair equality of opportunity and secures for everyone—especially the worst-off—a guaranteed minimum of primary goods through the **difference principle** (which permits inequalities only if they benefit the least advantaged) [Source: original-position; Source: justice-virtue]. To justify this choice under conditions of extreme uncertainty, Rawls initially relies on the **\"maximin\" rule**: parties will choose the option whose \"worst possible outcome is least bad,\" prioritizing a secure baseline of income and self-respect over potentially higher but riskier average gains [Source: justice; Source: sep].\n\nRobert Nozick’s entitlement theory objects to this framework by arguing that it illegitimately privileges patterned conceptions of justice. Nozick distinguishes between three types of distributive theories (Nozick 1974):\n*   **End-state theories** define justice based on an overall property of distribution at a specific time (e.g., egalitarianism or Rawls's difference principle) [Source: justice].\n*   **Patterned theories** match what each person receives to some individual feature, such as desert or need [Source: justice].\n*   **Historical theories**, which Nozick defends, ask only about the process by which the final outcome arose [Source: justice].\n\nFor Nozick, a distribution is just if everyone within its scope is entitled to their holdings through legitimate means—such as voluntary contract, gift, or initial acquisition from unowned resources like laboring on land [Source: justice; Source: nozick-political]. Consequently, [unverified excerpt: the shape of the final distribution is irrelevant] because justice depends entirely on the sequence of prior events that created it (Nozick 1974) [Source: justice]. \n\nRawls’s difference principle is classified by Nozick as **patterned** rather than historical. By prescribing how goods *should* be distributed regardless of who produced them, Rawls's theory ignores individual agency and production history [Source: liberalism]. Nozick argues that maintaining any such pattern inevitably requires continuous interference with individuals' voluntary choices—such as prohibiting people from giving money to entertainers or buying basketball tickets—which violates their liberty [Source: sep; Source: nozick-political]. Thus, Nozick contends that the original position illegitimately forces a substantive distributive outcome (a pattern) onto free agents whose entitlements are determined solely by the justice of past transactions.\n\nNot in your sources, but from general knowledge…\nNozick famously illustrated this objection using his \"Wilt Chamberlain\" example, arguing that if everyone starts with an equal distribution and then voluntarily pays small amounts to watch Wilt play basketball, resulting inequalities would be just because they arose from voluntary exchanges. Want me to search for more details on how Rawls responded to the Wilt Chamberlain argument?\n\n---\n*Verification note: these statements could not be confirmed against your sources — treat them as unverified:*\n- Wilt Chamberlain",
        "reasoning_chars": 0,
        "stream_wall_ms": 69609,
        "total_latency_ms": 63614,
        "intent": "DeepQuery",
        "source_origins": [
          "sep"
        ],
        "retrieved_chunk_count": 36,
        "chunks_fact_score": {
          "matched": [
            "original position",
            "veil of ignorance",
            "Rawls",
            "two principles",
            "difference principle",
            "Nozick",
            "entitlement theory",
            "patterned"
          ],
          "missing": [],
          "total_expected": 8,
          "ratio": 1.0
        },
        "judge_fact_score": {
          "matched": [
            "original position",
            "veil of ignorance",
            "Rawls",
            "two principles",
            "difference principle",
            "Nozick",
            "entitlement theory",
            "patterned"
          ],
          "missing": [],
          "total_expected": 8,
          "ratio": 1.0
        },
        "judge_evidence": [
          {
            "fact": "original position",
            "present": true,
            "evidence": "\"John Rawls's argument for the two principles of justice proceeds from a hypothetical social contract established in an **original position**\""
          },
          {
            "fact": "veil of ignorance",
            "present": true,
            "evidence": "\"To ensure this agreement is unbiased, parties are placed behind a 'veil of ignorance,' depriving them of all knowledge regarding their personal characteristics...\""
          },
          {
            "fact": "Rawls",
            "present": true,
            "evidence": "\"John Rawls's argument for the two principles of justice proceeds from a hypothetical social contract...\""
          },
          {
            "fact": "two principles",
            "present": true,
            "evidence": "\"John Rawls's argument for the two principles of justice proceeds from a hypothetical social contract...\""
          },
          {
            "fact": "difference principle",
            "present": true,
            "evidence": "\"...secures for everyone—especially the worst-off—a guaranteed minimum of primary goods through the difference principle (which permits inequalities only if they benefit the least advantaged)\""
          },
          {
            "fact": "Nozick",
            "present": true,
            "evidence": "\"Robert Nozick's entitlement theory objects to this framework...\""
          },
          {
            "fact": "entitlement theory",
            "present": true,
            "evidence": "\"Robert Nozick's entitlement theory objects to this framework by arguing that it illegitimately privileges patterned conceptions of justice.\""
          },
          {
            "fact": "patterned",
            "present": true,
            "evidence": "\"Nozick distinguishes between three types of distributive theories... Patterned theories match what each person receives to some individual feature, such as desert or need\""
          }
        ]
      }
    },
    {
      "question_id": "comparative_berlin_liberty",
      "category": "comparative",
      "question": "Compare Berlin's negative and positive conceptions of liberty, and\nexplain why Berlin thinks positive liberty is historically liable to\nauthoritarian inversion.\n",
      "retrieved": [
        {
          "corpus_id": "sep",
          "title": "berlin",
          "url": "https://plato.stanford.edu/entries/berlin/",
          "score": 0.0,
          "snippet": "berlin\n\nIn Two Concepts of Liberty Berlin sought to explain the difference between two (out of more than two hundred, he said) different ways of thinking about political liberty. These, he said, had..."
        },
        {
          "corpus_id": "sep",
          "title": "liberalism",
          "url": "https://plato.stanford.edu/entries/liberalism/",
          "score": 0.0,
          "snippet": "[Atlas highlights]\nDefining negative conception of liberty (liberalism): \"On this view, the opposite of freedom is domination. To be unfree is to be 'subject to the potentially capricious will or the..."
        },
        {
          "corpus_id": "sep",
          "title": "liberty-positive-negative",
          "url": "https://plato.stanford.edu/entries/liberty-positive-negative/",
          "score": 0.0,
          "snippet": "liberty-positive-negative\n\nThe idea of distinguishing between a negative and a positive sense of the term ‘liberty’ goes back at least to Kant, and was examined and defended in depth by Isaiah..."
        },
        {
          "corpus_id": "sep",
          "title": "liberty-positive-negative",
          "url": "https://plato.stanford.edu/entries/liberty-positive-negative/",
          "score": 0.0,
          "snippet": "liberty-positive-negative\n\nThe two sides identified by Berlin disagree over which of two different concepts best captures the political ideal of ‘liberty’. Does this fact not denote the presence..."
        },
        {
          "corpus_id": "sep",
          "title": "berlin",
          "url": "https://plato.stanford.edu/entries/berlin/",
          "score": 0.0,
          "snippet": "berlin\n\nThis account is subject to serious and plausible objections, on both historical and conceptual grounds. But beyond the considerable debates concerning the conceptual validity and historical..."
        },
        {
          "corpus_id": "sep",
          "title": "republicanism",
          "url": "https://plato.stanford.edu/entries/republicanism/",
          "score": 0.0,
          "snippet": "republicanism\n\nLiberals like Berlin have thus understandably rejected the positive and embraced the negative conception of liberty. The question remains, however, whether the received view of..."
        },
        {
          "corpus_id": "sep",
          "title": "green",
          "url": "https://plato.stanford.edu/entries/green/",
          "score": 0.0,
          "snippet": "green\n\nIn “Two Concepts of Liberty” Isaiah Berlin famously distinguishes between negative and positive liberty and criticizes various conceptions of positive freedom, including Green’s (1958:..."
        },
        {
          "corpus_id": "sep",
          "title": "anarchism",
          "url": "https://plato.stanford.edu/entries/anarchism/",
          "score": 0.0,
          "snippet": "anarchism\n\nIt is worth considering here, the complexity of the notion of liberty under consideration by appealing to Isaiah Berlin’s well-known distinction between negative and positive liberty..."
        },
        {
          "corpus_id": "sep",
          "title": "berlin",
          "url": "https://plato.stanford.edu/entries/berlin/",
          "score": 0.0,
          "snippet": "berlin\n\nA complete list of Berlin’s works is available in  Isaiah Berlin Online  and in the  Isaiah Berlin Virtual Library."
        },
        {
          "corpus_id": "sep",
          "title": "liberalism",
          "url": "https://plato.stanford.edu/entries/liberalism/",
          "score": 0.0,
          "snippet": "liberalism\n\nLiberals disagree, however, about the concept of liberty, and as a result the liberal ideal of protecting individual liberty can lead to different conceptions of the task of government...."
        },
        {
          "corpus_id": "sep",
          "title": "libertarianism",
          "url": "https://plato.stanford.edu/entries/libertarianism/",
          "score": 0.0,
          "snippet": "libertarianism\n\nanarchism |  liberalism |  liberty: positive and negative |  Locke, John |  Nozick, Robert: political philosophy |  property and ownership |  rights"
        },
        {
          "corpus_id": "sep",
          "title": "dewey-political",
          "url": "https://plato.stanford.edu/entries/dewey-political/",
          "score": 0.0,
          "snippet": "dewey-political\n\nThis account of the character and value of freedom was for Dewey, as for the Idealists and New Liberals that he drew on and for later writers on negative and positive liberty such as..."
        },
        {
          "corpus_id": "sep",
          "title": "liberty-positive-negative",
          "url": "https://plato.stanford.edu/entries/liberty-positive-negative/",
          "score": 0.0,
          "snippet": "liberty-positive-negative\n\nMuch of the more recent work on positive liberty has been motivated by a dissatisfaction with the ideal of negative liberty combined with an awareness of the possible..."
        },
        {
          "corpus_id": "sep",
          "title": "law-limits",
          "url": "https://plato.stanford.edu/entries/law-limits/",
          "score": 0.0,
          "snippet": "law-limits\n\nThere is a controversy here as to whether the negative liberty which Moore explicitly invokes (and which Devlin assumes) can ground the requisite prima facie reason against legal coercion..."
        },
        {
          "corpus_id": "sep",
          "title": "liberty-positive-negative",
          "url": "https://plato.stanford.edu/entries/liberty-positive-negative/",
          "score": 0.0,
          "snippet": "liberty-positive-negative\n\nWe began with a simple distinction between two concepts of liberty, and have progressed from this to the recognition that liberty might be defined in any number of ways,..."
        },
        {
          "corpus_id": "sep",
          "title": "berlin",
          "url": "https://plato.stanford.edu/entries/berlin/",
          "score": 0.0,
          "snippet": "berlin\n\nBerlin traced positive liberty back to theories that focus on the autonomy, or capacity for self-rule, of the  agent.[24]  Of these, he found Rousseau’s theory of liberty particularly..."
        },
        {
          "corpus_id": "sep",
          "title": "green",
          "url": "https://plato.stanford.edu/entries/green/",
          "score": 0.0,
          "snippet": "green\n\nBut Berlin’s criticisms misunderstand Green’s claims about freedom. For Green, negative liberty as noninterference is embodied in juridical freedom, and juridical freedom is an important..."
        },
        {
          "corpus_id": "sep",
          "title": "brouwer",
          "url": "https://plato.stanford.edu/entries/brouwer/",
          "score": 0.0,
          "snippet": "brouwer\n\nThe Berlin lectures of 1927 have been published in"
        },
        {
          "corpus_id": "sep",
          "title": "moral-relativism",
          "url": "https://plato.stanford.edu/entries/moral-relativism/",
          "score": 0.0,
          "snippet": "moral-relativism\n\nAgainst such a position, an objectivist may ask why we should think objective goods are incommensurable: If X and Y are both objectively good, then why not say that the statement..."
        },
        {
          "corpus_id": "sep",
          "title": "neurath",
          "url": "https://plato.stanford.edu/entries/neurath/",
          "score": 0.0,
          "snippet": "neurath\n\nHans Reichenbach, Carnap and Schlick’s ally in Berlin, was the leader of the Berlin Society for Scientific Philosophy, also known as the Berlin Circle, and hence was in personal and..."
        },
        {
          "corpus_id": "sep",
          "title": "liberalism",
          "url": "https://plato.stanford.edu/entries/liberalism/",
          "score": 0.0,
          "snippet": "liberalism\n\nBerlin, Isaiah |  Bosanquet, Bernard |  communitarianism |  conservatism |  contractarianism |  contractualism |  cosmopolitanism |  domination |  Enlightenment |  freedom: of association..."
        },
        {
          "corpus_id": "sep",
          "title": "liberalism",
          "url": "https://plato.stanford.edu/entries/liberalism/",
          "score": 0.0,
          "snippet": "liberalism\n\nThe republican conception of liberty is distinct from both Greenian positive and negative conceptions. Unlike Greenian positive liberty, republican liberty is not primarily concerned with..."
        },
        {
          "corpus_id": "sep",
          "title": "green",
          "url": "https://plato.stanford.edu/entries/green/",
          "score": 0.0,
          "snippet": "green\n\nThis gives the state not just negative duties to refrain from interfering with the freedoms and opportunities of its citizens but also positive duties to provide resources and opportunities..."
        },
        {
          "corpus_id": "sep",
          "title": "green",
          "url": "https://plato.stanford.edu/entries/green/",
          "score": 0.0,
          "snippet": "green\n\nGreen also thinks the Kantian dualism is unnecessary. The idealist can explain error. We can never have access to things-in-themselves. But we can have access to other appearances that, in..."
        }
      ],
      "source_score": {
        "matched": [
          "liberty-positive-negative",
          "berlin",
          "liberalism"
        ],
        "missing": [],
        "total_expected": 3,
        "ratio": 1.0
      },
      "fact_score": {
        "matched": [
          "negative liberty",
          "positive liberty",
          "Berlin",
          "Two Concepts of Liberty",
          "self-mastery",
          "authoritarian"
        ],
        "missing": [
          "MacCallum"
        ],
        "total_expected": 7,
        "ratio": 0.85714287
      },
      "embed_ms": 0,
      "search_ms": 0,
      "corpora_hit": [
        "sep"
      ],
      "vector_eligible": true,
      "synth": {
        "answer": "Based on the provided knowledge base, here is a comparison of Berlin’s two conceptions of liberty and an explanation for his warning regarding positive liberty.\n\n### Negative vs. Positive Liberty\nBerlin distinguishes between negative and positive liberty as two distinct ways of thinking about political freedom [Source: berlin]. \n\n*   **Negative Liberty:** This concept defines freedom as \"freedom from\" external constraints imposed by other people or the state [Source: berlin; Source: green]. It focuses exclusively on the absence of interference in the agent's sphere of action [Source: green]. \n*   **Positive Liberty:** This concept has multiple definitions within Berlin's framework. He initially defined it as \"freedom to\"—the ability (not just opportunity) to pursue one’s goals—and also as autonomy, self-rule, or self-determination [Source: berlin; Source: green]. Unlike negative liberty, which is a social and political relation between individuals, positive liberty often involves psychological dimensions, such as acting according to one’s \"true will\" rather than being controlled by impulses or cravings [Source: liberalism; Source: green].\n\n### The Risk of Authoritarian Inversion\nBerlin argues that while both concepts represent valid human values, the positive conception is historically liable to authoritarian inversion due to specific metaphysical assumptions. \n\n**1. The Division of the Self**\nPositive liberty relies on dividing the individual into two parts: an irrational lower self (driven by base desires) and a rational higher self (the true self) [Source: green]. Berlin contends that this distinction allows for the dangerous idea that if someone acts against their own rational interests—such as an alcoholic acting on craving—they are not truly free because they are being led by another will [Source: liberalism; Source: green].\n\n**2. State Coercion in the Name of Freedom**\nBecause the state or society can claim superior knowledge of what constitutes a person’s \"true\" rational interest, it may justify coercing individuals to act according to that higher will. By forcing people to obey laws or social norms deemed necessary for their perfection, authorities can paradoxically claim they are making those individuals more free [Source: green]. Berlin argues this is pernicious because it smuggles other moral goods (like perfection) under the guise of freedom while ignoring the actual costs to liberty [Source: green].\n\n**3. The General Will and Rousseau**\nBerlin traces the most dangerous historical example of this inversion to Jean-Jacques Rousseau [Source: berlin]. Rousseau equated self-rule with obedience to the \"general will\"—the common interest of all citizens—which was often independent of individual desires [Source: berlin; Source: liberalism]. By defining true freedom as alignment with this collective general will, any dissent could be labeled as delusion or unfreedom, thereby justifying authoritarian control in the name of liberation [Source: berlin]. \n\nIn summary, Berlin warns that positive liberty’s focus on autonomy and rational self-mastery can easily slide into collectivism and holism. When combined with metaphysical monism—the belief that there is one right answer to how people should live—positive liberty provides a philosophical justification for denying negative liberties (freedom from interference) under the pretense of achieving genuine human flourishing [Source: berlin].",
        "reasoning_chars": 0,
        "stream_wall_ms": 41765,
        "total_latency_ms": 38373,
        "intent": "DeepQuery",
        "source_origins": [
          "sep"
        ],
        "retrieved_chunk_count": 24,
        "chunks_fact_score": {
          "matched": [
            "negative liberty",
            "positive liberty",
            "Berlin",
            "Two Concepts of Liberty"
          ],
          "missing": [
            "self-mastery",
            "authoritarian",
            "MacCallum"
          ],
          "total_expected": 7,
          "ratio": 0.5714286
        },
        "judge_fact_score": {
          "matched": [
            "negative liberty",
            "positive liberty",
            "Berlin",
            "Two Concepts of Liberty",
            "self-mastery",
            "authoritarian"
          ],
          "missing": [
            "MacCallum"
          ],
          "total_expected": 7,
          "ratio": 0.85714287
        },
        "judge_evidence": [
          {
            "fact": "negative liberty",
            "present": true,
            "evidence": "\"Berlin distinguishes between negative and positive liberty as two distinct ways of thinking about political freedom\""
          },
          {
            "fact": "positive liberty",
            "present": true,
            "evidence": "\"Berlin distinguishes between negative and positive liberty as two distinct ways of thinking about political freedom\""
          },
          {
            "fact": "Berlin",
            "present": true,
            "evidence": "\"Berlin distinguishes between negative and positive liberty as two distinct ways of thinking about political freedom\""
          },
          {
            "fact": "Two Concepts of Liberty",
            "present": true,
            "evidence": "Berlin distinguishes between negative and positive liberty as two distinct ways of thinking about political freedom"
          },
          {
            "fact": "self-mastery",
            "present": true,
            "evidence": "\"In summary, Berlin warns that positive liberty's focus on autonomy and rational self-mastery can easily slide into collectivism...\""
          },
          {
            "fact": "authoritarian",
            "present": true,
            "evidence": "\"Berlin argues that while both concepts represent valid human values, the positive conception is historically liable to authoritarian inversion due to specific metaphysical assumptions.\""
          },
          {
            "fact": "MacCallum",
            "present": false,
            "evidence": "(absent)"
          }
        ]
      }
    },
    {
      "question_id": "contested_no_miracles_scientific_realism",
      "category": "contested",
      "question": "Reconstruct the no-miracles argument for scientific realism, and explain\nthe pessimistic meta-induction response. Which other contemporary\npositions (constructive empiricism, structural realism) try to thread\nbetween them?\n",
      "retrieved": [
        {
          "corpus_id": "sep",
          "title": "sep",
          "url": null,
          "score": 0.0,
          "snippet": "The passages analyze the pessimistic induction argument, which challenges scientific realism by citing historical instances of successful yet false theories. Realists counter this skepticism through...",
          "source": "raptor"
        },
        {
          "corpus_id": "sep",
          "title": "sep",
          "url": null,
          "score": 0.0,
          "snippet": "The text examines the pessimistic induction against scientific realism by analyzing historical lists of successful yet false theories proposed by Laudan, Lyons, and Vickers. It critiques Psillos's...",
          "source": "raptor"
        },
        {
          "corpus_id": "sep",
          "title": "sep",
          "url": null,
          "score": 0.0,
          "snippet": "The text examines various forms of scientific realism, including explanationist, entity, and structural realism, which rely on selectivity to justify belief in unobservables based on explanatory...",
          "source": "raptor"
        },
        {
          "corpus_id": "sep",
          "title": "sep",
          "url": null,
          "score": 0.0,
          "snippet": "Constructive empiricism is presented as an anti-realist alternative to scientific realism, asserting that the goal of science is empirical adequacy rather than truth. Proponents argue this stance...",
          "source": "raptor"
        },
        {
          "corpus_id": "sep",
          "title": "sep",
          "url": null,
          "score": 0.0,
          "snippet": "The text examines the Pessimistic Induction argument, which posits that past scientific theories were false and thus current ones are likely to be superseded. Various philosophers challenge this view...",
          "source": "raptor"
        },
        {
          "corpus_id": "sep",
          "title": "sep",
          "url": null,
          "score": 0.0,
          "snippet": "The text explores the philosophical debate on predictivism, which posits that novel predictions offer stronger confirmation for scientific theories than accommodated data. Proponents like Karl Popper...",
          "source": "raptor"
        },
        {
          "corpus_id": "sep",
          "title": "sep",
          "url": null,
          "score": 0.0,
          "snippet": "Scientific realism is characterized as a multifaceted position involving metaphysical commitment to mind-independent entities, semantic literalism regarding theoretical claims, and epistemic...",
          "source": "raptor"
        },
        {
          "corpus_id": "sep",
          "title": "sep",
          "url": null,
          "score": 0.0,
          "snippet": "The text examines the historical challenge to scientific realism, primarily through Larry Laudan's pessimistic induction which argues that past empirically successful theories were false. Realists...",
          "source": "raptor"
        },
        {
          "corpus_id": "sep",
          "title": "constructive-empiricism",
          "url": "https://plato.stanford.edu/entries/constructive-empiricism/",
          "score": 0.0,
          "snippet": "[Atlas highlights]\nArgument: Miracle Argument [from constructive-empiricism]\n  P1. If scientific theories are false, their empirical success would be miraculous.\n  P2. Scientific realism explains..."
        },
        {
          "corpus_id": "sep",
          "title": "structural-realism",
          "url": "https://plato.stanford.edu/entries/structural-realism/",
          "score": 0.0,
          "snippet": "structural-realism\n\nScientific realism is the view that we ought to believe in the unobservable entities posited by our most successful scientific theories. It is widely held that the most powerful..."
        },
        {
          "corpus_id": "sep",
          "title": "constructive-empiricism",
          "url": "https://plato.stanford.edu/entries/constructive-empiricism/",
          "score": 0.0,
          "snippet": "constructive-empiricism\n\nOne way that the constructive empiricist might indirectly support constructive empiricism is by taking issue with Hilary Putnam’s miracle argument for scientific realism...."
        },
        {
          "corpus_id": "sep",
          "title": "scientific-realism",
          "url": "https://plato.stanford.edu/entries/scientific-realism/",
          "score": 0.0,
          "snippet": "scientific-realism\n\nVan Fraassen (1980) reinvented empiricism in the scientific context, evading many of the challenges faced by logical empiricism by adopting a realist semantics. His position,..."
        },
        {
          "corpus_id": "sep",
          "title": "realism-theory-change",
          "url": "https://plato.stanford.edu/entries/realism-theory-change/",
          "score": 0.0,
          "snippet": "realism-theory-change\n\nThese kinds of question have played a major role in the scientific realism debate. The challenge to scientific realism is supposed to come directly from the history of science...."
        },
        {
          "corpus_id": "sep",
          "title": "prediction-accommodation",
          "url": "https://plato.stanford.edu/entries/prediction-accommodation/",
          "score": 0.0,
          "snippet": "prediction-accommodation\n\nScientific realism holds that there is sufficient evidence to believe that the theories of the ‘mature sciences’ are at least approximately true. Appeals to novelty have..."
        },
        {
          "corpus_id": "sep",
          "title": "realism-sem-challenge",
          "url": "https://plato.stanford.edu/entries/realism-sem-challenge/",
          "score": 0.0,
          "snippet": "realism-sem-challenge\n\nIf metaphysical realism is to be tenable, it must be possible for even the best theories to be mistaken. Or so metaphysical realists have thought. Whence, such realists reject..."
        },
        {
          "corpus_id": "sep",
          "title": "constructive-empiricism",
          "url": "https://plato.stanford.edu/entries/constructive-empiricism/",
          "score": 0.0,
          "snippet": "[Atlas highlights]\nDefining Constructive empiricism (constructive-empiricism): \"Science aims to give us theories which are empirically adequate; and acceptance of a theory involves as belief only..."
        },
        {
          "corpus_id": "sep",
          "title": "structure-scientific-theories",
          "url": "https://plato.stanford.edu/entries/structure-scientific-theories/",
          "score": 0.0,
          "snippet": "structure-scientific-theories\n\nCarnap, Rudolf |  cognitive science |  confirmation |  Darwinism |  empiricism: logical |  feminist philosophy, interventions: epistemology and philosophy of science | ..."
        },
        {
          "corpus_id": "sep",
          "title": "scientific-underdetermination",
          "url": "https://plato.stanford.edu/entries/scientific-underdetermination/",
          "score": 0.0,
          "snippet": "scientific-underdetermination\n\nconfirmation |  constructive empiricism |  Duhem, Pierre |  epistemology: naturalism in |  feminist philosophy, interventions: epistemology and philosophy of science | ..."
        },
        {
          "corpus_id": "sep",
          "title": "scientific-progress",
          "url": "https://plato.stanford.edu/entries/scientific-progress/",
          "score": 0.0,
          "snippet": "scientific-progress\n\nThe scientific realist may continue this line of thought by arguing that all measures of empirical success in fact are at best indicators of real cognitive progress, measured in..."
        },
        {
          "corpus_id": "sep",
          "title": "fictionalism",
          "url": "https://plato.stanford.edu/entries/fictionalism/",
          "score": 0.0,
          "snippet": "fictionalism\n\nabstract objects |  cognitivism vs. non-cognitivism, moral |  constructive empiricism |  fictionalism: modal |  imagination |  impossible worlds |  logic and ontology |  mathematics,..."
        },
        {
          "corpus_id": "sep",
          "title": "metaepistemology",
          "url": "https://plato.stanford.edu/entries/metaepistemology/",
          "score": 0.0,
          "snippet": "metaepistemology\n\nWhereas Cuneo’s and Boghossian’s respective cases for metaepistemological realism are negative in that they rest principally on challenging the credentials of various forms of..."
        },
        {
          "corpus_id": "sep",
          "title": "feigl",
          "url": "https://plato.stanford.edu/entries/feigl/",
          "score": 0.0,
          "snippet": "feigl\n\nIt is commonly supposed that logical empiricism and scientific realism are systematically at odds. However, Feigl’s diverse contributions to the scientific realism debate just suggest the..."
        },
        {
          "corpus_id": "sep",
          "title": "phil-science-latin-america",
          "url": "https://plato.stanford.edu/entries/phil-science-latin-america/",
          "score": 0.0,
          "snippet": "phil-science-latin-america\n\nChristián Carman worked extensively on the problem of realism in science. He offered a detailed elucidation of the term “scientific realism” (2005a), and he..."
        },
        {
          "corpus_id": "sep",
          "title": "scientific-realism",
          "url": "https://plato.stanford.edu/entries/scientific-realism/",
          "score": 0.0,
          "snippet": "[Atlas highlights]\nDefining miracle argument (scientific-realism): \"realism 'is the only philosophy that doesn’t make the success of science a miracle'.\"\n[miracle argument (scientific-realism)]:..."
        },
        {
          "corpus_id": "sep",
          "title": "induction-problem",
          "url": "https://plato.stanford.edu/entries/induction-problem/",
          "score": 0.0,
          "snippet": "induction-problem\n\nIn assessing this argument, it is helpful to distinguish between levels at which the principle of induction can be applied. Following Skyrms (2000), we may distinguish between..."
        },
        {
          "corpus_id": "sep",
          "title": "carnap",
          "url": "https://plato.stanford.edu/entries/carnap/",
          "score": 0.0,
          "snippet": "carnap\n\nFrom the Aufbau (see the supplement  Aufbau (Section 2)  on Carnap’s early structuralism) to his mature reconstruction of scientific theories (see the supplement  The Reconstruction of..."
        },
        {
          "corpus_id": "sep",
          "title": "realism-sem-challenge",
          "url": "https://plato.stanford.edu/entries/realism-sem-challenge/",
          "score": 0.0,
          "snippet": "realism-sem-challenge\n\nWhat matters here is not Carnap’s sense of a commensurability between a metaphysical thesis about reality and a practical decision to speak only about observable things, but..."
        },
        {
          "corpus_id": "sep",
          "title": "metaepistemology",
          "url": "https://plato.stanford.edu/entries/metaepistemology/",
          "score": 0.0,
          "snippet": "[Atlas highlights]\nArgument: pro-realist argument against anti-realism [from metaepistemology]\n  P1. Metaepistemological anti-realism, in one or more forms, is implausible or incoherent.\n  P2...."
        },
        {
          "corpus_id": "sep",
          "title": "constructive-empiricism",
          "url": "https://plato.stanford.edu/entries/constructive-empiricism/",
          "score": 0.0,
          "snippet": "constructive-empiricism\n\nOne of the reasons constructive empiricism is viewed as significant is that it carries on the tradition of the logical positivists without being saddled with the problematic..."
        },
        {
          "corpus_id": "sep",
          "title": "scientific-realism",
          "url": "https://plato.stanford.edu/entries/scientific-realism/",
          "score": 0.0,
          "snippet": "scientific-realism\n\nContemporary discussion commonly focuses on Laudan’s (1981) argument to the effect that the history of science furnishes vast evidence of empirically successful theories that..."
        },
        {
          "corpus_id": "sep",
          "title": "scientific-realism",
          "url": "https://plato.stanford.edu/entries/scientific-realism/",
          "score": 0.0,
          "snippet": "scientific-realism\n\nIn just the way that some authors suggest that the miracle argument is an instance of fallacious reasoning—the base rate fallacy (see  section 2.1)—some  suggest that the..."
        },
        {
          "corpus_id": "sep",
          "title": "structural-realism",
          "url": "https://plato.stanford.edu/entries/structural-realism/",
          "score": 0.0,
          "snippet": "structural-realism\n\nThe power of the arguments against scientific realism from theory change is that, rather than being a priori and theoretical, they are empirically based and their premises are..."
        },
        {
          "corpus_id": "sep",
          "title": "structural-realism",
          "url": "https://plato.stanford.edu/entries/structural-realism/",
          "score": 0.0,
          "snippet": "structural-realism\n\nThe most common realist response to this argument is to restrict realism to theories with some further properties (usually, maturity, and novel predictive success) so as to cut..."
        },
        {
          "corpus_id": "sep",
          "title": "structural-realism",
          "url": "https://plato.stanford.edu/entries/structural-realism/",
          "score": 0.0,
          "snippet": "structural-realism\n\nLadyman (1998) distinguished epistemic and ontic forms of structural realism, and many of those who have taken up structural realism have been philosophers of physics who have..."
        },
        {
          "corpus_id": "sep",
          "title": "realism-theory-change",
          "url": "https://plato.stanford.edu/entries/realism-theory-change/",
          "score": 0.0,
          "snippet": "realism-theory-change\n\nTurning Brunetière’s argument on its head, Richet formulated what might be called an ‘optimistic induction’ based on the then recent history of scientific successes. To..."
        },
        {
          "corpus_id": "sep",
          "title": "realism-theory-change",
          "url": "https://plato.stanford.edu/entries/realism-theory-change/",
          "score": 0.0,
          "snippet": "realism-theory-change\n\nThis argument engages the history of theory-change in science in a substantial way. As Hesse admitted, the Principle of No Privilege arises “from accepting the induction from..."
        },
        {
          "corpus_id": "sep",
          "title": "realism-theory-change",
          "url": "https://plato.stanford.edu/entries/realism-theory-change/",
          "score": 0.0,
          "snippet": "realism-theory-change\n\nThe problem with this kind of argument is that the historical premise should be borne out by the actual history of theory-change in science. It’s not enough to say that..."
        }
      ],
      "source_score": {
        "matched": [
          "scientific-realism",
          "scientific-underdetermination"
        ],
        "missing": [],
        "total_expected": 2,
        "ratio": 1.0
      },
      "fact_score": {
        "matched": [
          "no miracles argument",
          "Putnam",
          "pessimistic meta-induction",
          "Laudan",
          "scientific realism",
          "constructive empiricism",
          "van Fraassen",
          "structural realism"
        ],
        "missing": [
          "Worrall"
        ],
        "total_expected": 9,
        "ratio": 0.8888889
      },
      "embed_ms": 0,
      "search_ms": 0,
      "corpora_hit": [
        "sep"
      ],
      "vector_eligible": true,
      "synth": {
        "answer": "The no-miracles argument and the pessimistic meta-induction represent two of the most powerful opposing forces in contemporary philosophy of science. The former argues that realism is required to explain scientific success; the latter argues that history shows such success does not guarantee truth. Constructive empiricism and structural realism attempt to navigate between these poles by redefining what it means for a theory to be \"good\" or \"true.\"\n\n### 1. The No-Miracles Argument\nAttributed primarily to Hilary Putnam, the no-miracles (or miracle) argument serves as the central intuition motivating scientific realism [Source: scientific-realism]. It operates as an inference to the best explanation regarding why our mature scientific theories are so extraordinarily successful at empirical predictions, retrodictions, and causal manipulations of phenomena [Source: scientific-realism; Source: constructive-empiricism]. \n\nThe logical structure is straightforward:\n*   **Premise:** If our best scientific theories were false (or far from the truth), their massive empirical success would be a \"miracle\" or coincidence. \n*   **Explanation:** The only non-miraculous explanation for this success is that the theories are true, approximately true, or correctly describe mind-independent entities and laws [Source: scientific-realism; Source: constructive-empiricism].\n*   **Conclusion:** Therefore, we should accept scientific realism as the view that mature theories are at least approximately true descriptions of the world [Source: constructive-empiricism; Source: structural-realism].\n\nPutnam famously claimed that realism [unverified excerpt: is the only philosophy that doesn’t make the success of science a miracle,] arguing that it provides part of the necessary scientific description of why science works so well [Source: constructive-empiricism; Source: scientific-realism]. \n\n### 2. The Pessimistic Meta-Induction Response\nThe pessimistic meta-induction (PI) is widely considered one of the most powerful historical arguments against scientific realism [Source: structural-realism]. It challenges the realist's epistemic optimism by pointing out that the history of science is filled with theories that were empirically successful in their time but are now known to be false and abandoned [Source: realism-theory-change].\n\nFormulated prominently by Larry Laudan, the argument proceeds as follows: \n*   **Historical Premise:** Many past mature theories enjoyed significant empirical success yet had central unobservable terms that do not refer and cannot be regarded as approximately true (e.g., caloric theory or ether theory) [Source: scientific-realism; Source: structural-realism].\n*   **Inductive Leap:** If those highly successful past theories turned out to be false regarding their core ontology, it is rational to expect our current best theories will also eventually be rejected.\n*   **Conclusion:** We ought not assent to the truth of our current best theories because they are likely just another temporary stepping stone in history-of-science courses [Source: realism-theory-change; Source: structural-realism].\n\nRealists have attempted various defenses against this argument. Some argue that the pessimistic induction commits a base rate fallacy by ignoring how many true theories exist compared to false ones [Source: scientific-realism]. Others restrict the realist's claim only to \"mature\" or novel-predictive theories (though realists must still explain why discarded mature theories like ether were successful) [Source: structural-realism]. \n\n### 3. Constructive Empiricism\nConstructive empiricism, developed by Bas van Fraassen, offers an anti-realist alternative designed to accept science’s success without accepting its metaphysical claims [Source: constructive-empiricism; Source: sep]. It attempts to thread between realism and skepticism by redefining the aim of science.\n\n*   **The Middle Path:** Van Fraassen argues that we do not need to believe in unobservable entities to make sense of scientific practice. Instead, he posits \"inflationary metaphysics\" (like laws of nature or objective modality) as unnecessary baggage [Source: constructive-empiricism]. \n*   **Empirical Adequacy vs. Truth:** Constructive empiricists hold that the goal of science is *empirical adequacy*, meaning a theory is adequate if what it says about observable things and events is true [Source: constructive-empiricism; Source: sep]. Acceptance of a theory only requires belief that it accurately describes observables; one can remain agnostic regarding anything unobservable [Source: constructive-empiricism].\n*   **Response to Realism:** By adopting this stance, van Fraassen claims he avoids making scientific success miraculous without committing to realism. He argues his position rehabilitates anti-realism by retaining logical positivism's rejection of metaphysics while evading its problematic verificationist criteria [Source: constructive-empiricism].\n\n### 4. Structural Realism\nStructural realism attempts to thread the needle between the realist demand for truth and the pessimistic induction’s claim about ontological discontinuity in theory change [Source: structural-realism; Source: sep]. \n\n*   **The Middle Path:** While acknowledging that past successful theories often had completely wrong *ontologies* (wrong entities), structural realists argue there is a profound continuity regarding their mathematical structures or relational frameworks across scientific revolutions [Source: structural-realism; Source: sep]. \n*   **Epistemic vs. Ontic:** Philosophers like James Ladyman distinguish between epistemic structural realism (we can only know the structure of things, not what they are) and ontic structural realism (the world consists fundamentally of relations rather than objects) [Source: structural-realism].\n*   **Response to Pessimism:** By shifting the realist's commitment from \"entities\" to \"structures,\" this view claims that even if our current unobservable entities turn out to be false in the future, the core equations and mathematical structures we use today will likely survive into future theories. This allows realists to maintain a form of truthlikeness without falling victim to Laudan’s historical list of discarded entities like caloric or ether [Source: scientific-realism; Source: sep].\n\n### Summary Comparison\n| Position | View on Scientific Success | Response to History/Theory Change | Core Commitment |\n| :--- | :--- | :--- | :--- |\n| **Scientific Realism** (No-Miracles) | Explained by approximate truth of theories. | Dismissed as fallacious base-rate error or limited to mature theories. | Belief in unobservable entities and approximate truth. |\n| **Constructive Empiricism** (van Fraassen) | Explained without metaphysical inflation. | Accepts past ontologies were false, but we only need *empirical adequacy* for observables. | Agnosticism toward unobservables; belief only in empirical adequacy. |\n| **Structural Realism** | Success is due to preserved mathematical structures. | Ontology changes, but the underlying structural relations remain continuous across theory change. | Truth lies in the structure/relations of a theory, not its specific ontology. |The no-miracles argument and the pessimistic meta-induction represent two of the most powerful opposing forces in contemporary philosophy of science. The former argues that realism is required to explain scientific success; the latter argues that history shows such success does not guarantee truth. Constructive empiricism and structural realism attempt to navigate between these poles by redefining what it means for a theory to be \"good\" or \"true.\"\n\n### 1. The No-Miracles Argument\nAttributed primarily to Hilary Putnam, the no-miracles (or miracle) argument serves as the central intuition motivating scientific realism [Source: scientific-realism]. It operates as an inference to the best explanation regarding why our mature scientific theories are so extraordinarily successful at empirical predictions, retrodictions, and causal manipulations of phenomena [Source: scientific-realism; Source: constructive-empiricism]. \n\nThe logical structure is straightforward:\n*   **Premise:** If our best scientific theories were false (or far from the truth), their massive empirical success would be a \"miracle\" or coincidence. \n*   **Explanation:** The only non-miraculous explanation for this success is that the theories are true, approximately true, or correctly describe mind-independent entities and laws [Source: scientific-realism; Source: constructive-empiricism].\n*   **Conclusion:** Therefore, we should accept scientific realism as the view that mature theories are at least approximately true descriptions of the world [Source: constructive-empiricism; Source: structural-realism].\n\nPutnam famously claimed that realism [unverified excerpt: is the only philosophy that doesn’t make the success of science a miracle,] arguing that it provides part of the necessary scientific description of why science works so well [Source: constructive-empiricism; Source: scientific-realism]. \n\n### 2. The Pessimistic Meta-Induction Response\nThe pessimistic meta-induction (PI) is widely considered one of the most powerful historical arguments against scientific realism [Source: structural-realism]. It challenges the realist's epistemic optimism by pointing out that the history of science is filled with theories that were empirically successful in their time but are now known to be false and abandoned [Source: realism-theory-change].\n\nFormulated prominently by Larry Laudan, the argument proceeds as follows: \n*   **Historical Premise:** Many past mature theories enjoyed significant empirical success yet had central unobservable terms that do not refer and cannot be regarded as approximately true (e.g., caloric theoryThe no-miracles argument and the pessimistic meta-induction represent two of the most powerful opposing forces in contemporary philosophy of science. The former argues that realism is required to explain scientific success; the latter argues that history shows such success does not guarantee truth. Constructive empiricism and structural realism attempt to navigate between these poles by redefining what it means for a theory to be \"good\" or \"true.\"\n\n### 1. The No-Miracles Argument\nAttributed primarily to Hilary Putnam, the no-miracles (or miracle) argument serves as the central intuition motivating scientific realism [Source: scientific-realism]. It operates as an inference to the best explanation regarding why our mature scientific theories are so extraordinarily successful at empirical predictions, retrodictions, and causal manipulations of phenomena [Source: scientific-realism; Source: constructive-empiricism]. \n\nThe logical structure is straightforward:\n*   **Premise:** If our best scientific theories were false (or far from the truth), their massive empirical success would be a \"miracle\" or coincidence. \n*   **Explanation:** The only non-miraculous explanation for this success is that the theories are true, approximately true, or correctly describe mind-independent entities and laws [Source: scientific-realism; Source: constructive-empiricism].\n*   **Conclusion:** Therefore, we should accept scientific realism as the view that mature theories are at least approximately true descriptions of the world [Source: constructive-empiricism; Source: structural-realism].\n\nPutnam famously claimed that realism [unverified excerpt: is the only philosophy that doesn’t make the success of science a miracle,] arguing that it provides part of the necessary scientific description of why science works so well [Source: constructive-empiricism; Source: scientific-realism]. \n\n### 2. The Pessimistic Meta-Induction Response\nThe pessimistic meta-induction (PI) is widely considered one of the most powerful historical arguments against scientific realism [Source: structural-realism]. It challenges the realist's epistemic optimism by pointing out that the history of science is filled with theories that were empirically successful in their time but are now known to be false and abandoned [Source: realism-theory-change].\n\nFormulated prominently by Larry Laudan, the argument proceeds as follows: \n*   **Historical Premise:** Many past mature theories enjoyed significant empirical success yet had central unobservable terms that do not refer and cannot be regarded as approximately true (e.g., caloric theoryThe no-miracles argument and the pessimistic meta-induction represent two of the most powerful opposing forces in contemporary philosophy of science. The former argues that realism is required to explain scientific success; the latter argues that history shows such success does not guarantee truth. Constructive empiricism and structural realism attempt to navigate between these poles by redefining what it means for a theory to be \"good\" or \"true.\"\n\n### 1. The No-Miracles Argument\nAttributed primarily to Hilary Putnam, the no-miracles (or miracle) argument serves as the central intuition motivating scientific realism [Source: scientific-realism]. It operates as an inference to the best explanation regarding why our mature scientific theories are so extraordinarily successful at empirical predictions, retrodictions, and causal manipulations of phenomena [Source: scientific-realism; Source: constructive-empiricism]. \n\nThe logical structure is straightforward:\n*   **Premise:** If our best scientific theories were false (or far from the truth), their massive empirical success would be a \"miracle\" or coincidence. \n*   **Explanation:** The only non-miraculous explanation for this success is that the theories are true, approximately true, or correctly describe mind-independent entities and laws [Source: scientific-realism; Source: constructive-empiricism].\n*   **Conclusion:** Therefore, we should accept scientific realism as the view that mature theories are at least approximately true descriptions of the world [Source: constructive-empiricism; Source: structural-realism].\n\nPutnam famously claimed that realism [unverified excerpt: is the only philosophy that doesn’t make the success of science a miracle,] arguing that it provides part of the necessary scientific description of why science works so well [Source: constructive-empiricism; Source: scientific-realism]. \n\n### 2. The Pessimistic Meta-Induction Response\nThe pessimistic meta-induction (PI) is widely considered one of the most powerful historical arguments against scientific realism [Source: structural-realism]. It challenges the realist's epistemic optimism by pointing out that the history of science is filled with theories that were empirically successful in their time but are now known to be false and abandoned [Source: realism-theory-change].\n\nFormulated prominently by Larry Laudan, the argument proceeds as follows: \n*   **Historical Premise:** Many past mature theories enjoyed significant empirical success yet had central unobservable terms that do not refer and cannot be regarded as approximately true (e.g., caloric theory",
        "reasoning_chars": 0,
        "stream_wall_ms": 141650,
        "total_latency_ms": 137896,
        "intent": "DeepQuery",
        "source_origins": [
          "sep"
        ],
        "retrieved_chunk_count": 37,
        "chunks_fact_score": {
          "matched": [
            "Putnam",
            "pessimistic meta-induction",
            "Laudan",
            "scientific realism",
            "constructive empiricism",
            "van Fraassen",
            "structural realism"
          ],
          "missing": [
            "no miracles argument",
            "Worrall"
          ],
          "total_expected": 9,
          "ratio": 0.7777778
        },
        "judge_fact_score": {
          "matched": [
            "no miracles argument",
            "Putnam",
            "pessimistic meta-induction",
            "Laudan",
            "scientific realism",
            "constructive empiricism",
            "van Fraassen",
            "structural realism"
          ],
          "missing": [
            "Worrall"
          ],
          "total_expected": 9,
          "ratio": 0.8888889
        },
        "judge_evidence": [
          {
            "fact": "no miracles argument",
            "present": true,
            "evidence": "\"The no-miracles argument and the pessimistic meta-induction represent two of the most powerful opposing forces in contemporary philosophy of science.\""
          },
          {
            "fact": "Putnam",
            "present": true,
            "evidence": "\"Attributed primarily to Hilary Putnam, the no-miracles (or miracle) argument serves as the central intuition motivating scientific realism\""
          },
          {
            "fact": "pessimistic meta-induction",
            "present": true,
            "evidence": "\"The pessimistic meta-induction (PI) is widely considered one of the most powerful historical arguments against scientific realism\""
          },
          {
            "fact": "Laudan",
            "present": true,
            "evidence": "\"Formulated prominently by Larry Laudan, the argument proceeds as follows:\""
          },
          {
            "fact": "scientific realism",
            "present": true,
            "evidence": "The no-miracles argument and the pessimistic meta-induction represent two of the most powerful opposing forces in contemporary philosophy of science. The former argues that realism is required to explain scientific success..."
          },
          {
            "fact": "constructive empiricism",
            "present": true,
            "evidence": "\"Constructive empiricism and structural realism attempt to navigate between these poles...\" \"### 3. Constructive Empiricism\""
          },
          {
            "fact": "van Fraassen",
            "present": true,
            "evidence": "\"Constructive empiricism, developed by Bas van Fraassen, offers an anti-realist alternative designed to accept science's success without accepting its metaphysical claims\""
          },
          {
            "fact": "structural realism",
            "present": true,
            "evidence": "\"Constructive empiricism and structural realism attempt to navigate between these poles...\""
          },
          {
            "fact": "Worrall",
            "present": false,
            "evidence": "(absent)"
          }
        ]
      }
    },
    {
      "question_id": "comparative_kant_hume_causation",
      "category": "comparative",
      "question": "Compare Hume's and Kant's accounts of causation, and explain why Kant\ntook Hume to have shown a problem that demanded a transcendental\nsolution.\n",
      "retrieved": [
        {
          "corpus_id": "sep",
          "title": "sep",
          "url": null,
          "score": 0.0,
          "snippet": "Kant advances the claim that he has provided a complete solution to Hume's problem regarding causality by distinguishing between strict and comparative universality. He supports this assertion...",
          "source": "raptor"
        },
        {
          "corpus_id": "sep",
          "title": "sep",
          "url": null,
          "score": 0.0,
          "snippet": "Immanuel Kant argues that causality and other fundamental scientific principles are a priori categories of the understanding rather than empirical generalizations derived from Humean custom. By...",
          "source": "raptor"
        },
        {
          "corpus_id": "sep",
          "title": "sep",
          "url": null,
          "score": 0.0,
          "snippet": "Kant argues that while Hume correctly identifies the lack of empirical basis for causal necessity, he erroneously reduces it to subjective custom; Kant contends instead that causality and necessary...",
          "source": "raptor"
        },
        {
          "corpus_id": "sep",
          "title": "sep",
          "url": null,
          "score": 0.0,
          "snippet": "David Hume's skepticism regarding causality disrupted Immanuel Kant’s dogmatic slumber, prompting him to develop a revolutionary theory of experience grounded in a priori concepts. Although Kant...",
          "source": "raptor"
        },
        {
          "corpus_id": "sep",
          "title": "sep",
          "url": null,
          "score": 0.0,
          "snippet": "Kant argues that the concept of causality involves a necessary connection and strict universality, which cannot be derived empirically from repeated observations or constant conjunctions as Hume...",
          "source": "raptor"
        },
        {
          "corpus_id": "sep",
          "title": "sep",
          "url": null,
          "score": 0.0,
          "snippet": "David Hume argues that causal knowledge is derived entirely from experience and custom rather than a priori reason, asserting that the connection between cause and effect cannot be logically deduced....",
          "source": "raptor"
        },
        {
          "corpus_id": "sep",
          "title": "sep",
          "url": null,
          "score": 0.0,
          "snippet": "Hume and Kant both argue that freedom is essential to morality but employ distinct frameworks to reconcile it with causal determinism. Hume defends compatibilism by analyzing the logical concepts of...",
          "source": "raptor"
        },
        {
          "corpus_id": "sep",
          "title": "sep",
          "url": null,
          "score": 0.0,
          "snippet": "Immanuel Kant developed his theory of synthetic a priori judgments to resolve the skepticism regarding causality and inductive reasoning raised by David Hume. While Hume viewed Newtonian laws as mere...",
          "source": "raptor"
        },
        {
          "corpus_id": "sep",
          "title": "kant-hume-causality",
          "url": "https://plato.stanford.edu/entries/kant-hume-causality/",
          "score": 0.0,
          "snippet": "kant-hume-causality\n\nIt is only in the second edition of the Critique that Kant gives such a prominent place to Hume and his “objection” to causality, serving to introduce what Kant now calls..."
        },
        {
          "corpus_id": "sep",
          "title": "kant-hume-causality",
          "url": "https://plato.stanford.edu/entries/kant-hume-causality/",
          "score": 0.0,
          "snippet": "[Atlas highlights]\n[kant-hume-causality]: \"Kant also goes on to name Hume explicitly, as one who attempted to derive the concept of causality from a subjective necessity arising from frequent..."
        },
        {
          "corpus_id": "sep",
          "title": "induction-problem",
          "url": "https://plato.stanford.edu/entries/induction-problem/",
          "score": 0.0,
          "snippet": "induction-problem\n\nOne possible response to Hume’s problem is to deny  premise P3,  by allowing the possibility that a priori reasoning could give rise to synthetic propositions. Kant famously..."
        },
        {
          "corpus_id": "sep",
          "title": "kant-hume-morality",
          "url": "https://plato.stanford.edu/entries/kant-hume-morality/",
          "score": 0.0,
          "snippet": "kant-hume-morality\n\nWhen comparing Hume and Kant, it is a mistake to ask simply which philosopher has the best account of freedom or does the best job of reconciling freedom and necessity. They..."
        },
        {
          "corpus_id": "sep",
          "title": "hume-newton",
          "url": "https://plato.stanford.edu/entries/hume-newton/",
          "score": 0.0,
          "snippet": "hume-newton\n\nHume’s account of causality covers at least five related issues: (1) how we acquire an idea of cause; (2) what we mean by “cause;” (3) how we reason about causes; (4) whether..."
        },
        {
          "corpus_id": "sep",
          "title": "kant-transcendental",
          "url": "https://plato.stanford.edu/entries/kant-transcendental/",
          "score": 0.0,
          "snippet": "kant-transcendental\n\nThe challenge Kant issues is to explain why, under normal conditions, the ordering in question is universal and necessary. Part of the best explanation, he believes, is (a), that..."
        },
        {
          "corpus_id": "sep",
          "title": "kant-transcendental",
          "url": "https://plato.stanford.edu/entries/kant-transcendental/",
          "score": 0.0,
          "snippet": "kant-transcendental\n\nKant, Immanuel |  Kant, Immanuel: account of reason |  Kant, Immanuel: aesthetics and teleology |  Kant, Immanuel: and Hume on causality |  Kant, Immanuel: and Hume on morality |..."
        },
        {
          "corpus_id": "sep",
          "title": "causation-law",
          "url": "https://plato.stanford.edu/entries/causation-law/",
          "score": 0.0,
          "snippet": "causation-law\n\nBecause Hume’s analysis takes “the glue” out of the causal relation—a cause doesn’t make its effect occur, it is only regularly followed by its effect—it is commonly..."
        },
        {
          "corpus_id": "sep",
          "title": "kant-transcendental-idealism",
          "url": "https://plato.stanford.edu/entries/kant-transcendental-idealism/",
          "score": 0.0,
          "snippet": "kant-transcendental-idealism\n\nIn the 1960s and 1970s a group of scholars, in some cases in direct opposition to Strawson, developed a non-phenomenalist, anti-metaphysical reading of transcendental..."
        },
        {
          "corpus_id": "sep",
          "title": "hume-freewill",
          "url": "https://plato.stanford.edu/entries/hume-freewill/",
          "score": 0.0,
          "snippet": "hume-freewill\n\nApart from these “internal” difficulties among Hume’s core arguments, it may also be questioned whether Hume’s alternative account of causation serves to allay or diffuse other..."
        },
        {
          "corpus_id": "sep",
          "title": "kant-conceptualism",
          "url": "https://plato.stanford.edu/entries/kant-conceptualism/",
          "score": 0.0,
          "snippet": "kant-conceptualism\n\nKant, Immanuel |  Kant, Immanuel: philosophy of mathematics |  Kant, Immanuel: transcendental idealism |  Kant, Immanuel: view of mind and consciousness of self |  Kant, Immanuel:..."
        },
        {
          "corpus_id": "sep",
          "title": "kant",
          "url": "https://plato.stanford.edu/entries/kant/",
          "score": 0.0,
          "snippet": "kant\n\naesthetics: German, in the 18th century |  categories |  Fichte, Johann Gottlieb |  Kant, Immanuel: account of reason |  Kant, Immanuel: aesthetics and teleology |  Kant, Immanuel: and Hume on..."
        },
        {
          "corpus_id": "sep",
          "title": "hume",
          "url": "https://plato.stanford.edu/entries/hume/",
          "score": 0.0,
          "snippet": "hume\n\nThe real problem, however, is that Hutcheson just claims—hypothesizes—that we possess a unique, original moral sense. If asked why we have a moral sense, his reply is that God implanted it..."
        },
        {
          "corpus_id": "sep",
          "title": "maimon",
          "url": "https://plato.stanford.edu/entries/maimon/",
          "score": 0.0,
          "snippet": "maimon\n\nWhile Maimon’s objections to Kant focus on specific issues that arise in the Critique, they all rest on Maimon’s commitment to a type of ‘skeptical rationalism.’ Maimon notes that in..."
        },
        {
          "corpus_id": "sep",
          "title": "hegel-dialectics",
          "url": "https://plato.stanford.edu/entries/hegel-dialectics/",
          "score": 0.0,
          "snippet": "hegel-dialectics\n\nKant thought Hume’s argument led to an unacceptable, skeptical conclusion, and he rejected Hume’s own solution to the skepticism (see Kant’s Critique of Pure Reason, B5,..."
        },
        {
          "corpus_id": "sep",
          "title": "private-language",
          "url": "https://plato.stanford.edu/entries/private-language/",
          "score": 0.0,
          "snippet": "private-language\n\nWhat Kripke means by this comparison with a Humean problem is that Wittgenstein is questioning the nexus between a past act of meaning and subsequent practice in a way analogous to..."
        },
        {
          "corpus_id": "sep",
          "title": "hume-moral",
          "url": "https://plato.stanford.edu/entries/hume-moral/",
          "score": 0.0,
          "snippet": "hume-moral\n\nHume, David |  property and ownership"
        },
        {
          "corpus_id": "sep",
          "title": "hume-newton",
          "url": "https://plato.stanford.edu/entries/hume-newton/",
          "score": 0.0,
          "snippet": "hume-newton\n\nshould be taken more seriously by more of Hume’s readers. The Dialogues are Hume’s efforts to educate the students of natural religion; they are not a statement of Hume’s positive..."
        },
        {
          "corpus_id": "sep",
          "title": "causation-physics",
          "url": "https://plato.stanford.edu/entries/causation-physics/",
          "score": 0.0,
          "snippet": "causation-physics\n\nCauses are often taken to act deterministically in accord with the principle “same cause—same effect”. Indeed, that causes determine their effects is built into many..."
        },
        {
          "corpus_id": "sep",
          "title": "induction-problem",
          "url": "https://plato.stanford.edu/entries/induction-problem/",
          "score": 0.0,
          "snippet": "induction-problem\n\nOne way to put this point is to say that Hume’s argument rests on a quantifier shift fallacy (Sober 1988; Okasha 2005a). Hume says that there exists a general presupposition for..."
        },
        {
          "corpus_id": "sep",
          "title": "kant-hume-causality",
          "url": "https://plato.stanford.edu/entries/kant-hume-causality/",
          "score": 0.0,
          "snippet": "kant-hume-causality\n\nThat metaphysics until now has remained in such a wavering state of uncertainty and contradictions is to be ascribed solely to the fact that this problem, and perhaps even the..."
        },
        {
          "corpus_id": "sep",
          "title": "kant-hume-causality",
          "url": "https://plato.stanford.edu/entries/kant-hume-causality/",
          "score": 0.0,
          "snippet": "kant-hume-causality\n\nLater, in §§ 27–30 of the Prolegomena, Kant returns to Hume’s problem and presents his own solution. Kant begins, in § 27, by stating that “here is now the place to..."
        },
        {
          "corpus_id": "sep",
          "title": "kant-transcendental",
          "url": "https://plato.stanford.edu/entries/kant-transcendental/",
          "score": 0.0,
          "snippet": "kant-transcendental\n\nMoreover, it might well be that the argument of §16 features a subtlety that obviates the need for actual co-consciousness. The text indicates that the argument crucially turns..."
        },
        {
          "corpus_id": "sep",
          "title": "kant-transcendental",
          "url": "https://plato.stanford.edu/entries/kant-transcendental/",
          "score": 0.0,
          "snippet": "kant-transcendental\n\nHume might propose to explain our sense of the identity of the conscious subject of different self-attributions by the intrinsically self-conscious perceptions or the perceptions..."
        },
        {
          "corpus_id": "sep",
          "title": "kant",
          "url": "https://plato.stanford.edu/entries/kant/",
          "score": 0.0,
          "snippet": "kant\n\nKant may have developed this thread of his argument in the transcendental deduction after reading Johann Nicolaus Tetens (1736–1807) rather than through a direct encounter with Locke’s..."
        },
        {
          "corpus_id": "sep",
          "title": "kant",
          "url": "https://plato.stanford.edu/entries/kant/",
          "score": 0.0,
          "snippet": "kant\n\nAs an unsalaried lecturer at the Albertina Kant was paid directly by the students who attended his lectures, so he needed to teach an enormous amount and to attract many students in order to..."
        },
        {
          "corpus_id": "sep",
          "title": "kant",
          "url": "https://plato.stanford.edu/entries/kant/",
          "score": 0.0,
          "snippet": "kant\n\nKant’s strategy in the Critique is similar to that of the Inaugural Dissertation in that both works attempt to reconcile modern science with traditional morality and religion by relegating..."
        },
        {
          "corpus_id": "sep",
          "title": "induction-problem",
          "url": "https://plato.stanford.edu/entries/induction-problem/",
          "score": 0.0,
          "snippet": "induction-problem\n\nHume introduces the problem of induction as part of an analysis of the notions of cause and effect. Hume worked with a picture, widespread in the early modern period, in which the..."
        },
        {
          "corpus_id": "sep",
          "title": "induction-problem",
          "url": "https://plato.stanford.edu/entries/induction-problem/",
          "score": 0.0,
          "snippet": "induction-problem\n\nAs we have seen in  section 1,  Hume takes demonstrative arguments to have conclusions which are “relations of ideas”, whereas “probable” or “moral” arguments have..."
        }
      ],
      "source_score": {
        "matched": [
          "hume",
          "kant",
          "kant-hume-causality"
        ],
        "missing": [],
        "total_expected": 3,
        "ratio": 1.0
      },
      "fact_score": {
        "matched": [
          "constant conjunction",
          "necessary connection",
          "transcendental",
          "synthetic a priori",
          "categories of understanding",
          "Hume",
          "Kant"
        ],
        "missing": [
          "regularity theory"
        ],
        "total_expected": 8,
        "ratio": 0.875
      },
      "embed_ms": 0,
      "search_ms": 0,
      "corpora_hit": [
        "sep"
      ],
      "vector_eligible": true,
      "synth": {
        "answer": "Hume and Kant offer fundamentally opposed accounts of causation, a disagreement that drove Kant from his \"dogmatic slumber\" into the development of transcendental idealism. Hume argued that causal necessity is not an objective feature of the world but a subjective habit derived from experience; Kant rejected this reduction to custom, arguing instead that causality is an *a priori* category of the understanding necessary for any coherent experience at all.\n\n### Hume’s Account: Causation as Custom\nFor David Hume, the concept of cause is entirely empirical. He analyzed causation through five related issues: how we acquire the idea, what it means, how we reason about causes, whether they exist in nature or mind, and how we infer their existence [Source: hume-newton]. Hume concluded that our idea of \"cause\" does not refer to any observable power or \"glue\" connecting events (rejecting final and simultaneous causes) but consists only of three elements: priority in time, spatial contiguity, and constant conjunction [Source: causation-physics; Source: hume-newton].\n\nBecause no necessary connection can be observed between distinct events, Hume argued that the belief in causality arises from **custom** or habit. After repeatedly observing one type of event followed by another, the mind forms a subjective expectation that the second will follow the first [Source: kant-hume-causality; Source: hegel-dialectics]. Thus, causal necessity is psychological rather than ontological. While this view is often classified as skeptical because it removes objective \"making-things-happen\" force from nature, Hume provides what Saul Kripke calls a \"skeptical solution\": he does not deny causation exists but reduces it to patterns of association and mental inclination [Source: causation-law].\n\n### Kant’s Account: Causation as an *A Priori* Category\nKant famously stated that Hume’s skepticism regarding causality woke him from his \"dogmatic slumber\" [Source: sep]. However, Kant argued that Hume was correct only insofar as causal principles cannot be derived from experience; where Hume erred was in concluding that they therefore lack objective validity. Kant posited that the concept of cause is one of the **categories of the understanding**—specifically, a pure *a priori* concept that structures all possible experience [Source: induction-problem; Source: kant-hume-causality].\n\nFor Kant, causality involves **necessary connection** and **strict universality**, which empirical observation can never provide because experience only yields contingent regularities [Source: sep]. Instead, the mind actively imposes the rule of causality on sensory data to convert subjective temporal sequences into objective events [Source: sep]. This \"Copernican revolution\" suggests that knowledge does not revolve around objects as they are in themselves, but rather that objects of experience must conform to our cognitive structure [Source: hegel-dialectics]. Consequently, every event necessarily has a cause not because we observe this law in nature, but because without it, we could not have a unified experience of time or objectivity.\n\n### Why Kant Saw Hume’s Problem as Demanding a Transcendental Solution\nKant took Hume to have identified a genuine problem—that empirical induction cannot justify necessary connections—but rejected Hume’s solution (custom) as insufficient for science and metaphysics. Kant argued that the \"faculty of association\" consisting solely of sensory items cannot account for propositions requiring universality and necessity [Source: kant-transcendental]. If causality were merely subjective habit, scientific knowledge would lack objective validity.\n\nTherefore, Kant proposed a **transcendental argument** concerning the necessary preconditions of experience. He reversed the empiricist programme: rather than asking how concepts arise from experience, he asked what conditions must be true *for* experience to occur at all [Source: induction-problem]. The category of cause is such a precondition; it is required to synthesize the manifold of intuition into a coherent self-conscious subject (apperception) [Source: kant-transcendental]. By grounding causality in the structure of human reason rather than in external objects or internal habits, Kant aimed to secure the possibility of synthetic *a priori* knowledge, thereby saving science from Humean skepticism while limiting metaphysical claims to the realm of possible experience.\n\nI don't have reliable information on whether contemporary philosophers consider Kant's specific transcendental deduction successful in refuting modern variations of Humean skepticism; would you like me to search for current debates on this topic?\n\n---\n*Verification note: these statements could not be confirmed against your sources — treat them as unverified:*\n- Hume concluded that our idea of \"cause\" does not refer to any observable power or \"glue\" connecting events (rejecting final and simultaneous causes) but consist…\n- faculty of association",
        "reasoning_chars": 0,
        "stream_wall_ms": 65264,
        "total_latency_ms": 59732,
        "intent": "DeepQuery",
        "source_origins": [
          "sep"
        ],
        "retrieved_chunk_count": 37,
        "chunks_fact_score": {
          "matched": [
            "constant conjunction",
            "necessary connection",
            "transcendental",
            "synthetic a priori",
            "categories of understanding",
            "Hume",
            "Kant"
          ],
          "missing": [
            "regularity theory"
          ],
          "total_expected": 8,
          "ratio": 0.875
        },
        "judge_fact_score": {
          "matched": [
            "constant conjunction",
            "necessary connection",
            "transcendental",
            "synthetic a priori",
            "categories of understanding",
            "Hume",
            "Kant"
          ],
          "missing": [
            "regularity theory"
          ],
          "total_expected": 8,
          "ratio": 0.875
        },
        "judge_evidence": [
          {
            "fact": "constant conjunction",
            "present": true,
            "evidence": "...consists only of three elements: priority in time, spatial contiguity, and constant conjunction..."
          },
          {
            "fact": "necessary connection",
            "present": true,
            "evidence": "For Kant, causality involves necessary connection and strict universality..."
          },
          {
            "fact": "transcendental",
            "present": true,
            "evidence": "\"Kant took Hume to have identified a genuine problem... Kant proposed a transcendental argument concerning the necessary preconditions of experience.\""
          },
          {
            "fact": "synthetic a priori",
            "present": true,
            "evidence": "...thereby saving science from Humean skepticism while limiting metaphysical claims to the realm of possible experience."
          },
          {
            "fact": "regularity theory",
            "present": false,
            "evidence": "(absent)"
          },
          {
            "fact": "categories of understanding",
            "present": true,
            "evidence": "Kant argued that causality is an *a priori* category of the understanding necessary for any coherent experience at all."
          },
          {
            "fact": "Hume",
            "present": true,
            "evidence": "\"Hume and Kant offer fundamentally opposed accounts of causation... Hume argued that causal necessity is not an objective feature of the world but a subjective habit derived from experience\""
          },
          {
            "fact": "Kant",
            "present": true,
            "evidence": "\"Hume and Kant offer fundamentally opposed accounts of causation...\""
          }
        ]
      }
    },
    {
      "question_id": "argument_aristotle_hylomorphism",
      "category": "argument_reconstruction",
      "question": "Reconstruct Aristotle's hylomorphic account of substance, and explain\nwhy some commentators read De Anima's account of the soul as\nnon-reductive form-of-the-body and others as a kind of property\ndualism.\n",
      "retrieved": [
        {
          "corpus_id": "sep",
          "title": "sep",
          "url": null,
          "score": 0.0,
          "snippet": "Aristotle advances hylomorphism as a mind-independent framework to resolve puzzles about change, positing that matter and form are essential components of substance. He argues for the primacy of form...",
          "source": "raptor"
        },
        {
          "corpus_id": "sep",
          "title": "sep",
          "url": null,
          "score": 0.0,
          "snippet": "Aristotle characterizes the soul as the form of the body through his hylomorphic framework, which explains their relationship using matter and form rather than treating them as identical or separate...",
          "source": "raptor"
        },
        {
          "corpus_id": "sep",
          "title": "sep",
          "url": null,
          "score": 0.0,
          "snippet": "Aristotle investigates the nature of substance by distinguishing between accidental and essential predication, ultimately identifying essence as a primary candidate for substance. He further analyzes...",
          "source": "raptor"
        },
        {
          "corpus_id": "sep",
          "title": "sep",
          "url": null,
          "score": 0.0,
          "snippet": "The passages analyze Aristotle's hylomorphic theory, examining the roles of matter and form in accounting for change and substance. A central debate concerns whether matter or particular forms serve...",
          "source": "raptor"
        },
        {
          "corpus_id": "sep",
          "title": "sep",
          "url": null,
          "score": 0.0,
          "snippet": "Aristotle's hylomorphism posits that physical objects are compounds of matter and form, a doctrine developed to explain natural change and substantial generation. While initially presented as...",
          "source": "raptor"
        },
        {
          "corpus_id": "sep",
          "title": "sep",
          "url": null,
          "score": 0.0,
          "snippet": "Aristotle argues that primary substances are hylomorphic compounds whose essence is identified with their form rather than matter, as form alone satisfies the criteria of separability and being a...",
          "source": "raptor"
        },
        {
          "corpus_id": "sep",
          "title": "sep",
          "url": null,
          "score": 0.0,
          "snippet": "Aquinas argues that material substances are composites of prime matter and substantial forms, with the soul serving as the unifying form for living beings rather than a separate spiritual entity. He...",
          "source": "raptor"
        },
        {
          "corpus_id": "sep",
          "title": "sep",
          "url": null,
          "score": 0.0,
          "snippet": "Radulphus Brito advances a realist position asserting that the soul is the substantial form of the living body, thereby constituting an essential hylomorphic unity with organic matter. He further...",
          "source": "raptor"
        },
        {
          "corpus_id": "sep",
          "title": "dualism",
          "url": "https://plato.stanford.edu/entries/dualism/",
          "score": 0.0,
          "snippet": "[Atlas highlights]\n[dualism (dualism)]: \"Dualist views say that themental and the physical are both realand neither can be assimilatedto the other.\"\n[Aquinas (dualism)]: \"The form (and,hence, the..."
        },
        {
          "corpus_id": "sep",
          "title": "aristotle",
          "url": "https://plato.stanford.edu/entries/aristotle/",
          "score": 0.0,
          "snippet": "[Atlas highlights]\nArgument: Argument for Mixed Constitution via Democracy [from aristotle]\n  P1. Humans have deep acquisitional propensities that make pure aristocracy difficult to sustain.\n  P2...."
        },
        {
          "corpus_id": "sep",
          "title": "aristotle",
          "url": "https://plato.stanford.edu/entries/aristotle/",
          "score": 0.0,
          "snippet": "[Atlas highlights]\nArgument: Argument from Reversibility of Matter [from aristotle]\n  P1. Socrates can exist without the specific bits of matter (a, b, c...) that currently compose him.\n  P2. Those..."
        },
        {
          "corpus_id": "sep",
          "title": "aristotle",
          "url": "https://plato.stanford.edu/entries/aristotle/",
          "score": 0.0,
          "snippet": "[Atlas highlights]\nArgument: Undistributed Middle Counterexample [from aristotle]\n  P1. All As are Bs.\n  P2. Some Bs are Cs.\n  C. So, all As are Cs (invalid inference).\n\n[Kant (aristotle)]: \"That..."
        },
        {
          "corpus_id": "sep",
          "title": "dualism",
          "url": "https://plato.stanford.edu/entries/dualism/",
          "score": 0.0,
          "snippet": "[Atlas highlights]\n[Robinson (dualism)]: \"Conservation principles are not ubiquitous in physics... Why then, should we insist on it in mind-brain interaction?\"\n[dualism (dualism)]: \"The irreducible..."
        },
        {
          "corpus_id": "sep",
          "title": "dualism",
          "url": "https://plato.stanford.edu/entries/dualism/",
          "score": 0.0,
          "snippet": "[Atlas highlights]\n[dualism]: \"he has been conducting a conversation in Chinese... but he has not understooda word. Therefore neither does a computerunderstand.\"\nDefining Frame Problem (dualism):..."
        },
        {
          "corpus_id": "sep",
          "title": "aristotle-psychology",
          "url": "https://plato.stanford.edu/entries/aristotle-psychology/",
          "score": 0.0,
          "snippet": "aristotle-psychology\n\nOne way of appreciating this is to consider a second general moral Aristotle derives from hylomorphism. This concerns the question of the separability of the soul from the body,..."
        },
        {
          "corpus_id": "sep",
          "title": "aristotle-metaphysics",
          "url": "https://plato.stanford.edu/entries/aristotle-metaphysics/",
          "score": 0.0,
          "snippet": "aristotle-metaphysics\n\nIn restating his point “yet more perspicuously” (1035b4), Aristotle notes parenthetically another important aspect of his theory of substance. He reiterates the priority of..."
        },
        {
          "corpus_id": "sep",
          "title": "radulphus-brito",
          "url": "https://plato.stanford.edu/entries/radulphus-brito/",
          "score": 0.0,
          "snippet": "radulphus-brito\n\nIn his commentary on De anima II, Brito goes on to discuss the description of the soul as the substantial form of the living body. The discussion is directly related to the debate..."
        },
        {
          "corpus_id": "sep",
          "title": "form-matter",
          "url": "https://plato.stanford.edu/entries/form-matter/",
          "score": 0.0,
          "snippet": "form-matter\n\nWhile the basic idea of hylomorphism is easy to grasp, much remains unclear beneath the surface. Aristotle introduces matter and form, in the Physics, to account for changes in the..."
        },
        {
          "corpus_id": "sep",
          "title": "substance",
          "url": "https://plato.stanford.edu/entries/substance/",
          "score": 0.0,
          "snippet": "substance\n\nOur discussion of Aristotle ended by returning to the issue of the unity of substantial form—what is the difference between a collection of ‘essential’ properties and the form as a..."
        },
        {
          "corpus_id": "sep",
          "title": "ancient-soul",
          "url": "https://plato.stanford.edu/entries/ancient-soul/",
          "score": 0.0,
          "snippet": "ancient-soul\n\nAristotle's theory, as it is presented primarily in the De Anima (for a complete account,  see Aristotle's Psychology),  comes very close to providing a comprehensive, fully developed..."
        },
        {
          "corpus_id": "sep",
          "title": "aristotle-rhetoric",
          "url": "https://plato.stanford.edu/entries/aristotle-rhetoric/",
          "score": 0.0,
          "snippet": "aristotle-rhetoric\n\nAristotle |  Aristotle, General Topics: aesthetics |  Aristotle, General Topics: logic |  Cicero |  Plato: rhetoric and poetry"
        },
        {
          "corpus_id": "sep",
          "title": "byzantine-philosophy",
          "url": "https://plato.stanford.edu/entries/byzantine-philosophy/",
          "score": 0.0,
          "snippet": "byzantine-philosophy\n\nThe question of the immortality of the soul is a potential point of conflict between Orthodox Christian doctrine and Byzantine natural philosophy. Byzantine natural philosophy,..."
        },
        {
          "corpus_id": "sep",
          "title": "medieval-philosophy",
          "url": "https://plato.stanford.edu/entries/medieval-philosophy/",
          "score": 0.0,
          "snippet": "medieval-philosophy\n\nPlato thought of human souls as distinct substances from their bodies, capable of existing separately and being reincarnated. The late ancient Platonists retained this dualism..."
        },
        {
          "corpus_id": "sep",
          "title": "aristotle-natphil",
          "url": "https://plato.stanford.edu/entries/aristotle-natphil/",
          "score": 0.0,
          "snippet": "aristotle-natphil\n\nAristotle, General Topics: biology |  Aristotle, General Topics: logic |  Aristotle, General Topics: metaphysics |  Aristotle, General Topics: psychology |  Aristotle, Special..."
        },
        {
          "corpus_id": "sep",
          "title": "aristotle-commentators",
          "url": "https://plato.stanford.edu/entries/aristotle-commentators/",
          "score": 0.0,
          "snippet": "aristotle-commentators\n\nAnother text that has important implications for the reception of Aristotle’s treatment of the intellect is the paraphrase of the De anima that Themistius wrote around 350..."
        },
        {
          "corpus_id": "sep",
          "title": "al-kindi",
          "url": "https://plato.stanford.edu/entries/al-kindi/",
          "score": 0.0,
          "snippet": "al-kindi\n\nThat There are Incorporeal Substances (Abu Rida 1950, 265–69, Adamson and Pormann 2009) is a creative application of ideas from Aristotle’s Categories to the problem of showing that the..."
        },
        {
          "corpus_id": "sep",
          "title": "theology-aristotle",
          "url": "https://plato.stanford.edu/entries/theology-aristotle/",
          "score": 0.0,
          "snippet": "theology-aristotle\n\nSympathy for Aristotle’s theory of soul is apparent too in the Arabic version of Enneads IV.7.85. In this chapter, Plotinus criticizes Aristotle’s doctrine that the soul is a..."
        },
        {
          "corpus_id": "sep",
          "title": "aristotle-psychology",
          "url": "https://plato.stanford.edu/entries/aristotle-psychology/",
          "score": 0.0,
          "snippet": "aristotle-psychology\n\nIn De Anima, Aristotle makes extensive use of technical terminology introduced and explained elsewhere in his writings. He claims, for example, using vocabulary derived from his..."
        },
        {
          "corpus_id": "sep",
          "title": "dualism",
          "url": "https://plato.stanford.edu/entries/dualism/",
          "score": 0.0,
          "snippet": "dualism\n\nThe more modern versions of dualism have their origin in Descartes’ Meditations, and in the debate that was consequent upon Descartes’ theory. Descartes was a substance dualist. He..."
        },
        {
          "corpus_id": "sep",
          "title": "aristotle",
          "url": "https://plato.stanford.edu/entries/aristotle/",
          "score": 0.0,
          "snippet": "aristotle\n\nAs Aristotle sets them out, these problems take the form of puzzles, or aporiai, regarding whether and if so how time exists (Phys. 218a8–30). If we say that time is the totality of the..."
        },
        {
          "corpus_id": "sep",
          "title": "aristotle-psychology",
          "url": "https://plato.stanford.edu/entries/aristotle-psychology/",
          "score": 0.0,
          "snippet": "aristotle-psychology\n\nIn the same way, then, the presence of the soul explains why this matter is the matter of a human being, as opposed to some other kind of thing. Now, this way of looking at..."
        },
        {
          "corpus_id": "sep",
          "title": "aristotle-psychology",
          "url": "https://plato.stanford.edu/entries/aristotle-psychology/",
          "score": 0.0,
          "snippet": "aristotle-psychology\n\nAristotle approaches his account of the nutritive soul by relying on a methodological precept which informs much of his psychological theorizing, namely that a capacity is..."
        },
        {
          "corpus_id": "sep",
          "title": "aristotle-metaphysics",
          "url": "https://plato.stanford.edu/entries/aristotle-metaphysics/",
          "score": 0.0,
          "snippet": "aristotle-metaphysics\n\nAt this point there appears to be a close connection between the essence of a substance and its species (eidos), and this might tempt one to suppose that Aristotle is..."
        },
        {
          "corpus_id": "sep",
          "title": "aristotle-metaphysics",
          "url": "https://plato.stanford.edu/entries/aristotle-metaphysics/",
          "score": 0.0,
          "snippet": "aristotle-metaphysics\n\nThe role of form in this hylomorphic context is the topic of Ζ.7–9. (Although these chapters were almost certainly not originally included in Book Ζ—there is no reference..."
        },
        {
          "corpus_id": "sep",
          "title": "aristotle-metaphysics",
          "url": "https://plato.stanford.edu/entries/aristotle-metaphysics/",
          "score": 0.0,
          "snippet": "aristotle-metaphysics\n\nBut Aristotle rejects this answer as impossible (1029a28), claiming that substance must be “separable” (chôriston) and “this something” (tode ti, sometimes translated..."
        }
      ],
      "source_score": {
        "matched": [
          "aristotle-metaphysics",
          "aristotle-psychology",
          "form-matter"
        ],
        "missing": [],
        "total_expected": 3,
        "ratio": 1.0
      },
      "fact_score": {
        "matched": [
          "hylomorphism",
          "form",
          "matter",
          "Aristotle",
          "substance",
          "De Anima",
          "soul",
          "actuality"
        ],
        "missing": [],
        "total_expected": 8,
        "ratio": 1.0
      },
      "embed_ms": 0,
      "search_ms": 0,
      "corpora_hit": [
        "sep"
      ],
      "vector_eligible": true,
      "synth": {
        "answer": "Aristotle’s hylomorphic account of substance posits that physical objects are compounds (*synola*) of matter and form. Matter is the potentiality to be a specific thing, while form is the actuality or essence that makes it what it is [Source: aristotle-metaphysics]. In *Metaphysics* Zeta, Aristotle argues that primary substance must be both \"separable\" (capable of independent existence) and a \"this something\" (*tode ti*, a determinate individual). While matter can exist independently in some sense (e.g., wood surviving a desk), it lacks definite individuality without form; conversely, form provides the unity and definition but cannot exist as an individual substance apart from its matter in natural cases [Source: aristotle-metaphysics]. Thus, form is identified as the primary principle of substantiality because it accounts for why a thing is what it is [Source: sep].\n\nIn *De Anima* II.1, Aristotle applies this framework to living beings by defining the soul as the \"first actuality of a natural body which has life in potentiality\" (*De Anima* ii 1, 412b5–6) or simply as the \"substance as form of a natural body which has life in potentiality\" (412a20–1) [Source: aristotle-psychology]. The relation between soul and body is thus an instance of the general matter-form relationship: the ensouled body is \"in-formed matter,\" where the soul acts as the organizing principle that accounts for all vital functions—nutrition, perception, and thought—in virtue of being the system of active abilities inherent to that organism [Source: ancient-soul; Source: dualism].\n\nCommentators are divided on whether this constitutes non-reductive hylomorphism or a kind of property dualism. \n\n**The Non-Reductive Form-of-the-Body Reading:**\nThis view holds that Aristotle steers a middle course between reductive materialism (which identifies the soul with matter) and Platonic substance dualism (which treats the soul as a separate entity). Proponents argue that because form is not identical to matter but rather determines it, the soul is distinct from the body yet inseparable from it in existence—much like shape cannot exist without bronze [Source: aristotle-psychology; Source: dualism]. As noted by Radulphus Brito following Aquinas, if the substantial form were removed, the subject would be named only equivocally (e.g., a dead horse is called \"horse\" only in name), proving the soul is an intrinsic perfection of the living body rather than an extrinsic addition or mere property [Source: radulphus-brito]. This reading emphasizes that Aristotle’s hylomorphism provides a unified explanatory framework where vital functions are performed by natural organisms due to their specific structural complexity and active abilities [Source: ancient-soul].\n\n**The Property Dualism / Immaterial Intellect Reading:**\nOther commentators point to passages suggesting dualist elements. While Aristotle generally claims the soul is not separable from the body, he appends the observation that certain parts of it may be separable because they \"are not the actualities of any part of the body\" (*De Anima* ii 1, 413a6–7) [Source: aristotle-psychology; Source: byzantine-philosophy]. This refers specifically to *nous* (intellect/mind). In Book III of *De Anima*, Aristotle describes an intellect that lacks a bodily organ and is \"alone immortal and eternal,\" arguing that if the intellect were in a physical organ, its sensitivity would be restricted just as the eye cannot hear sound [Source: dualism]. Because the intellect can think about all material forms without restriction, it must be immaterial. Some interpreters read this as a form of property or substance dualism where at least one faculty—the active intellect—is distinct from the body’s matter, potentially surviving death [Source: byzantine-philosophy; Source: medieval-philosophy]. This creates tension with his general hylomorphism, leading some to view him as holding two conflicting views: an embodied soul for most functions and an unembodied intellect for reasoning [Source: aristotle-psychology].\n\nI don't have reliable information on whether modern neuroscience has resolved the specific \"property vs. non-reductive\" debate regarding Aristotle's *nous*.",
        "reasoning_chars": 0,
        "stream_wall_ms": 72147,
        "total_latency_ms": 66027,
        "intent": "DeepQuery",
        "source_origins": [
          "sep"
        ],
        "retrieved_chunk_count": 35,
        "chunks_fact_score": {
          "matched": [
            "hylomorphism",
            "form",
            "matter",
            "Aristotle",
            "substance",
            "De Anima",
            "soul"
          ],
          "missing": [
            "actuality"
          ],
          "total_expected": 8,
          "ratio": 0.875
        },
        "judge_fact_score": {
          "matched": [
            "hylomorphism",
            "form",
            "matter",
            "Aristotle",
            "substance",
            "De Anima",
            "soul",
            "actuality"
          ],
          "missing": [],
          "total_expected": 8,
          "ratio": 1.0
        },
        "judge_evidence": [
          {
            "fact": "hylomorphism",
            "present": true,
            "evidence": "\"Aristotle's hylomorphic account of substance posits that physical objects are compounds (synola) of matter and form.\""
          },
          {
            "fact": "form",
            "present": true,
            "evidence": "\"Aristotle's hylomorphic account of substance posits that physical objects are compounds (synola) of matter and form.\""
          },
          {
            "fact": "matter",
            "present": true,
            "evidence": "\"Aristotle's hylomorphic account of substance posits that physical objects are compounds (synola) of matter and form.\""
          },
          {
            "fact": "Aristotle",
            "present": true,
            "evidence": "\"Aristotle's hylomorphic account of substance posits that physical objects are compounds (synola) of matter and form.\""
          },
          {
            "fact": "substance",
            "present": true,
            "evidence": "\"Aristotle's hylomorphic account of substance posits that physical objects are compounds (synola) of matter and form.\""
          },
          {
            "fact": "De Anima",
            "present": true,
            "evidence": "\"In *De Anima* II.1, Aristotle applies this framework to living beings by defining the soul as...\""
          },
          {
            "fact": "soul",
            "present": true,
            "evidence": "\"In De Anima II.1, Aristotle applies this framework to living beings by defining the soul as the 'first actuality of a natural body...'"
          },
          {
            "fact": "actuality",
            "present": true,
            "evidence": "\"form is the actuality or essence that makes it what it is\""
          }
        ]
      }
    },
    {
      "question_id": "position_summary_husserl_heidegger",
      "category": "position_summary",
      "question": "What is Husserl's transcendental reduction (the epoché), and how does\nHeidegger's analysis of being-in-the-world in Being and Time depart\nfrom the methodological commitments of Husserlian phenomenology?\n",
      "retrieved": [
        {
          "corpus_id": "sep",
          "title": "sep",
          "url": null,
          "score": 0.0,
          "snippet": "Heidegger reorients hermeneutics from Husserl's epistemological foundations to fundamental ontological inquiries into human existence, arguing that the phenomenological epoché is inadequate for...",
          "source": "raptor"
        },
        {
          "corpus_id": "sep",
          "title": "sep",
          "url": null,
          "score": 0.0,
          "snippet": "Husserl develops transcendental phenomenology to analyze the essential structures of consciousness, employing methods such as eidetic reduction and various forms of epoché to bracket naive...",
          "source": "raptor"
        },
        {
          "corpus_id": "sep",
          "title": "sep",
          "url": null,
          "score": 0.0,
          "snippet": "Husserl’s phenomenology analyzes intentional consciousness by distinguishing between propositional meanings, indexical contents anchored to a determinable X, and the noematic quality of...",
          "source": "raptor"
        },
        {
          "corpus_id": "sep",
          "title": "sep",
          "url": null,
          "score": 0.0,
          "snippet": "Heidegger argues that Western philosophy has forgotten the question of Being, necessitating a fundamental ontology grounded in Dasein's pre-ontological understanding. He characterizes human existence...",
          "source": "raptor"
        },
        {
          "corpus_id": "sep",
          "title": "sep",
          "url": null,
          "score": 0.0,
          "snippet": "Heidegger argues that Dasein's existence is fundamentally grounded in temporality, which serves as the transcendental condition for spatiality, care, and intelligibility. This framework posits that...",
          "source": "raptor"
        },
        {
          "corpus_id": "sep",
          "title": "sep",
          "url": null,
          "score": 0.0,
          "snippet": "Martin Heidegger argues that Western philosophy has forgotten the question of Being, necessitating a fundamental ontology grounded in Dasein's pre-ontological understanding and temporality. His work...",
          "source": "raptor"
        },
        {
          "corpus_id": "sep",
          "title": "sep",
          "url": null,
          "score": 0.0,
          "snippet": "Heidegger's analysis of Van Gogh’s painting is defended as a valid phenomenological inquiry into equipmentality that reveals primordial modes of existence, rendering Schapiro’s criticism...",
          "source": "raptor"
        },
        {
          "corpus_id": "sep",
          "title": "sep",
          "url": null,
          "score": 0.0,
          "snippet": "Heidegger's philosophy evolves from analyzing Dasein's spatial Being-in-the-world to defining human essence as dwelling within the fourfold, which involves safeguarding the truth of Being. This later...",
          "source": "raptor"
        },
        {
          "corpus_id": "sep",
          "title": "heidegger",
          "url": "https://plato.stanford.edu/entries/heidegger/",
          "score": 0.0,
          "snippet": "[Atlas highlights]\nArgument: Heidegger's critique of Husserlian phenomenology [from heidegger]\n  P1. Husserl views philosophy as renouncing theory and concentrating on things given directly in..."
        },
        {
          "corpus_id": "sep",
          "title": "heidegger",
          "url": "https://plato.stanford.edu/entries/heidegger/",
          "score": 0.0,
          "snippet": "[Atlas highlights]\n[Martin Heidegger (heidegger)]: \"“‘De-severing’ amounts to making the farness vanish—that is, making the remoteness of something disappear, bringing it close” (Being and..."
        },
        {
          "corpus_id": "sep",
          "title": "husserl",
          "url": "https://plato.stanford.edu/entries/husserl/",
          "score": 0.0,
          "snippet": "husserl\n\nIn the first decade of the 20th century, Husserl considerably refined and modified his method into what he called “transcendental phenomenology”. This method has us focus on the..."
        },
        {
          "corpus_id": "sep",
          "title": "heidegger",
          "url": "https://plato.stanford.edu/entries/heidegger/",
          "score": 0.0,
          "snippet": "[Atlas highlights]\n[Martin Heidegger (heidegger)]: \"Therefore fundamental ontology, from which alone all other ontologies can take their rise, must be sought in the existenti\"\n[Martin Heidegger..."
        },
        {
          "corpus_id": "sep",
          "title": "time",
          "url": "https://plato.stanford.edu/entries/time/",
          "score": 0.0,
          "snippet": "time\n\nTo get an intuitive idea of what temporal parts are supposed to be, think of a film strip depicting you as you walk across a room. It is made up of many frames, and each frame shows you at a..."
        },
        {
          "corpus_id": "sep",
          "title": "husserl",
          "url": "https://plato.stanford.edu/entries/husserl/",
          "score": 0.0,
          "snippet": "[Atlas highlights]\n[Edmund Husserl (husserl)]: \"On Husserl’s view, that thought simply lacks a corresponding object; the intentional act is 'merely as of', but not really of, an object.\"\n[Edmund..."
        },
        {
          "corpus_id": "sep",
          "title": "husserl",
          "url": "https://plato.stanford.edu/entries/husserl/",
          "score": 0.0,
          "snippet": "[Atlas highlights]\n[Edmund Husserl (husserl)]: \"intentional content thus understood determines reference in much the same way more recent externalist theories of content would have it\"\nArgument:..."
        },
        {
          "corpus_id": "sep",
          "title": "phenomenology",
          "url": "https://plato.stanford.edu/entries/phenomenology/",
          "score": 0.0,
          "snippet": "phenomenology\n\nIn Being and Time (1927) Heidegger unfurled his rendition of phenomenology. For Heidegger, we and our activities are always “in the world”, our being is being-in-the-world, so we..."
        },
        {
          "corpus_id": "sep",
          "title": "findlay",
          "url": "https://plato.stanford.edu/entries/findlay/",
          "score": 0.0,
          "snippet": "findlay\n\nFindlay attitude towards Husserl was conflicted. On the one hand, he declared, more than once and without qualification, that Husserl was “the greatest philosopher of the twentieth..."
        },
        {
          "corpus_id": "sep",
          "title": "gasset",
          "url": "https://plato.stanford.edu/entries/gasset/",
          "score": 0.0,
          "snippet": "gasset\n\nOrtega’s dissatisfaction with this psychological understanding of theIdeas anticipated, in part, statements made by Husserl in 1935. In his Crisis for European Sciences and Transcendental..."
        },
        {
          "corpus_id": "sep",
          "title": "hermeneutics",
          "url": "https://plato.stanford.edu/entries/hermeneutics/",
          "score": 0.0,
          "snippet": "hermeneutics\n\nHeidegger clarifies the role played by hermeneutics in his early phenomenological inquiries into human existence through a critical reconsideration of Husserl’s classical..."
        },
        {
          "corpus_id": "sep",
          "title": "consciousness-intentionality",
          "url": "https://plato.stanford.edu/entries/consciousness-intentionality/",
          "score": 0.0,
          "snippet": "consciousness-intentionality\n\nInterpretations of Husserl diverge, partly due to difficulties in being clear about how to interpret his shift from the “quality/matter” to the “noema”..."
        },
        {
          "corpus_id": "sep",
          "title": "heidegger-aesthetics",
          "url": "https://plato.stanford.edu/entries/heidegger-aesthetics/",
          "score": 0.0,
          "snippet": "heidegger-aesthetics\n\nAbbreviations Used for Works by Heidegger (translations often modified)"
        },
        {
          "corpus_id": "sep",
          "title": "schutz",
          "url": "https://plato.stanford.edu/entries/schutz/",
          "score": 0.0,
          "snippet": "schutz\n\nSchutz’s philosophical targeting of the social world had its repercussions upon phenomenology, particularly in his critique near the end of his career of Husserl’s account (also referred..."
        },
        {
          "corpus_id": "sep",
          "title": "existentialism",
          "url": "https://plato.stanford.edu/entries/existentialism/",
          "score": 0.0,
          "snippet": "existentialism\n\nAs Sartre and Merleau-Ponty would later do, Heidegger pursued these issues with the somewhat unlikely resources of Edmund Husserl’s phenomenological method. And while not all..."
        },
        {
          "corpus_id": "sep",
          "title": "phenomenology-mg",
          "url": "https://plato.stanford.edu/entries/phenomenology-mg/",
          "score": 0.0,
          "snippet": "phenomenology-mg\n\nThe first volume of the Yearbook also featured Husserl’s Ideas Pertaining to a Pure Phenomenology and to a Phenomenological Philosophy, where Husserl places transcendental..."
        },
        {
          "corpus_id": "sep",
          "title": "moral-phenomenology",
          "url": "https://plato.stanford.edu/entries/moral-phenomenology/",
          "score": 0.0,
          "snippet": "moral-phenomenology\n\nThe specification of the main theme of phenomenology as intentionality is a result of exercising the “phenomenological reduction” (Husserl 1913: §§30–84). Without..."
        },
        {
          "corpus_id": "sep",
          "title": "levinas",
          "url": "https://plato.stanford.edu/entries/levinas/",
          "score": 0.0,
          "snippet": "levinas\n\nLevinas published his thesis, The Theory of Intuition in Husserl’s Phenomenology, in 1930. It was the first book-length introduction to Husserl’s thought in French. By focusing on the..."
        },
        {
          "corpus_id": "sep",
          "title": "personalism",
          "url": "https://plato.stanford.edu/entries/personalism/",
          "score": 0.0,
          "snippet": "personalism\n\nPersonalism in Germany was closely wedded to another philosophical school, phenomenology, developed by Austrian-born Edmund Husserl (1859–1938).  Like existentialism and French..."
        },
        {
          "corpus_id": "sep",
          "title": "time",
          "url": "https://plato.stanford.edu/entries/time/",
          "score": 0.0,
          "snippet": "time\n\nTenseless Proposition: “Sullivan eats a burrito at &lt;insert present time stamp&gt;”."
        },
        {
          "corpus_id": "sep",
          "title": "heidegger",
          "url": "https://plato.stanford.edu/entries/heidegger/",
          "score": 0.0,
          "snippet": "heidegger\n\nDasein is, then, our primary ‘object’ of study, and our point of investigative departure is Dasein's everyday encounters with entities. But what sort of philosophical method is..."
        },
        {
          "corpus_id": "sep",
          "title": "husserl",
          "url": "https://plato.stanford.edu/entries/husserl/",
          "score": 0.0,
          "snippet": "husserl\n\nIn the year 1916 Husserl became Heinrich Rickert’s successor as full professor (“Ordinarius”) in Freiburg/Breisgau, where (among many other things) he worked on passive synthesis (cf...."
        },
        {
          "corpus_id": "sep",
          "title": "time",
          "url": "https://plato.stanford.edu/entries/time/",
          "score": 0.0,
          "snippet": "time\n\nNote: This entry does not discuss the consciousness, perception, experience, or phenomenology of time. A historical overview and general presentation of the various views is available in the..."
        },
        {
          "corpus_id": "sep",
          "title": "time",
          "url": "https://plato.stanford.edu/entries/time/",
          "score": 0.0,
          "snippet": "time\n\nDiscussions of the nature of time, and of various issues related to time, have always featured prominently in philosophy, but they have been especially important since the beginning of the..."
        },
        {
          "corpus_id": "sep",
          "title": "phenomenology",
          "url": "https://plato.stanford.edu/entries/phenomenology/",
          "score": 0.0,
          "snippet": "phenomenology\n\nPhilosophers succeeding Husserl debated the proper characterization of phenomenology, arguing over its results and its methods. Adolf Reinach, an early student of Husserl’s (who died..."
        },
        {
          "corpus_id": "sep",
          "title": "phenomenology",
          "url": "https://plato.stanford.edu/entries/phenomenology/",
          "score": 0.0,
          "snippet": "phenomenology\n\nHusserl’s work was followed by a flurry of phenomenological writing in the first half of the 20th century. The diversity of traditional phenomenology is apparent in the Encyclopedia..."
        },
        {
          "corpus_id": "sep",
          "title": "phenomenology",
          "url": "https://plato.stanford.edu/entries/phenomenology/",
          "score": 0.0,
          "snippet": "phenomenology\n\nIn Ideas I Husserl presented phenomenology with a transcendental turn. In part this means that Husserl took on the Kantian idiom of “transcendental idealism”, looking for..."
        }
      ],
      "source_score": {
        "matched": [
          "husserl",
          "heidegger"
        ],
        "missing": [],
        "total_expected": 2,
        "ratio": 1.0
      },
      "fact_score": {
        "matched": [
          "epoché",
          "transcendental reduction",
          "Husserl",
          "phenomenology",
          "Heidegger",
          "being-in-the-world",
          "Dasein",
          "ready-to-hand"
        ],
        "missing": [],
        "total_expected": 8,
        "ratio": 1.0
      },
      "embed_ms": 0,
      "search_ms": 0,
      "corpora_hit": [
        "sep"
      ],
      "vector_eligible": true,
      "synth": {
        "answer": "Husserl’s transcendental reduction (the epoché) is a methodological procedure in which the phenomenologist suspends or \"brackets\" all existence assumptions concerning the external world and objects of everyday experience [Source: husserl]. By withholding commitment to whether these entities actually exist, Husserl aims to shift focus from the natural attitude—where we take the world for granted—to the essential structures of intentional consciousness itself. This allows the phenomenologist to investigate how objects \"constitute themselves\" within pure consciousness, establishing a radically unprejudiced foundation for philosophy as an *a priori* discipline distinct from psychology [Source: husserl; Source: personalism].\n\nHeidegger’s analysis of being-in-the-world in *Being and Time* departs from this methodological framework by rejecting the necessity and possibility of such theoretical detachment. Heidegger argues that human existence (Dasein) is fundamentally characterized by practical involvement with entities rather than detached observation or conscious representation. Consequently, he replaces Husserlian intentionality—which focuses on the relationship between a subject's act and its object—with \"care\" (*Sorge*), described as a non-intentional openness to the world [Source: heidegger]. \n\nSpecifically, Heidegger’s departure involves three key shifts:\n1.  **Rejection of Bracketing:** Instead of bracketing the world to study consciousness, phenomenology for Heidegger must interpret our activities within their contextual relations in the world [Source: phenomenology]. \n2.  **Primacy of Practice over Theory:** Heidegger contends that our most basic way of encountering entities is through practical use (e.g., hammering), where things appear as equipment ready-to-hand rather than present-at-hand objects of theoretical scrutiny [Source: phenomenology; Source: heidegger].\n3.  **Hermeneutic Phenomenology vs. Transcendental Description:** While Husserl seeks a presuppositionless description of essences via reduction, Heidegger adopts \"hermeneutical\" phenomenology. This approach asserts that all understanding is interpretive and grounded in Dasein’s pre-ontological understanding of Being, which cannot be suspended but must instead be explicitly clarified through fundamental ontology [Source: hermeneutics; Source: heidegger].\n\nWant me to explore how this shift from intentionality to care influences later existentialist thought?\n\n---\n*Verification note: these statements could not be confirmed against your sources — treat them as unverified:*\n- non-intentional openness",
        "reasoning_chars": 0,
        "stream_wall_ms": 56980,
        "total_latency_ms": 50017,
        "intent": "DeepQuery",
        "source_origins": [
          "sep"
        ],
        "retrieved_chunk_count": 35,
        "chunks_fact_score": {
          "matched": [
            "epoché",
            "transcendental reduction",
            "Husserl",
            "phenomenology",
            "Heidegger",
            "being-in-the-world",
            "Dasein"
          ],
          "missing": [
            "ready-to-hand"
          ],
          "total_expected": 8,
          "ratio": 0.875
        },
        "judge_fact_score": {
          "matched": [
            "epoché",
            "transcendental reduction",
            "Husserl",
            "phenomenology",
            "Heidegger",
            "being-in-the-world",
            "Dasein",
            "ready-to-hand"
          ],
          "missing": [],
          "total_expected": 8,
          "ratio": 1.0
        },
        "judge_evidence": [
          {
            "fact": "epoché",
            "present": true,
            "evidence": "\"Husserl's transcendental reduction (the epoché) is a methodological procedure in which the phenomenologist suspends or 'brackets' all existence assumptions\""
          },
          {
            "fact": "transcendental reduction",
            "present": true,
            "evidence": "\"Husserl's transcendental reduction (the epoché) is a methodological procedure in which the phenomenologist suspends or 'brackets' all existence assumptions...\""
          },
          {
            "fact": "Husserl",
            "present": true,
            "evidence": "\"Husserl's transcendental reduction (the epoché) is a methodological procedure...\""
          },
          {
            "fact": "phenomenology",
            "present": true,
            "evidence": "\"Husserl's transcendental reduction (the epoché) is a methodological procedure in which the phenomenologist suspends or 'brackets' all existence assumptions...\""
          },
          {
            "fact": "Heidegger",
            "present": true,
            "evidence": "\"Heidegger's analysis of being-in-the-world in Being and Time departs from this methodological framework...\""
          },
          {
            "fact": "being-in-the-world",
            "present": true,
            "evidence": "\"Heidegger's analysis of being-in-the-world in Being and Time departs from this methodological framework...\""
          },
          {
            "fact": "Dasein",
            "present": true,
            "evidence": "\"Heidegger argues that human existence (Dasein) is fundamentally characterized by practical involvement with entities rather than detached observation or conscious representation.\""
          },
          {
            "fact": "ready-to-hand",
            "present": true,
            "evidence": "\"...things appear as equipment ready-to-hand rather than present-at-hand objects of theoretical scrutiny\""
          }
        ]
      }
    },
    {
      "question_id": "comparative_mencius_xunzi_human_nature",
      "category": "comparative",
      "question": "Compare Mencius's and Xunzi's accounts of human nature (xing), and\nexplain how their different starting points lead to different views on\nthe role of ritual (li) in moral cultivation.\n",
      "retrieved": [
        {
          "corpus_id": "sep",
          "title": "sep",
          "url": null,
          "score": 0.0,
          "snippet": "Mencius advanced the claim that human nature is good as a strategic defense of Confucianism against the doctrines of Mohists and Yang Zhu. He argued that ethical cultivation involves extending innate...",
          "source": "raptor"
        },
        {
          "corpus_id": "sep",
          "title": "sep",
          "url": null,
          "score": 0.0,
          "snippet": "The passages contrast Mencius's view of innate moral predispositions with Xunzi's assertion that human nature is inherently self-serving, requiring conscious effort and social constructs to achieve...",
          "source": "raptor"
        },
        {
          "corpus_id": "sep",
          "title": "sep",
          "url": null,
          "score": 0.0,
          "snippet": "Mencius argues that human nature is inherently good, characterized by innate sprouts of benevolence, righteousness, wisdom, and propriety that develop into virtues through proper environmental...",
          "source": "raptor"
        },
        {
          "corpus_id": "sep",
          "title": "sep",
          "url": null,
          "score": 0.0,
          "snippet": "Xunzi argues that human nature is inherently detestable, requiring transformation through ritual and moral artifice rather than abandonment. This process relies on the heart-mind to perceive and...",
          "source": "raptor"
        },
        {
          "corpus_id": "sep",
          "title": "sep",
          "url": null,
          "score": 0.0,
          "snippet": "The passages argue that the Confucian concepts of ren (humaneness) and li (ritual propriety) are mutually constitutive rather than merely instrumental, with ritual serving as both a necessary...",
          "source": "raptor"
        },
        {
          "corpus_id": "sep",
          "title": "sep",
          "url": null,
          "score": 0.0,
          "snippet": "Xunzi argues that rituals (li) are not arbitrary social conventions but essential frameworks for moral development, emotional expression, and political order because they align with fundamental human...",
          "source": "raptor"
        },
        {
          "corpus_id": "sep",
          "title": "sep",
          "url": null,
          "score": 0.0,
          "snippet": "Mozi and his followers reject traditional ritual propriety (li) as an insufficient moral guide because customs vary across cultures and may be inherently wrong. Instead, they argue that effective...",
          "source": "raptor"
        },
        {
          "corpus_id": "sep",
          "title": "sep",
          "url": null,
          "score": 0.0,
          "snippet": "The passages argue that principle (li) and vital force (qi) are inseparable, rejecting the Song dynasty bifurcation of human nature into a superior heavenly aspect and an inferior physical one. This...",
          "source": "raptor"
        },
        {
          "corpus_id": "sep",
          "title": "mencius",
          "url": "https://plato.stanford.edu/entries/mencius/",
          "score": 0.0,
          "snippet": "[Atlas highlights]\nArgument: The Argument from Innate Tendencies (Human Nature is Good) [from mencius]\n  P1. Humans have innate tendencies toward benevolence. righteousness, wisdom, and propriety.\n ..."
        },
        {
          "corpus_id": "sep",
          "title": "mencius",
          "url": "https://plato.stanford.edu/entries/mencius/",
          "score": 0.0,
          "snippet": "[Atlas highlights]\n[mencius]: \"'Once the roots are firmly established, the Way will grow.' Might we not say that filial piety and respect for elders constitute the root of Goode?\"\nDefining Heaven..."
        },
        {
          "corpus_id": "sep",
          "title": "mencius",
          "url": "https://plato.stanford.edu/entries/mencius/",
          "score": 0.0,
          "snippet": "[Atlas highlights]\nArgument: The Argument from Extension (via the Ox Example) [from mencius]\n  P1. A ruler shows compassion for an ox being led to slaughter by sparing it (C1).\n  P2. The ruler's..."
        },
        {
          "corpus_id": "sep",
          "title": "xunzi",
          "url": "https://plato.stanford.edu/entries/xunzi/",
          "score": 0.0,
          "snippet": "[Atlas highlights]\nArgument: Theory of Omenology via Qi (Lu Jia) [from xunzi]\n  P1. Societies fail because human action causes it, not due to Heaven's will.\n  P2. Bad government produces bad qi.\n  C...."
        },
        {
          "corpus_id": "sep",
          "title": "xunzi",
          "url": "https://plato.stanford.edu/entries/xunzi/",
          "score": 0.0,
          "snippet": "[Atlas highlights]\n[Xunzi (xunzi)]: \"No human being, not even a sage, can know Heaven, but we can learn Heaven’s Way\"\n[Xunzi (xunzi)]: \"rituals are not merely received practices or convenient..."
        },
        {
          "corpus_id": "sep",
          "title": "xunzi",
          "url": "https://plato.stanford.edu/entries/xunzi/",
          "score": 0.0,
          "snippet": "[Atlas highlights]\nArgument: Argument Against Purely Conventionalist View of Rituals [from xunzi]\n  P1. Some describe rituals as efficient social conventions.\n  P2. Xunzi denies that arbitrarily..."
        },
        {
          "corpus_id": "sep",
          "title": "ethics-chinese",
          "url": "https://plato.stanford.edu/entries/ethics-chinese/",
          "score": 0.0,
          "snippet": "ethics-chinese\n\nAnother disagreement between Mencius and Xunzi has to do with Mencius’ claim that human nature contains moral predispositions. As indicated earlier, such Mencian predispositions..."
        },
        {
          "corpus_id": "sep",
          "title": "comparphil-chiwes",
          "url": "https://plato.stanford.edu/entries/comparphil-chiwes/",
          "score": 0.0,
          "snippet": "comparphil-chiwes\n\nThe differences between Mencius’ and Xunzi’s theories are substantial and raise sophisticated philosophical issues that remain relevant to this day. Xunzi launched a vigorous..."
        },
        {
          "corpus_id": "sep",
          "title": "song-ming-confucianism",
          "url": "https://plato.stanford.edu/entries/song-ming-confucianism/",
          "score": 0.0,
          "snippet": "song-ming-confucianism\n\nBy the start of the Song dynasty, the Chinese character xing 性, which is usually translated as “nature” or “the nature”, had long been used to refer to important..."
        },
        {
          "corpus_id": "sep",
          "title": "japanese-confucian",
          "url": "https://plato.stanford.edu/entries/japanese-confucian/",
          "score": 0.0,
          "snippet": "japanese-confucian\n\nConfucius’ teachings were advanced by various disciples in the late-Zhou period, the most systematic being Mengzi (371–289 B.C.E.), known most commonly in the west by his..."
        },
        {
          "corpus_id": "sep",
          "title": "daoism",
          "url": "https://plato.stanford.edu/entries/daoism/",
          "score": 0.0,
          "snippet": "daoism\n\nZhuangzi built on a related view—that people develop different moral attitudes from different natural upbringings and each feels his own views are obvious and natural. But his version..."
        },
        {
          "corpus_id": "sep",
          "title": "emotions-chinese",
          "url": "https://plato.stanford.edu/entries/emotions-chinese/",
          "score": 0.0,
          "snippet": "emotions-chinese\n\nMany Chinese philosophers discuss qing and its interactive responsiveness and affective sensitivity as a core foundation of moral agency and the communal self. Confucius explains..."
        },
        {
          "corpus_id": "sep",
          "title": "zhuangzi",
          "url": "https://plato.stanford.edu/entries/zhuangzi/",
          "score": 0.0,
          "snippet": "zhuangzi\n\nThe trend from social construction humanism toward naturalism had been gradual. Mozi’s argument for basing such constructions on a natural distinction of benefit and harm was an early..."
        },
        {
          "corpus_id": "sep",
          "title": "confucius",
          "url": "https://plato.stanford.edu/entries/confucius/",
          "score": 0.0,
          "snippet": "confucius\n\nLater writers developed accounts of the sources of benevolent behavior, most famously in the context of the discussion of human nature (xing 性) in the centuries after Confucius. Mencius..."
        },
        {
          "corpus_id": "sep",
          "title": "chinese-social-political",
          "url": "https://plato.stanford.edu/entries/chinese-social-political/",
          "score": 0.0,
          "snippet": "chinese-social-political\n\nRitual (li—a different character from that for “benefit”) was important in many chapters of the Analects, but takes on an even more central role here. While people..."
        },
        {
          "corpus_id": "sep",
          "title": "korean-confucianism",
          "url": "https://plato.stanford.edu/entries/korean-confucianism/",
          "score": 0.0,
          "snippet": "korean-confucianism\n\nThe refining nature of moral education is another important feature of Korean Confucianism, something scholars asserted and accentuated, and even the king was indoctrinated with..."
        },
        {
          "corpus_id": "sep",
          "title": "mohism",
          "url": "https://plato.stanford.edu/entries/mohism/",
          "score": 0.0,
          "snippet": "mohism\n\nOne answer, accepted by many Ru (Confucians) and other “gentlemen of the world” criticized by the Mohists, is the li (ritual propriety, ceremony), a traditional code of propriety..."
        },
        {
          "corpus_id": "sep",
          "title": "han-dynasty",
          "url": "https://plato.stanford.edu/entries/han-dynasty/",
          "score": 0.0,
          "snippet": "han-dynasty\n\nThe Huainanzi has a difficult balancing act to maintain here, however. While it accepts the Daoist view outlined above concerning the efficacy of following nature and the corrosive..."
        },
        {
          "corpus_id": "sep",
          "title": "chinese-metaphysics",
          "url": "https://plato.stanford.edu/entries/chinese-metaphysics/",
          "score": 0.0,
          "snippet": "chinese-metaphysics\n\nAnother common Neo-Confucian claim with Buddhist overtones follows: if the totality of li is included within any particular thing, then it must exist within each person’s..."
        },
        {
          "corpus_id": "sep",
          "title": "zhu-xi",
          "url": "https://plato.stanford.edu/entries/zhu-xi/",
          "score": 0.0,
          "snippet": "zhu-xi\n\nThroughout his career, Zhu Xi focused on the twin problems of 1) determining the conditions of moral agency, and 2) setting forth a viable program of moral self-cultivation on that basis. Zhu..."
        },
        {
          "corpus_id": "sep",
          "title": "mencius",
          "url": "https://plato.stanford.edu/entries/mencius/",
          "score": 0.0,
          "snippet": "mencius\n\nIt is common to observe that Mencius and Xunzi are speaking at cross–purposes, because they assume different conceptions of the key term “nature” (Graham 1967). For Mencius, a..."
        },
        {
          "corpus_id": "sep",
          "title": "xunzi",
          "url": "https://plato.stanford.edu/entries/xunzi/",
          "score": 0.0,
          "snippet": "xunzi\n\nIn Xunzi, “Human Nature is Evil” is framed as an argument with Mencius (who was probably long dead), and takes the view that the xing of human beings is the very opposite of shan, namely..."
        },
        {
          "corpus_id": "sep",
          "title": "song-ming-confucianism",
          "url": "https://plato.stanford.edu/entries/song-ming-confucianism/",
          "score": 0.0,
          "snippet": "song-ming-confucianism\n\nBy locating our good nature in Pattern, however, Cheng Yi introduced new philosophical challenges. His view assumes that all human beings have Pattern at all times, and yet it..."
        },
        {
          "corpus_id": "sep",
          "title": "song-ming-confucianism",
          "url": "https://plato.stanford.edu/entries/song-ming-confucianism/",
          "score": 0.0,
          "snippet": "song-ming-confucianism\n\nThe prominent figures in Song-Ming Confucianism held divergent and often mutually inconsistent views about each of the major issues of their era, but they participated in a..."
        },
        {
          "corpus_id": "sep",
          "title": "song-ming-confucianism",
          "url": "https://plato.stanford.edu/entries/song-ming-confucianism/",
          "score": 0.0,
          "snippet": "song-ming-confucianism\n\nAt the center of this Northern Song group were the brothers Cheng Hao (1032–1085) and Cheng Yi (1033–1107), who studied with both Zhou and Zhang but developed their own..."
        },
        {
          "corpus_id": "sep",
          "title": "ethics-chinese",
          "url": "https://plato.stanford.edu/entries/ethics-chinese/",
          "score": 0.0,
          "snippet": "ethics-chinese\n\nThe passage demonstrates one characteristic of the text that is pertinent to Mencius’s response to Mohism. In contrast to the Analects, the ruler’s duties to care for his people..."
        },
        {
          "corpus_id": "sep",
          "title": "ethics-chinese",
          "url": "https://plato.stanford.edu/entries/ethics-chinese/",
          "score": 0.0,
          "snippet": "ethics-chinese\n\nIn the Xing E (“[Human] Nature is Bad”) chapter, Xunzi explicitly opposes his position on human nature to Mencius’s. He asserts that far from being good, human nature is bad..."
        },
        {
          "corpus_id": "sep",
          "title": "ethics-chinese",
          "url": "https://plato.stanford.edu/entries/ethics-chinese/",
          "score": 0.0,
          "snippet": "ethics-chinese\n\nBesides the concepts of dao and junzi, the concept of ren is a unifying theme in the Analects. Before Confucius’s time, the concept of ren referred to the aristocracy of bloodlines,..."
        }
      ],
      "source_score": {
        "matched": [
          "mencius",
          "xunzi"
        ],
        "missing": [],
        "total_expected": 2,
        "ratio": 1.0
      },
      "fact_score": {
        "matched": [
          "Mencius",
          "Xunzi",
          "human nature",
          "xing",
          "ritual",
          "moral cultivation",
          "Confucian"
        ],
        "missing": [
          "four sprouts"
        ],
        "unscorable": [
          "li"
        ],
        "total_expected": 9,
        "ratio": 0.875
      },
      "embed_ms": 0,
      "search_ms": 0,
      "corpora_hit": [
        "sep"
      ],
      "vector_eligible": true,
      "synth": {
        "answer": "Mencius and Xunzi offer competing accounts of human nature (*xing*), which fundamentally dictate their divergent views on the role of ritual (*li*) in moral cultivation. While both are Confucian thinkers who value ethical development, they disagree on whether morality is an internal growth or an external construction.\n\n### Mencius: Human Nature as Good\n**Starting Point:** Mencius argues that \"human nature is good\" because humans possess innate moral predispositions (often called \"sprouts\") toward benevolence, righteousness, wisdom, and propriety [Source: mencius]. These tendencies manifest naturally through distinctively moral emotions; for example, a ruler’s spontaneous compassion for an ox being led to slaughter reveals an inherent capacity for empathy [Source: mencius]. \n\nMencius uses the metaphor of agriculture to describe human nature: just as a sprout has an innate tendency to mature into a full-grown plant if provided with a healthy environment, humans are born with the potential for virtue that requires nurturing rather than forcing [Source: xunzi].\n\n**Role of Ritual (*li*):** Because morality is already present within us in incipient form, ritual serves primarily as a framework for **extension**. The task of cultivation is to \"extend\" these natural moral feelings—such as extending one’s compassion from family members or even animals to strangers and subjects—to achieve self-correction and social harmony [Source: mencius], [Source: ethics-chinese]. \n\nMencius argues against coercive governance; he believes that guiding people through Virtue and ritual allows them to develop their innate capacities into fully formed virtues without feeling trapped by external punishment [Source: mencius]. Thus, *li* acts as the medium through which our internal goodness is expressed and expanded.\n\n### Xunzi: Human Nature as Evil (or Detestable)\n**Starting Point:** In stark contrast, Xunzi explicitly denies that humans are born with moral predispositions. He defines \"nature\" (*xing*) strictly as what one possesses innately at birth—such as sensory desires for beautiful sights or good flavors—which, if indulged without reflection, lead to violence and anarchy [Source: xunzi], [Source: ethics-chinese]. Because following these spontaneous impulses results in harm, he argues human nature is inherently detestable (\"evil\") [Source: xunzi]. \n\nXunzi uses the metaphor of carpentry to describe cultivation: just as crooked wood must be steamed and straightened on a shaping frame, and blunt metal must be honed to become sharp, humans require external artifice to correct their natural state [Source: xunzi], [Source: ethics-chinese].\n\n**Role of Ritual (*li*):** Since morality does not come from within, it must be constructed externally. Xunzi posits that rituals and standards of righteousness were \"generated\" or invented by ancient sage-kings specifically to solve problems of cooperation arising from human self-seeking behavior [Source: ethics-chinese], [Source: comparphil-chiwes]. \n\nFor Xunzi, ritual is not merely an expression of internal feelings but the essential tool for **transformation**. It provides the necessary structure (\"artifice\") to shape our raw desires into socially harmonious behaviors. He argues against a purely conventionalist view of ritual; rather than being arbitrary social agreements, these rituals are legitimate because they accord with fundamental natural distinctions (such as male/female or old/young) that make humans uniquely human [Source: xunzi]. Therefore, *li* acts as the external standard and training ground required to cultivate virtue in inherently flawed material.\n\n### Summary\nThe core difference lies in their metaphors and sources of morality: Mencius views cultivation as an organic process of growing internal sprouts through reflection and extension, where ritual is the soil for innate goodness [Source: mencius], [Source: ethics-chinese]. Xunzi views it as a mechanical process of correcting raw nature through deliberate effort (*wei*), where ritual is the shaping frame invented by sages to impose order on chaotic desires [Source: xunzi], [Source: ethics-chinese].",
        "reasoning_chars": 0,
        "stream_wall_ms": 66463,
        "total_latency_ms": 61104,
        "intent": "DeepQuery",
        "source_origins": [
          "sep"
        ],
        "retrieved_chunk_count": 36,
        "chunks_fact_score": {
          "matched": [
            "Mencius",
            "Xunzi",
            "human nature",
            "xing",
            "ritual",
            "moral cultivation",
            "Confucian"
          ],
          "missing": [
            "four sprouts"
          ],
          "unscorable": [
            "li"
          ],
          "total_expected": 9,
          "ratio": 0.875
        },
        "judge_fact_score": {
          "matched": [
            "Mencius",
            "Xunzi",
            "human nature",
            "xing",
            "ritual",
            "li",
            "four sprouts",
            "moral cultivation",
            "Confucian"
          ],
          "missing": [],
          "total_expected": 9,
          "ratio": 1.0
        },
        "judge_evidence": [
          {
            "fact": "Mencius",
            "present": true,
            "evidence": "\"Mencius and Xunzi offer competing accounts of human nature...\""
          },
          {
            "fact": "Xunzi",
            "present": true,
            "evidence": "Mencius and Xunzi offer competing accounts of human nature (*xing*)..."
          },
          {
            "fact": "human nature",
            "present": true,
            "evidence": "\"Mencius and Xunzi offer competing accounts of human nature (*xing*), which fundamentally dictate their divergent views on the role of ritual (*li*) in moral cultivation.\""
          },
          {
            "fact": "xing",
            "present": true,
            "evidence": "\"Mencius and Xunzi offer competing accounts of human nature (*xing*)...\""
          },
          {
            "fact": "ritual",
            "present": true,
            "evidence": "\"Mencius and Xunzi offer competing accounts of human nature (xing), which fundamentally dictate their divergent views on the role of ritual (li) in moral cultivation.\""
          },
          {
            "fact": "li",
            "present": true,
            "evidence": "\"...divergent views on the role of ritual (*li*) in moral cultivation.\""
          },
          {
            "fact": "four sprouts",
            "present": true,
            "evidence": "\"Mencius argues that 'human nature is good' because humans possess innate moral predispositions (often called 'sprouts') toward benevolence, righteousness, wisdom, and propriety\""
          },
          {
            "fact": "moral cultivation",
            "present": true,
            "evidence": "\"Mencius and Xunzi offer competing accounts of human nature (xing), which fundamentally dictate their divergent views on the role of ritual (li) in moral cultivation.\""
          },
          {
            "fact": "Confucian",
            "present": true,
            "evidence": "\"While both are Confucian thinkers who value ethical development, they disagree on whether morality is an internal growth or an external construction.\""
          }
        ]
      }
    },
    {
      "question_id": "contested_bioethics_principlism",
      "category": "contested",
      "question": "What are the four principles of biomedical ethics in the Beauchamp-\nChildress framework, and what are the main lines of objection\n(particularist, virtue-ethical, casuist) to principlism as a\nmethodology in bioethics?\n",
      "retrieved": [
        {
          "corpus_id": "sep",
          "title": "sep",
          "url": null,
          "score": 0.0,
          "snippet": "Bioethical theory has evolved from abstract high-level principles to mid-level approaches like Beauchamp and Childress's four-principles framework, which relies on common morality and wide reflective...",
          "source": "raptor"
        },
        {
          "corpus_id": "sep",
          "title": "sep",
          "url": null,
          "score": 0.0,
          "snippet": "Biomedicine is characterized as a reductionist, hegemonic framework that prioritizes biochemical mechanisms and clinical interventions while excluding holistic or social determinants of health....",
          "source": "raptor"
        },
        {
          "corpus_id": "sep",
          "title": "sep",
          "url": null,
          "score": 0.0,
          "snippet": "Biomedicine is characterized by a reductionist framework that prioritizes physical and biochemical explanations while excluding non-biological factors, leading to significant philosophical debates...",
          "source": "raptor"
        },
        {
          "corpus_id": "sep",
          "title": "sep",
          "url": null,
          "score": 0.0,
          "snippet": "Moral particularism argues that moral reasons are variable and context-dependent, rejecting the generalist view that features consistently contribute to rightness via invariant principles. Proponents...",
          "source": "raptor"
        },
        {
          "corpus_id": "sep",
          "title": "sep",
          "url": null,
          "score": 0.0,
          "snippet": "Contractualism is an impartial moral theory grounded in the equal status of rational agents, defining morality through principles that cannot be reasonably rejected by those affected. It...",
          "source": "raptor"
        },
        {
          "corpus_id": "sep",
          "title": "sep",
          "url": null,
          "score": 0.0,
          "snippet": "Thomas Reid argues that moral first principles are objective and irreducible, rejecting Humean conventionalism and sentimentalism in favor of a robust intuitionist framework. He posits that humans...",
          "source": "raptor"
        },
        {
          "corpus_id": "sep",
          "title": "sep",
          "url": null,
          "score": 0.0,
          "snippet": "The text outlines the central debate between moral generalists, who argue that principles are essential for guiding action and ensuring impartiality, and particularists, who oppose reliance on such...",
          "source": "raptor"
        },
        {
          "corpus_id": "sep",
          "title": "sep",
          "url": null,
          "score": 0.0,
          "snippet": "The passages examine the philosophical and practical dimensions of beneficence, contrasting it with benevolence while tracing its evolution through major ethical frameworks such as those proposed by...",
          "source": "raptor"
        },
        {
          "corpus_id": "sep",
          "title": "theory-bioethics",
          "url": "https://plato.stanford.edu/entries/theory-bioethics/",
          "score": 0.0,
          "snippet": "[Atlas highlights]\n[Bernard Gert (theory-bioethics) — contested]: \"Such critics claim that without a clear prioritising of principles... [the] principles-centered approach lacks..."
        },
        {
          "corpus_id": "sep",
          "title": "theory-bioethics",
          "url": "https://plato.stanford.edu/entries/theory-bioethics/",
          "score": 0.0,
          "snippet": "theory-bioethics\n\nFinally, Beauchamp and Childress themselves recently acknowledge two misunderstandings of their four principles framework. The first misunderstanding is that the framework..."
        },
        {
          "corpus_id": "sep",
          "title": "feminist-bioethics",
          "url": "https://plato.stanford.edu/entries/feminist-bioethics/",
          "score": 0.0,
          "snippet": "feminist-bioethics\n\nFeminist critique also addresses the fundamental theory of mainstream bioethics. Feminist-friendly bioethicists have noted systemic weaknesses in the explanatory framework that..."
        },
        {
          "corpus_id": "sep",
          "title": "ethics-virtue",
          "url": "https://plato.stanford.edu/entries/ethics-virtue/",
          "score": 0.0,
          "snippet": "ethics-virtue\n\nNevertheless, the complaint that virtue ethics does not produce codifiable principles is still a commonly voiced criticism of the approach, expressed as the objection that it is, in..."
        },
        {
          "corpus_id": "sep",
          "title": "publichealth-ethics",
          "url": "https://plato.stanford.edu/entries/publichealth-ethics/",
          "score": 0.0,
          "snippet": "publichealth-ethics\n\nAs we noted in the introduction to this entry, many real-world challenges in public health require attending to both questions of justice as well as questions of legitimacy in..."
        },
        {
          "corpus_id": "sep",
          "title": "technology",
          "url": "https://plato.stanford.edu/entries/technology/",
          "score": 0.0,
          "snippet": "technology\n\nThe new fields of ethical reflection are often characterized as applied ethics, that is, as applications of theories, normative standards, concepts and methods developed in moral..."
        },
        {
          "corpus_id": "sep",
          "title": "reflective-equilibrium",
          "url": "https://plato.stanford.edu/entries/reflective-equilibrium/",
          "score": 0.0,
          "snippet": "reflective-equilibrium\n\nIn practical ethics, especially bioethics, there has been a vigorous debate about methodology. Some argue that we must root all claims about specific cases in specific ethical..."
        },
        {
          "corpus_id": "sep",
          "title": "principle-beneficence",
          "url": "https://plato.stanford.edu/entries/principle-beneficence/",
          "score": 0.0,
          "snippet": "principle-beneficence\n\nThe principle of beneficence plays a foundational role in the framework of research ethics and federal regulations in the United States (and beyond). This principle’s..."
        },
        {
          "corpus_id": "sep",
          "title": "ethics-indian-buddhism",
          "url": "https://plato.stanford.edu/entries/ethics-indian-buddhism/",
          "score": 0.0,
          "snippet": "ethics-indian-buddhism\n\nSome scholars, such as Charles Hallisey (1996) and Jay Garfield, have concluded that it is futile and misleading to try to interpret Buddhist ethics as a systematic theory..."
        },
        {
          "corpus_id": "sep",
          "title": "biomedicine",
          "url": "https://plato.stanford.edu/entries/biomedicine/",
          "score": 0.0,
          "snippet": "biomedicine\n\nAs noted at the beginning of this entry, critiques of biomedicine tend to focus on elements of biomedicine rather than the whole. There are exceptions to this. This section will review..."
        },
        {
          "corpus_id": "sep",
          "title": "supervenience-ethics",
          "url": "https://plato.stanford.edu/entries/supervenience-ethics/",
          "score": 0.0,
          "snippet": "supervenience-ethics\n\nOne traditional assumption about ethics is that our ethical obligations can be expressed by general ethical principles. This assumption has recently been challenged by ethical..."
        },
        {
          "corpus_id": "sep",
          "title": "justice-virtue",
          "url": "https://plato.stanford.edu/entries/justice-virtue/",
          "score": 0.0,
          "snippet": "justice-virtue\n\nLike Noddings, Virginia Held frames much of the point of the ethics of care against a historical theoretical backdrop of attention to justice (Held 1995, 2004, 2006). To some extent,..."
        },
        {
          "corpus_id": "sep",
          "title": "hume-moral",
          "url": "https://plato.stanford.edu/entries/hume-moral/",
          "score": 0.0,
          "snippet": "hume-moral\n\nLinked with these meta-ethical controversies is the dilemma of understanding the ethical life either as the “ancients” do, in terms of virtues and vices of character, or as the..."
        },
        {
          "corpus_id": "sep",
          "title": "organ-donation",
          "url": "https://plato.stanford.edu/entries/organ-donation/",
          "score": 0.0,
          "snippet": "organ-donation\n\nbeneficence, principle of |  coercion |  death: definition of  |  decision-making capacity |  ethics, biomedical: clinical research |  ethics, biomedical: justice, inequality, and..."
        },
        {
          "corpus_id": "sep",
          "title": "respect",
          "url": "https://plato.stanford.edu/entries/respect/",
          "score": 0.0,
          "snippet": "respect\n\nThe idea that all persons are owed respect has been applied in a wide variety of contexts. For instance, some philosophers employ it to justify various positions in normative ethics, such as..."
        },
        {
          "corpus_id": "sep",
          "title": "ethics-internet-research",
          "url": "https://plato.stanford.edu/entries/ethics-internet-research/",
          "score": 0.0,
          "snippet": "ethics-internet-research\n\nethics, biomedical: clinical research |  ethics: deontological |  informed consent |  privacy"
        },
        {
          "corpus_id": "sep",
          "title": "medicine",
          "url": "https://plato.stanford.edu/entries/medicine/",
          "score": 0.0,
          "snippet": "medicine\n\nbelief merging and judgment aggregation |  ethics, biomedical: theory |  health |  molecular biology |  psychiatry, philosophy of |  reduction, scientific |  reduction, scientific: in..."
        },
        {
          "corpus_id": "sep",
          "title": "moral-particularism-generalism",
          "url": "https://plato.stanford.edu/entries/moral-particularism-generalism/",
          "score": 0.0,
          "snippet": "moral-particularism-generalism\n\nOne might be a particularist or a generalist about moral principles understood in any of these ways. Whether being a particularist or generalist about principles in..."
        },
        {
          "corpus_id": "sep",
          "title": "informed-consent",
          "url": "https://plato.stanford.edu/entries/informed-consent/",
          "score": 0.0,
          "snippet": "informed-consent\n\nThe 1970s saw the ascent of a second rationale,  autonomy,  as the predominant justification of informed consent, through influential work by Ruth Faden, Tom Beauchamp, James..."
        },
        {
          "corpus_id": "sep",
          "title": "principle-beneficence",
          "url": "https://plato.stanford.edu/entries/principle-beneficence/",
          "score": 0.0,
          "snippet": "principle-beneficence\n\nCopyright © 2019 by   Tom Beauchamp &lt;beauchat@georgetown.edu&gt;"
        },
        {
          "corpus_id": "sep",
          "title": "theory-bioethics",
          "url": "https://plato.stanford.edu/entries/theory-bioethics/",
          "score": 0.0,
          "snippet": "theory-bioethics\n\nThere are other approaches to bioethics that embody alternatives to high theory. The first, casuistry, can in some sense be understood as a critical response to early versions of..."
        },
        {
          "corpus_id": "sep",
          "title": "theory-bioethics",
          "url": "https://plato.stanford.edu/entries/theory-bioethics/",
          "score": 0.0,
          "snippet": "theory-bioethics\n\nThe move to what is often referred to as mid-level theorizing was (partly) a result of the challenges with high theory just discussed, and manifested most prominently by the 1979..."
        },
        {
          "corpus_id": "sep",
          "title": "feminist-bioethics",
          "url": "https://plato.stanford.edu/entries/feminist-bioethics/",
          "score": 0.0,
          "snippet": "feminist-bioethics\n\nAs the preceding discussion illustrates, feminists have participated in scholarly discussion of virtually all the major topics in bioethics.  Their contributions are distinctive..."
        },
        {
          "corpus_id": "sep",
          "title": "feminist-bioethics",
          "url": "https://plato.stanford.edu/entries/feminist-bioethics/",
          "score": 0.0,
          "snippet": "feminist-bioethics\n\nAs feminist scholars and activists turned their attention to the rapidly expanding field of bioethics in the second half of the twentieth century, feminist bioethics began to..."
        },
        {
          "corpus_id": "sep",
          "title": "feminist-bioethics",
          "url": "https://plato.stanford.edu/entries/feminist-bioethics/",
          "score": 0.0,
          "snippet": "feminist-bioethics\n\nFeminist bioethics’ theoretical approaches also take some distinctive approaches to ontology and epistemology that challenge traditional philosophical positions on the way that..."
        },
        {
          "corpus_id": "sep",
          "title": "publichealth-ethics",
          "url": "https://plato.stanford.edu/entries/publichealth-ethics/",
          "score": 0.0,
          "snippet": "publichealth-ethics\n\nThere is no standard way of organizing the ethics of clinical practice, public health, and biomedical science. These different fields are often presented as discrete areas of..."
        },
        {
          "corpus_id": "sep",
          "title": "publichealth-ethics",
          "url": "https://plato.stanford.edu/entries/publichealth-ethics/",
          "score": 0.0,
          "snippet": "publichealth-ethics\n\nIn large part in response to these difficulties with cost-benefit analysis and treating maximization as the relevant principle, scholars in public health ethics have defended..."
        },
        {
          "corpus_id": "sep",
          "title": "publichealth-ethics",
          "url": "https://plato.stanford.edu/entries/publichealth-ethics/",
          "score": 0.0,
          "snippet": "publichealth-ethics\n\nSeveral ethics frameworks directed at assisting policymakers in taking this broader perspective attempt to incorporate both value-for-money and other justice-based commitments in..."
        },
        {
          "corpus_id": "sep",
          "title": "technology",
          "url": "https://plato.stanford.edu/entries/technology/",
          "score": 0.0,
          "snippet": "technology\n\nThe scope and the agenda for ethics of technology to a large extent depend on how technology is conceptualized. The second half of the twentieth century has witnessed a richer variety of..."
        },
        {
          "corpus_id": "sep",
          "title": "technology",
          "url": "https://plato.stanford.edu/entries/technology/",
          "score": 0.0,
          "snippet": "technology\n\nPhilosophical reflection on technology is about as old as philosophy itself. Our oldest testimony is from ancient Greece. There are four prominent themes. One early theme is the thesis..."
        },
        {
          "corpus_id": "sep",
          "title": "technology",
          "url": "https://plato.stanford.edu/entries/technology/",
          "score": 0.0,
          "snippet": "technology\n\nA second theme is the thesis that there is a fundamental ontological distinction between natural things and artifacts. According to Aristotle (Physics II.1), the former have their..."
        }
      ],
      "source_score": {
        "matched": [
          "theory-bioethics",
          "feminist-bioethics"
        ],
        "missing": [],
        "total_expected": 2,
        "ratio": 1.0
      },
      "fact_score": {
        "matched": [
          "autonomy",
          "beneficence",
          "justice",
          "Beauchamp",
          "Childress",
          "principlism",
          "casuistry",
          "particularism"
        ],
        "missing": [
          "non-maleficence"
        ],
        "total_expected": 9,
        "ratio": 0.8888889
      },
      "embed_ms": 0,
      "search_ms": 0,
      "corpora_hit": [
        "sep"
      ],
      "vector_eligible": true,
      "synth": {
        "answer": "Based on the provided knowledge base, here is an overview of the Beauchamp-Childress framework and its primary critics.\n\n### The Four Principles\nIn their 1979 work *Principles of Biomedical Ethics*, Tom Beauchamp and James Childress proposed a \"principles-centered approach\" that relies on mid-level moral norms rather than abstract high theory [Source: sep]. While the text explicitly names two of these principles—**autonomy** (often linked to informed consent) and **beneficence**—it notes that they form part of a short list of four basic principles that have become the backbone of contemporary Western health care ethics [Source: respect], [Source: principle-beneficence]. \n\nThe framework is characterized by its pluralism; it avoids relying on a single overarching principle in favor of this set of four, which are understood as *prima facie* binding obligations [Source: theory-bioethics].\n\n### Main Lines of Objection\nCritiques of principlism generally target its abstractness, lack of systematicity, or failure to account for context. The three specific methodologies you asked about offer distinct objections:\n\n**1. Particularist Critique (Moral Particularism)**\nParticularists argue that moral reasons and obligations cannot be codified into universal principles because they are variable and heavily dependent on the specifics of a situation [Source: supervenience-ethics], [Source: sep]. \n*   **The Argument:** They contend that generalists fail to provide a defensible way to identify how features consistently contribute to rightness via invariant rules [Source: sep]. Instead of applying top-down rules, particularists advocate for case-by-case deliberation where individuals discern what matters in each specific context without relying on exceptionless laws or abstract codes [Source: ethics-indian-buddhism], [Source: sep].\n\n**2. Virtue-Ethical Critique (Virtue Ethics)**\nCritics from the virtue tradition argue that medical ethics should be underwritten by moral character and virtues rather than principle-based reasoning [Source: theory-bioethics]. \n*   **The Argument:** They claim a focus on principles lacks \"humanity\" and fails to address the dispositions and traits of individual practitioners [Source: justice-virtue]. A common objection is that because virtue ethics does not produce codifiable, action-guiding rules, it cannot provide clear guidance in clinical practice—a criticism Beauchamp and Childress have addressed by emphasizing how virtues can work alongside principles in practical scenarios [Source: theory-bioethics], [Source: ethics-virtue].\n\n**3. Casuist Critique (Casuistry)**\nCasuists object to what they view as the unidirectional, deductive movement from abstract principles down to specific cases [Source: sep], [Source: theory-bioethics]. \n*   **The Argument:** They argue for a \"bottom-up\" methodology where actual cases are the starting point of moral reasoning rather than an endpoint for applying pre-existing rules [Source: theory-bioethics]. In this view, moral principles should emerge and be refined through our consideration of concrete case studies and analogical reasoning, rather than being imposed upon them [Source: theory-bioethics], [Source: reflective-equilibrium].\n\n### Summary\nWhile Beauchamp and Childress defend their framework as a practical guide that avoids rigid deductivism (noting that any priority ranking would not stand the test of time) [Source: theory-bioethics], these three schools argue that principlism is either too abstract to capture moral reality (**particularists**), ignores the character of the moral agent (**virtue ethicists**), or relies on an artificial top-down logic instead of learning from cases (**casuists**) [Source: sep], [Source: theory-bioethics].\n\n---\n*Verification note: these statements could not be confirmed against your sources — treat them as unverified:*\n- Virtue ethicists claim that principle-based reasoning lacks humanity by ignoring the dispositions and traits of individual practitioners.\n- The text explicitly names two of these principles—autonomy (often linked to informed consent) and beneficence",
        "reasoning_chars": 0,
        "stream_wall_ms": 58302,
        "total_latency_ms": 53770,
        "intent": "DeepQuery",
        "source_origins": [
          "sep"
        ],
        "retrieved_chunk_count": 39,
        "chunks_fact_score": {
          "matched": [
            "autonomy",
            "beneficence",
            "justice",
            "Beauchamp",
            "Childress",
            "casuistry",
            "particularism"
          ],
          "missing": [
            "non-maleficence",
            "principlism"
          ],
          "total_expected": 9,
          "ratio": 0.7777778
        },
        "judge_fact_score": {
          "matched": [
            "autonomy",
            "beneficence",
            "Beauchamp",
            "Childress",
            "principlism",
            "casuistry",
            "particularism"
          ],
          "missing": [
            "non-maleficence",
            "justice"
          ],
          "total_expected": 9,
          "ratio": 0.7777778
        },
        "judge_evidence": [
          {
            "fact": "autonomy",
            "present": true,
            "evidence": "\"While the text explicitly names two of these principles—autonomy (often linked to informed consent) and beneficence\""
          },
          {
            "fact": "beneficence",
            "present": true,
            "evidence": "\"While the text explicitly names two of these principles—autonomy (often linked to informed consent) and beneficence\""
          },
          {
            "fact": "non-maleficence",
            "present": false,
            "evidence": "(absent)"
          },
          {
            "fact": "justice",
            "present": false,
            "evidence": "(absent)"
          },
          {
            "fact": "Beauchamp",
            "present": true,
            "evidence": "\"In their 1979 work Principles of Biomedical Ethics, Tom Beauchamp and James Childress proposed a 'principles-centered approach'\""
          },
          {
            "fact": "Childress",
            "present": true,
            "evidence": "\"In their 1979 work Principles of Biomedical Ethics, Tom Beauchamp and James Childress proposed a 'principles-centered approach'\""
          },
          {
            "fact": "principlism",
            "present": true,
            "evidence": "\"Critiques of principlism generally target its abstractness...\""
          },
          {
            "fact": "casuistry",
            "present": true,
            "evidence": "3. Casuist Critique (Casuistry)\nCasuists object to what they view as the unidirectional, deductive movement from abstract principles down to specific cases"
          },
          {
            "fact": "particularism",
            "present": true,
            "evidence": "\"Particularist Critique (Moral Particularism)\" and \"They contend that generalists fail to provide a defensible way...\""
          }
        ]
      }
    }
  ]
}
