task,url,title,rank,logged_score,replayed_score,label,round,snippet_source
56,https://capcp.la.psu.edu/wp-content/uploads/sites/11/2020/07/NumericalSolutions.pdf,[PDF] Numerical Solutions of Asymmetric  First-Price  Independent Private ...,1,0.0000,0.6552,,1,recorded,
56,https://www.cirje.e.u-tokyo.ac.jp/research/workshops/micro/documents/March20.pdf,Asymmetric First-Price Auctions with Uniform Distributions,2,0.0000,0.6897,,1,recorded,
56,https://economics.yale.edu/sites/default/files/symmetric_0.pdf,SYMMETRIC AUCTIONS,3,0.0000,0.5862,,1,recorded,
56,https://www.uoguelph.ca/economics/repec/workingpapers/2015/2015-02.pdf,Asymmetric Auctions with More Than Two Bidders,4,0.0000,0.5517,,1,recorded,
56,https://www.youtube.com/watch?v=EK7b6DA-8NU,8 Minutes to Master Solving Sealed Bid First Price Auction Problems,5,0.0000,0.4167,,1,absent,
56,https://python.quantecon.org/two_auctions.html,140. First-Price and Second-Price Auctions — Intermediate Quantitative Economics with Python,6,0.0000,0.3333,,1,absent,
56,https://brocku.ca/repec/pdf/0504.pdf,asymmetricfpa24.dvi,7,0.0000,0.4444,,1,overlay,
56,https://kasberger.github.io/assets/pdf/fpa_robust.pdf,Robust Bidding in First-Price Auctions:,8,0.0000,0.5556,,1,absent,
56,https://www.researchgate.net/publication/228319685_Linear_Bid_in_Asymmetric_First-Price_Auctions,Linear Bid in Asymmetric First-Price Auctions,9,0.0000,0.5556,,1,absent,
56,https://www.sciencedirect.com/science/article/abs/pii/S0165176511002473,First-price sealed-bid auctions when bidders exhibit different attitudes toward risk,10,0.0000,0.4167,,1,absent,
56,https://www.uoguelph.ca/economics/repec/workingpapers/2015/2015-02.pdf,Asymmetric Auctions with More Than Two Bidders,11,0.0000,0.3333,,1,absent,
56,https://www.cirje.e.u-tokyo.ac.jp/research/workshops/micro/documents/March20.pdf,Asymmetric First-Price Auctions with Uniform Distributions,12,0.0000,0.4444,,1,absent,
56,https://capcp.la.psu.edu/wp-content/uploads/sites/11/numericalanalysis.pdf,Numerical Analysis of Asymmetric First Price Auctions,14,0.0000,0.4444,,1,absent,
56,https://www.jstor.org/stable/2648842,First Price Auctions in the Asymmetric N Bidder Case,15,0.0000,0.5556,,1,absent,
56,https://pi.math.cornell.edu/~mec/Winter2009/Spulido/Auctions/english.html,English auction,16,0.0000,0.1111,,1,absent,
56,http://digital.csic.es/bitstream/10261/1848/1/57803.pdf,Elicited bid functions in (a)symmetric first-price auctions,17,0.0000,0.5556,,1,absent,
56,https://www.cirje.e.u-tokyo.ac.jp/research/workshops/micro/documents/March20.pdf,Asymmetric First-Price Auctions with Uniform Distributions,18,0.0000,0.4444,,1,absent,
56,https://users.ssc.wisc.edu/~dquint/econ805%202007/econ%20805%20lecture%209.pdf,Oct 4 2007 Last week  we began relaxing the assumptions o,19,0.0000,0.0000,,1,absent,
56,https://capcp.la.psu.edu/wp-content/uploads/sites/11/numericalanalysis.pdf,Numerical Analysis of Asymmetric First Price Auctions,21,0.0000,0.4444,,1,absent,
56,https://www.researchgate.net/publication/228319685_Linear_Bid_in_Asymmetric_First-Price_Auctions,Linear Bid in Asymmetric First-Price Auctions,22,0.0000,0.5556,,1,absent,
56,https://www.jstor.org/stable/2648842,First Price Auctions in the Asymmetric N Bidder Case,23,0.0000,0.5556,,1,absent,
56,https://economics.mit.edu/sites/default/files/publications/paper_83_first_price_auctions%281%29.pdf,First-Price Auctions With General Information Structures,24,0.0000,0.3333,,1,absent,
56,https://users.eecs.northwestern.edu/~hartline/papers/unique-bne-EC-13.pdf,Auctions with Unique Equilibria,25,0.0000,0.1111,,1,absent,
56,https://capcp.la.psu.edu/wp-content/uploads/sites/11/2020/07/NumericalSolutions.pdf,Numerical Solutions of Asymmetric  First-Price  ...,1,0.0000,0.5517,,2,recorded,
56,https://www.cirje.e.u-tokyo.ac.jp/research/workshops/micro/documents/March20.pdf,Asymmetric First-Price Auctions with Uniform Distributions,2,0.0000,0.6897,,2,recorded,
56,https://www.uoguelph.ca/economics/repec/workingpapers/2015/2015-02.pdf,Asymmetric Auctions with More Than Two Bidders,3,0.0000,0.5517,,2,recorded,
56,https://python.quantecon.org/two_auctions.html,140. First-Price and Second-Price Auctions,4,0.0000,0.5517,,2,recorded,
56,https://www.youtube.com/watch?v=EK7b6DA-8NU,8 Minutes to Master Solving Sealed Bid First Price Auction ...,5,0.0000,0.2069,,2,absent,
56,https://brocku.ca/repec/pdf/0504.pdf,A Simple Approach to Analyzing Asymmetric First Price ...,6,0.0000,0.1379,,2,overlay,
56,https://pi.math.cornell.edu/~mec/Winter2009/Spulido/Auctions/english.html,English and second-price sealed-bid auctions,7,0.0000,0.1034,,2,absent,
56,https://kasberger.github.io/assets/pdf/fpa_robust.pdf,Robust Bidding in First-Price Auctions:,8,0.0000,0.0690,,2,absent,
56,https://www.researchgate.net/publication/228319685_Linear_Bid_in_Asymmetric_First-Price_Auctions,Linear Bid in Asymmetric First-Price Auctions,9,0.0000,0.1379,,2,absent,
56,https://www.ideals.illinois.edu/items/28947/bitstreams/97029/data.pdf,[PDF] The effect of regret on optimal bidding in auctions - IDEALS,1,0.0000,0.6000,,3,recorded,
56,https://users.ssc.wisc.edu/~dquint/econ698/lecture%206.pdf,[PDF] Lecture 6 - Optimal Auctions Continued,2,0.0000,0.4000,,3,recorded,
56,https://kylewoodward.com/blog-data/pdfs/references/armstrong-the-review-of-economic-studies-2000A.pdf,[PDF] Optimal Multi-Object Auctions - kyle woodward,3,0.0000,0.5500,,3,recorded,
56,https://valueplan.wordpress.com/wp-content/uploads/2015/07/strategic-and-financial-bidders-in-takeover-auctions.pdf,[PDF] Strategic and Financial Bidders in Takeover Auctions,4,0.0000,0.4500,,3,recorded,
56,https://www.filippremik.com/uploads/1/4/2/3/142331340/premik_jmp.pdf,[PDF] Procurement with Bid Preference & Buyer's Switching Costs - Filip Premik,5,0.0000,0.1429,,3,absent,
56,https://www.youtube.com/watch?v=w67K0PY7n9U,(AGT10E9) [Game Theory] Calculating Expected Revenue in Vickrey (Second Price) Auction,6,0.0000,0.1500,,3,absent,
56,http://www.econport.org/content/handbook/auctions/usefulconcepts/revequiv.html,EconPort - Revenue Equivalence for One-sided Markets,7,0.0000,0.0000,,3,absent,
56,https://atlaspolicy.com/estimating-the-impacts-of-direct-to-consumer-electric-vehicle-sales,Estimating the Impacts of Direct-to-Consumer Electric Vehicle ...,8,0.0000,0.1000,,3,absent,
56,https://www.chegg.com/homework-help/questions-and-answers/suppose-interested-bidding-piece-land-know-one-bidder-interested-seller-announced-highest--q119671261,Solved Suppose we are interested in bidding on a piece of | Chegg.com,9,0.0000,0.2000,,3,absent,
56,https://eml.berkeley.edu/~mcfadden/eC103_f03/auctionlect.pdf,F:\C103\auctionlect.wpd,10,0.0000,0.0000,,3,absent,
56,https://arxiv.org/pdf/2202.07517,[PDF] An Equilibrium Model of the First-Price Auction with Strategic ...,11,0.0000,0.1000,,3,absent,
56,https://www.anderson.ucla.edu/sites/default/files/document/2025-06/Modeling%20Bidder%20Risk%20Preferences%20to%20Optimize%20Auction%20Design.pdf,[PDF] Modeling Bidder Risk Preferences to Optimize Auction Design,13,0.0000,0.1000,,3,absent,
56,https://www.aeaweb.org/conference/2023/program/paper/9HzFTrtZ,[PDF] Bidding behavior in housing auctions - American Economic Association,14,0.0000,0.0500,,3,absent,
56,https://www.youtube.com/watch?v=EK7b6DA-8NU,8 Minutes to Master Solving Sealed Bid First Price Auction ...,15,0.0000,0.1000,,3,absent,
56,https://direct.mit.edu/rest/article/107/3/755/114759/Bidding-on-Price-and-Quality-An-Experiment-on-the,Bidding on Price and Quality: An Experiment on the Complexity of ...,16,0.0000,0.2000,,3,absent,
56,https://milgrom.people.stanford.edu/wp-content/uploads/1985/03/Economics-Of-Competitive-Bidding.pdf,[PDF] The Economics of Competitive Bidding - Paul Milgrom,17,0.0000,0.0500,,3,absent,
56,https://economia.uniroma2.it/master-science/economics/corso/asset/YTo0OntzOjI6ImlkIjtzOjM6IjQyMSI7czozOiJpZGEiO3M6NDoiMTExMiI7czoyOiJlbSI7TjtzOjE6ImMiO3M6NToiMjRhMDciO30=,[PDF] Notes on Expected Revenue from Auctions,18,0.0000,0.1000,,3,absent,
56,https://www.scribd.com/document/648536111/Buyer-s-optimal-information-revelation-strategy-in-procurement-auctions,Optimal Bidding Strategies in Auctions | PDF | Auction | Procurement,19,0.0000,0.1429,,3,absent,
56,http://www.parisschoolofeconomics.com/compte-olivier/Chapter11Auctions.pdf,[PDF] Auctions - Paris School of Economics,20,0.0000,0.0000,,3,absent,
58,https://en.wikipedia.org/wiki/Horizontal_gene_transfer,Horizontal gene transfer - Wikipedia,1,0.0000,0.3134,,1,recorded,
58,https://www.youtube.com/watch?v=BiRc2FGh71o,What is Horizontal Gene Transfer?,2,0.0000,0.4328,,1,recorded,
58,https://pmc.ncbi.nlm.nih.gov/articles/PMC3068243,Horizontal gene transfer between bacteria and animals,3,0.0000,0.3582,,1,recorded,
58,https://www.frontiersin.org/journals/microbiology/articles/10.3389/fmicb.2024.1338026/full,Frontiers | Horizontal gene transfer in plant microbiomes: integrons as hotspots for cross-species gene exchange,4,0.0000,0.3284,,1,recorded,
58,https://www.embl.org/about/info/planetary-biology/projects/hgt,HGT – Planetary Biology,5,0.0000,0.0667,,1,absent,
58,https://academic.oup.com/ismecommun/article/4/1/ycae073/7671050,Widespread horizontal gene transfer between plants and ...,6,0.0000,0.2857,,1,absent,
58,https://www.technologynetworks.com/immunology/articles/horizontal-gene-transfer-meaning-methods-detection-and-outcomes-397911,Horizontal Gene Transfer – Meaning  Methods and Detection | Technology Networks,7,0.0000,0.2143,,1,absent,
58,https://www.biorxiv.org/content/10.1101/2022.08.25.505314.full,Widespread horizontal gene transfer between plants and their microbiota,8,0.0000,0.2857,,1,absent,
58,https://maxapress.com/data/article/tp/preview/pdf/TP-2023-0003.pdf,Research progress on horizontal gene transfer and its ...,9,0.0000,0.2857,,1,absent,
58,https://www.mdpi.com/2075-1729/11/8/857,Horizontal Gene Transfers in Plants,10,0.0000,0.2857,,1,absent,
58,https://europepmc.org/article/med/35235827,Major episodes of horizontal gene transfer drove the evolution of land plants. - Abstract,11,0.0000,0.4286,,1,absent,
58,https://pmc.ncbi.nlm.nih.gov/articles/PMC3493653,Widespread impact of horizontal gene transfer on plant colonization of land,12,0.0000,0.3571,,1,absent,
58,https://www.researchgate.net/publication/232648417_Widespread_impact_of_horizontal_gene_transfer_on_plant_colonization_of_land,Widespread impact of horizontal gene transfer on plant ...,14,0.0000,0.3571,,1,absent,
58,https://thescholarship.ecu.edu/bitstreams/a19e875b-66b9-4fca-9ddc-585d665b3ab8/download,Widespread impact of horizontal gene transfer on plant ...,15,0.0000,0.2857,,1,absent,
58,https://hal.science/hal-05307487/document,Mechanisms  detection  and impact of horizontal gene ...,16,0.0000,0.2143,,1,absent,
58,https://genome.cshlp.org/content/24/5/831,Widespread and frequent horizontal transfers of transposable elements in plants | Genome Research,17,0.0000,0.2857,,1,absent,
58,https://academic.oup.com/gpb/article/22/5/qzae078/7876281,Evolution of Plant Genome Size and Composition,18,0.0000,0.1667,,1,absent,
58,https://en.wikipedia.org/wiki/Horizontal_gene_transfer,Horizontal gene transfer,19,0.0000,0.2143,,1,absent,
58,https://pmc.ncbi.nlm.nih.gov/articles/PMC5575156,Horizontally Acquired Genes Are Often Shared between Closely Related Bacterial Species,20,0.0000,0.2308,,1,absent,
58,https://www.pnas.org/doi/10.1073/pnas.0907584106,The impact of long-distance horizontal gene transfer on prokaryotic genome size,21,0.0000,0.2857,,1,absent,
58,https://www.cd-genomics.com/resource-overview-plant-genomics-complexity-plant-genomes-functions.html,Overview of Plant Genomics: The Complexity of Plant Genomes and Their Functions - CD Genomics,23,0.0000,0.2308,,1,absent,
58,https://www.sciencedirect.com/science/article/pii/S1674205222000491,Major episodes of horizontal gene transfer drove the ...,24,0.0000,0.2857,,1,absent,
58,https://nph.onlinelibrary.wiley.com/doi/10.1111/nph.19272,Lateral gene transfer generates accessory genes that ...,25,0.0000,0.1429,,1,absent,
58,https://dspace.mit.edu/entities/publication/23743508-c0b7-43a2-9bc1-03479aabe1c2,The impact of long-distance horizontal gene transfer on prokaryotic genome size,26,0.0000,0.2857,,1,absent,
58,https://www.researchgate.net/publication/354845682_Variation_and_Evolution_of_Genome_Size_in_Gymnosperms,(PDF) Variation and Evolution of Genome Size in Gymnosperms,27,0.0000,0.3333,,1,absent,
58,https://reference-global.com/download/article/10.2478/sg-2021-0013.pdf,[PDF] Variation and Evolution of Genome Size in Gymnosperms,28,0.0000,0.3333,,1,absent,
58,https://pmc.ncbi.nlm.nih.gov/articles/PMC4246719,Evolution of DNA Amounts Across Land Plants (Embryophyta) - PMC,29,0.0000,0.2143,,1,absent,
58,https://bionumbers.hms.harvard.edu/bionumber.aspx?s=n&v=1&id=113543,Average genome size - Plants - BNID 113543 - BioNumbers,30,0.0000,0.0833,,1,absent,
58,https://www.sciencedirect.com/science/article/pii/S2590346226001227,A chromosome-level genome assembly of Platycladus orientalis and comparative genomics reveal pivotal roles of transposable elements in gene duplication and pseudogenization across gymnosperm giga-genomes,31,0.0000,0.2500,,1,absent,
58,https://europepmc.org/articles/pmc11530473?pdf=render,[PDF] Exploring the complexity of genome size reduction in angiosperms,32,0.0000,0.3333,,1,absent,
58,https://pmc.ncbi.nlm.nih.gov/articles/PMC9357157,HGT is widespread in insects and contributes to male courtship in lepidopterans,33,0.0000,0.2353,,1,absent,
58,https://pubmed.ncbi.nlm.nih.gov/35853453,HGT is widespread in insects and contributes to male courtship in lepidopterans - PubMed,34,0.0000,0.2353,,1,absent,
58,https://www.cell.com/cell/fulltext/S0092-8674(22)00719-X?dgcid=raven_jbs_aip_email,HGT is widespread in insects and contributes to male courtship in lepidopterans,35,0.0000,0.2353,,1,absent,
58,https://link.springer.com/article/10.1186/s12915-016-0264-3,Extensive horizontal gene transfers between plant pathogenic fungi,36,0.0000,0.1429,,1,absent,
58,https://pmc.ncbi.nlm.nih.gov/articles/PMC4876562,Extensive horizontal gene transfers between plant pathogenic fungi - PMC,38,0.0000,0.1429,,1,absent,
58,https://www.frontiersin.org/journals/microbiology/articles/10.3389/fmicb.2014.00638/xml/nlm?isPublishedV2=false,ANIMAL–MICROBIAL SYMBIOSES PROVIDE AMPLE OPPORTUNITY FOR HGT,39,0.0000,0.1333,,1,absent,
58,https://bmcbiol.biomedcentral.com/articles/10.1186/s12915-016-0264-3,Extensive horizontal gene transfers between plant pathogenic fungi | BMC Biology | Springer Nature Link,40,0.0000,0.1429,,1,absent,
58,https://link.springer.com/10.1186/s12915-016-0264-3?fromPaywallRec=true,Extensive horizontal gene transfers between plant pathogenic fungi | BMC Biology | Springer Nature Link,41,0.0000,0.1429,,1,absent,
58,https://en.wikipedia.org/wiki/Endosymbiont,Endosymbiont - Wikipedia,42,0.0000,0.0000,,1,absent,
58,https://academic.oup.com/mbe/article/25/3/559/1060663,Integration of Horizontally Transferred Genes into Regulatory Interaction ...,43,0.0000,0.4118,,1,absent,
58,http://mccutcheonlab.org/s/17_husnik_nrm.pdf,[PDF] Functional horizontal gene transfer from bacteria to eukaryotes,44,0.0000,0.3571,,1,absent,
58,https://en.wikipedia.org/wiki/Horizontal_gene_transfer,Horizontal gene transfer,45,0.0000,0.2143,,1,absent,
58,https://www.mdpi.com/2413-4155/8/3/56,A Review of Horizontal Gene Transfer for the Natural Functional Improvement of Microorganisms Relevant to Food Technology,47,0.0000,0.3571,,1,absent,
58,https://www.nature.com/articles/s41559-024-02357-0,A global survey of prokaryotic genomes reveals the eco-evolutionary pressures driving horizontal gene transfer,48,0.0000,0.2857,,1,absent,
58,https://pmc.ncbi.nlm.nih.gov/articles/PMC13320244,Comparative analysis of 163 ant genomes reveals recurrent ...,49,0.0000,0.1538,,1,absent,
58,http://mccutcheonlab.org/s/17_husnik_nrm.pdf,[PDF] Functional horizontal gene transfer from bacteria to eukaryotes,50,0.0000,0.3571,,1,absent,
58,https://www.biorxiv.org/content/10.1101/2022.07.26.501571.full,Widespread of horizontal gene transfer events in eukaryotes,51,0.0000,0.4286,,1,absent,
58,https://en.wikipedia.org/wiki/Horizontal_gene_transfer,Horizontal gene transfer,52,0.0000,0.2143,,1,absent,
58,https://www.the-innovation.org/article/doi/10.59717/j.xinn-life.2026.100223,Horizontal gene transfer in insects: Insights into origins  detection  and functional roles,54,0.0000,0.2857,,1,absent,
58,https://elifesciences.org/articles/25950,Inter-species population dynamics enhance microbial horizontal gene transfer and spread of antibiotic resistance | eLife,55,0.0000,0.2857,,1,absent,
58,https://www.sciencedaily.com/releases/2026/04/260416071953.htm,Scientists discover bacteria can “explode” to spread antibiotic resistance | ScienceDaily,56,0.0000,0.1333,,1,absent,
58,https://pmc.ncbi.nlm.nih.gov/articles/PMC12448838,Mechanisms  detection  and impact of horizontal gene transfer in plant functional evolution,57,0.0000,0.3571,,1,absent,
58,https://www.cell.com/molecular-plant/fulltext/S1674-2052(22)00049-1,Major episodes of horizontal gene transfer drove the evolution of land plants,58,0.0000,0.4286,,1,absent,
58,https://www.science.org/doi/10.1126/sciadv.abj5056,Functions predict horizontal gene transfer and the emergence of antibiotic resistance,59,0.0000,0.2857,,1,absent,
58,https://www.sciencedirect.com/science/article/pii/S0022283625004693,Impact of Horizontal Gene Transfer on Adaptations to Extreme Environments,60,0.0000,0.3571,,1,absent,
58,https://cgm.sjtu.edu.cn/hgt,Horizontal gene transfer is ubiquitous in eukaryote genomes,62,0.0000,0.2857,,1,absent,
58,https://www.yourgenome.org/theme/timeline-the-past-present-and-future-of-sequencing-technologies,Timeline: the past  present and future of DNA sequencing technologies,63,0.0000,0.2632,,1,absent,
58,https://www.ebsco.com/research-starters/science/horizontal-gene-transfer,Horizontal gene transfer | Science | Research Starters,64,0.0000,0.2143,,1,absent,
58,https://www.researchgate.net/publication/400672249_Mechanisms_and_Research_Advances_of_Horizontal_Gene_Transfer_HGT_in_Plants_and_Microorganisms,Mechanisms and Research Advances of Horizontal Gene ...,65,0.0000,0.4286,,1,absent,
58,https://pmc.ncbi.nlm.nih.gov/articles/PMC11530473,Exploring the complexity of genome size reduction in angiosperms - PMC,66,0.0000,0.3333,,1,absent,
58,https://nph.onlinelibrary.wiley.com/doi/10.1111/nph.19544,The global distribution of angiosperm genome size is shaped by climate,68,0.0000,0.1667,,1,absent,
58,https://www.frontiersin.org/journals/plant-science/articles/10.3389/fpls.2018.00418/full,The Sequenced Angiosperm Genomes and Genome Databases,69,0.0000,0.1538,,1,absent,
58,https://www.insect-genome.com/hgt,INSECTBASE - HGT,70,0.0000,0.0833,,1,absent,
58,https://microbiologyclass.net/glossary-of-microbiology,MICROBIOLOGY KEYWORDS A-Z GLOSSARY OF MICROBIOLOGY ...,71,0.0000,0.0833,,1,absent,
58,https://www.researchgate.net/publication/313536848_Lateral_gene_transfer_between_prokaryotes_and_eukaryotes,(PDF) Lateral gene transfer between prokaryotes and eukaryotes,72,0.0000,0.1429,,1,absent,
58,https://royalsocietypublishing.org/rspb/article/277/1683/819/73019/Horizontal-gene-transfer-in-evolution-facts-and,Horizontal gene transfer in evolution: facts and challenges | Proceedings B,73,0.0000,0.2857,,1,absent,
58,https://pubmed.ncbi.nlm.nih.gov/18158322,Integration of horizontally transferred genes into regulatory interaction ...,74,0.0000,0.4118,,1,absent,
58,https://enviromicro-journals.onlinelibrary.wiley.com/doi/full/10.1111/1462-2920.16629,Diverse fates of ancient horizontal gene transfers in extremophilic red ...,75,0.0000,0.2857,,1,absent,
58,https://link.springer.com/article/10.1186/s13059-018-1526-x,Ankyrin domain encoding genes from an ancient horizontal transfer are ...,76,0.0000,0.2143,,1,absent,
58,https://prizedwriting.ucdavis.edu/horizontal-gene-transfer-between-host-eukaryotes-and-their-bacterial-endosymbionts-analyses-and,Horizontal Gene Transfer Between Host Eukaryotes and Their Bacterial Endosymbionts: Analyses and Problems | Prized Writing,77,0.0000,0.2143,,1,absent,
58,https://iipseries.org/assets/docupload/rsl2024282E40CC887C896.pdf,ADVANCEMENT OF TECHNOLOGIES FOR PLANT ...,78,0.0000,0.1538,,1,absent,
58,https://academic.oup.com/gbe/article/11/10/2750/5554466,Current and Promising Approaches to Identify Horizontal Gene Transfer ...,79,0.0000,0.2857,,1,absent,
58,https://research-repository.uwa.edu.au/files/31605052/49602.pdf,[PDF] Next-Generation Sequencing — An Overview of the History  Tools  and ...,80,0.0000,0.2105,,1,absent,
58,https://en.wikipedia.org/wiki/Horizontal_gene_transfer,Horizontal gene transfer,1,0.0000,0.6364,,2,recorded,
58,https://bio.libretexts.org/Bookshelves/Introductory_and_General_Biology/General_Biology_(Boundless)/20%3A_Phylogenies_and_the_History_of_Life/20.03%3A_Perspectives_on_the_Phylogenetic_Tree/20.3B%3A_Horizontal_Gene_Transfer,20.3B: Horizontal Gene Transfer - Biology LibreTexts,2,0.0000,0.5000,,2,recorded,
58,https://pmc.ncbi.nlm.nih.gov/articles/PMC3068243,Horizontal gene transfer between bacteria and animals - PMC,3,0.0000,0.5455,,2,recorded,
58,https://www.the-scientist.com/horizontal-gene-transfer-happens-more-often-than-anyone-thought-70118,Horizontal Gene Transfer Happens More Often Than Anyone Thought | The Scientist,4,0.0000,0.5909,,2,recorded,
58,https://www.biorxiv.org/content/10.1101/2022.07.26.501571.full,Widespread of horizontal gene transfer events in eukaryotes,5,0.0000,0.1818,,2,absent,
58,https://www.ars.usda.gov/ARSUserFiles/50620500/Publications/HCK/horizon.pdf,role of horizontal gene transfer,6,0.0000,0.1818,,2,absent,
58,https://prizedwriting.ucdavis.edu/horizontal-gene-transfer-between-host-eukaryotes-and-their-bacterial-endosymbionts-analyses-and,Horizontal Gene Transfer Between Host Eukaryotes and Their ...,7,0.0000,0.1818,,2,absent,
58,https://www.youtube.com/watch?v=BiRc2FGh71o,What is Horizontal Gene Transfer?,8,0.0000,0.1818,,2,absent,
58,https://www.mdpi.com/2073-4425/8/1/39,The Complex Relationship between Virulence and Antibiotic Resistance,9,0.0000,0.2727,,2,absent,
58,https://learn.genetics.utah.edu/content/microbiome/resistance,Antibiotic Resistance,10,0.0000,0.1818,,2,absent,
58,https://www.sciencedirect.com/science/article/pii/S1876034121003403,Antibiotic resistance in microbes: History  mechanisms  therapeutic strategies and future prospects,12,0.0000,0.1818,,2,absent,
58,https://pmc.ncbi.nlm.nih.gov/articles/PMC3623377,Antimicrobial Resistance and Virulence: a Successful or ...,13,0.0000,0.1818,,2,absent,
58,https://en.wikipedia.org/wiki/Eukaryote,Eukaryote,14,0.0000,0.0526,,2,absent,
58,https://en.wikipedia.org/wiki/Category:Eukaryotes,Category:Eukaryotes - Wikipedia,15,0.0000,0.1053,,2,absent,
58,https://www.biorxiv.org/content/10.1101/2022.07.26.501571.full,Widespread of horizontal gene transfer events in eukaryotes,16,0.0000,0.1818,,2,absent,
58,https://en.wikipedia.org/wiki/Horizontal_gene_transfer,Horizontal gene transfer,18,0.0000,0.1364,,2,absent,
58,https://pmc.ncbi.nlm.nih.gov/articles/PMC4033532,Horizontal gene transfer in eukaryotes: The weak-link model,19,0.0000,0.1818,,2,absent,
58,https://www.researchgate.net/publication/400672249_Mechanisms_and_Research_Advances_of_Horizontal_Gene_Transfer_HGT_in_Plants_and_Microorganisms,Mechanisms and Research Advances of Horizontal Gene ...,20,0.0000,0.2273,,2,absent,
58,https://www.sciencedirect.com/topics/biochemistry-genetics-and-molecular-biology/bacterial-virulence,Bacterial Virulence - an overview,21,0.0000,0.1000,,2,absent,
58,https://www.pasteur.fr/en/research-journal/news/antibiotic-resistance-how-bacteria-become-resistant,Antibiotic resistance  or how bacteria become resistant |,22,0.0000,0.2727,,2,absent,
58,https://www.britannica.com/science/eukaryote,Eukaryote | Definition  Structure  Evolution  Diversity  & Facts,23,0.0000,0.0500,,2,absent,
58,https://www.researchgate.net/figure/Distribution-of-HGT-events-across-the-different-eukaryotic-superkingdoms-Distribution-of_fig2_311779001,Distribution of HGT events across the different eukaryotic...,24,0.0000,0.1579,,2,absent,
58,https://en.wikipedia.org/wiki/Wikipedia:Contents/Categories,Wikipedia:Contents/Categories - Wikipedia,25,0.0000,0.1053,,2,absent,
59,https://en.wikipedia.org/wiki/Bird_migration,Bird migration,1,0.0000,0.3684,,1,recorded,
59,https://www.scientificamerican.com/article/how-migrating-birds-use-quantum-effects-to-navigate,How Migrating Birds Use Quantum Effects to Navigate | Scientific American,2,0.0000,0.4211,,1,recorded,
59,https://news.cals.wisc.edu/2012/10/30/how-birds-find-their-way,How birds find their way – CALS News,3,0.0000,0.5263,,1,recorded,
59,https://www.sciencedirect.com/science/article/pii/S1574954125002274,Multi-modal  interrelated navigation in migratory birds,4,0.0000,0.4737,,1,recorded,
59,https://pigeon.psy.tufts.edu/asc/Bingman/Default.htm,Behavioral and Neural Mechanisms of Homing and Migration in Birds,5,0.0000,0.2105,,1,absent,
59,https://www.climatecentral.org/climate-matters/birds-at-risk-2026,How Climate Change Puts Birds at Risk | Climate Central,6,0.0000,0.1111,,1,absent,
59,https://www.facebook.com/RoyalSocietyPublishing/posts/millions-of-migratory-birds-cover-great-distances-twice-a-year-a-sophisticated-n/1591780169576754,Millions of migratory birds cover great distances twice a year ... - Facebook,7,0.0000,0.1667,,1,absent,
59,https://www.newscientist.com/article/2455948-migratory-birds-can-use-earths-magnetic-field-like-a-gps,Migratory birds can use Earth's magnetic field like a GPS | New Scientist,8,0.0000,0.2222,,1,absent,
59,https://www.sciencealert.com/variations-in-earth-s-magnetic-field-serve-as-stop-signs-for-migratory-birds,Birds Use Earth's Magnetic Field For 'Stop Signs' When They Migrate : ScienceAlert,9,0.0000,0.3333,,1,absent,
59,https://www.audubon.org/news/lost-birds-rely-earths-magnetic-field-get-back-track,Lost Birds Rely on Earth's Magnetic Field to Get Back on Track | Audubon,10,0.0000,0.1667,,1,absent,
59,https://www.facebook.com/RoyalSocietyPublishing/posts/millions-of-migratory-birds-cover-great-distances-twice-a-year-a-sophisticated-n/1591780169576754,Millions of migratory birds cover great distances twice a year ... - Facebook,12,0.0000,0.1667,,1,absent,
59,https://www.10000birds.com/bird-magnetic-sense-disrupted-by-human-emf.htm,Birdie Magnetic Sense and Human Generated Electromagnetic Fields - 10 000 Birds,13,0.0000,0.1111,,1,absent,
59,https://ssec.si.edu/stemvisions-blog/how-do-birds-navigate,How Do Birds Navigate? | Smithsonian Science Education Center,14,0.0000,0.1579,,1,absent,
59,https://www.researchgate.net/publication/21316492_Orientation_in_birds_The_sun_compass,(PDF) Orientation in birds. The sun compass,15,0.0000,0.1667,,1,absent,
59,https://www.youtube.com/watch?v=HRQ8pRezG4E,Deviation by Azimuth (Sun) | Problem 7 | Celestial Navigation,16,0.0000,0.0909,,1,absent,
59,https://www.youtube.com/watch?v=UbF4wgYcCF8,Deviation by Amplitude (Sun) | Problem 9 | Celestial Navigation,17,0.0000,0.0909,,1,absent,
59,https://www.youtube.com/watch?v=39Ft7KxbJbg,Deviation by Amplitude (Sun) | Problem 3 | Celestial Navigation,18,0.0000,0.0909,,1,absent,
59,https://pmc.ncbi.nlm.nih.gov/articles/PMC2843996,Directional orientation of birds by the magnetic field under ...,20,0.0000,0.2778,,1,absent,
59,https://www.nwf.org/Magazines/National-Wildlife/1999/Navigating-With-A-Built-In-Compass,Navigating With A Built-In Compass,21,0.0000,0.0909,,1,absent,
59,https://www.research.ed.ac.uk/files/105061936/journal.pcbi.1007123.pdf,A computational model of the insect polarised light compass,22,0.0000,0.1111,,1,absent,
59,https://www.facebook.com/groups/MDBirding/posts/3577739172335651,Here's a very interesting article about recent work published ...,23,0.0000,0.0370,,1,absent,
59,https://www.researchgate.net/publication/250932623_Outdoor_Experiments_with_Migrating_European_Robins_in_Artificial_Magnetic_Fields,Outdoor Experiments with Migrating European Robins in ...,24,0.0000,0.2222,,1,absent,
59,https://cordis.europa.eu/article/id/31425-european-robins-see-earths-magnetic-field,European robins 'see' Earth's magnetic field | News | CORDIS | European Commission,25,0.0000,0.1111,,1,absent,
59,https://www.audubon.org/news/lost-birds-rely-earths-magnetic-field-get-back-track,Lost Birds Rely on Earth's Magnetic Field to Get Back ...,27,0.0000,0.1667,,1,absent,
59,https://spacedaily.com/t-migrating-birds-see-magnetic-field-cryptochrome-quantum-compass,Migrating birds may see Earth’s magnetic field superimposed on the world around them — the result  scientists suspect  of a quantum reaction inside light-sensitive proteins in their eyes called cryptochromes.,28,0.0000,0.3333,,1,absent,
59,https://pmc.ncbi.nlm.nih.gov/articles/PMC9564291,Magnetoreceptory Function of European Robin Retina: Electrophysiological and Morphological Non-Homogeneity,29,0.0000,0.0741,,1,absent,
59,https://www.frontiersin.org/journals/neural-circuits/articles/10.3389/fncir.2022.862279/full,Frontiers | Weighting of Celestial and Terrestrial Cues in the Monarch Butterfly Central Complex,30,0.0000,0.2083,,1,absent,
59,https://www.youtube.com/watch?v=yuP4N84Qu_k,Celestial Navigation Episode 28: Twilight,31,0.0000,0.0833,,1,absent,
59,https://pmc.ncbi.nlm.nih.gov/articles/PMC4568659,Neural coding underlying the cue preference for celestial ...,32,0.0000,0.1667,,1,absent,
59,https://aa.usno.navy.mil/data/celnav,Celestial Navigation Data for Assumed Position and Time,33,0.0000,0.1250,,1,absent,
59,https://www.scribd.com/document/363301318/Sights-of-Celestial-Object,Celestial Sights and Star Navigation Guide | PDF | Twilight,35,0.0000,0.1250,,1,absent,
59,https://www.youtube.com/watch?v=uJAkfOZbQcI,Celestial Navigation  Episode 11: Star sights  pre-calculating ...,36,0.0000,0.0526,,1,absent,
59,https://phys.org/news/2026-08-pulsed-radiofrequency-magnetic-fields-disorient.html,Pulsed radiofrequency magnetic fields may disorient migratory birds  experiments suggest,37,0.0000,0.1667,,1,absent,
59,https://books.allogy.com/v1/tenant/8/books/6bb33ad8-459f-42cc-ba9e-4d3c2c4b1e68,Suspected Radio Frequency Electromagnetic Field Overexposure,38,0.0000,0.0588,,1,absent,
59,https://interferencetechnology.com/man-made-electromagnetic-noise-disrupts-bird-navigation,Man-Made Electromagnetic Noise Disrupts Bird Navigation,39,0.0000,0.0588,,1,absent,
59,https://apps.fcc.gov/els/GetAtt.html?id=171433&x=.,Birds' navigation affected by low level RF  articles  5-14,41,0.0000,0.1053,,1,absent,
59,https://pmc.ncbi.nlm.nih.gov/articles/PMC6513191,Possible Effects of Radiofrequency Electromagnetic Field ...,42,0.0000,0.1765,,1,absent,
59,https://esmed.org/recovery-strategies-for-electromagnetic-intolerance,Recovery Strategies for Electromagnetic Intolerance - European Society of Medicine,43,0.0000,0.1176,,1,absent,
59,https://pmc.ncbi.nlm.nih.gov/articles/PMC9532420,Predicting performance of naïve migratory animals  from many wrongs to self-correction,44,0.0000,0.1765,,1,absent,
59,https://birdcast.org/new-methods-make-tracking-individual-birds-during-migration-possible,New Methods Make Tracking Individual Species During Migration Possible – BirdCast,45,0.0000,0.1579,,1,absent,
59,https://digitalcommons.uri.edu/cgi/viewcontent.cgi?article=2837&context=theses,[PDF] TRACKING MIGRATORY BIRDS - DigitalCommons@URI,46,0.0000,0.1111,,1,absent,
59,https://www.marineornithology.org/PDF/53_2/53_2_331-335.pdf,[PDF] QUANTIFYING THE EFFECT OF TIME ON GEOLOCATION ACCURACY ...,47,0.0000,0.1250,,1,absent,
59,https://www.sciencedirect.com/science/article/pii/S1574954125002274,Multi-modal  interrelated navigation in migratory birds,48,0.0000,0.1667,,1,absent,
59,https://ace-eco.org/vol19/iss2/art13,Conservation of North American migratory birds: insights from developments in tracking technologies - Avian Conservation and Ecology,49,0.0000,0.2222,,1,absent,
59,https://www.facebook.com/RoyalSocietyPublishing/posts/millions-of-migratory-birds-cover-great-distances-twice-a-year-a-sophisticated-n/1591780169576754,Millions of migratory birds cover great distances twice a year ... - Facebook,50,0.0000,0.1667,,1,absent,
59,https://humbirdy.com/blogs/entry-door-expert-guides/how-birds-navigate-migration-magnetic-fields-stars,How Birds Navigate: Magnetic Fields & Star Compasses – HUMBIRDY,51,0.0000,0.1579,,1,absent,
59,https://www.facebook.com/weareUKRI/videos/ever-wondered-how-birds-know-where-to-go-during-migration-spoiler-they-have-buil/3536270273333723,Ever wondered how birds know where to go during migration? Spoiler,52,0.0000,0.2105,,1,absent,
59,https://www.semanticscholar.org/paper/c67b43e491a39edef00e4a4cfbe4f21b79d72587,Sensitivity threshold of avian magnetic compass to ...,53,0.0000,0.2222,,1,absent,
59,https://www.emf-portal.org/en/article/22022,Magnetic field changes activate the trigeminal brainstem ...,54,0.0000,0.1667,,1,absent,
59,https://www.ngdc.noaa.gov/geomag-web,NCEI Geomagnetic Calculators,55,0.0000,0.0370,,1,absent,
59,https://www.mpg.de/6965131/magnetic-pulses-robins,Magnetic pulses disrupt the magnetic sense of robins  | Max-Planck-Gesellschaft,56,0.0000,0.1667,,1,absent,
59,https://www.facebook.com/NaturePortfolioJournals/posts/observations-of-magnetic-sensitivity-in-a-protein-from-the-eyes-of-the-european-/10158706866463167,Observations of magnetic sensitivity in a protein from ...,57,0.0000,0.2778,,1,absent,
59,https://pierdusud.com/en/how-to-plan-your-star-sights,How to plan your star sights,58,0.0000,0.0588,,1,absent,
59,https://astronavigationdemystified.com/2019/02/19/the-importance-of-morning-and-evening-star-sights,The Importance Of Morning And Evening Star Sights,59,0.0000,0.1111,,1,absent,
59,https://www.researchgate.net/publication/320205130_Disruption_of_Magnetic_Compass_Orientation_in_Migratory_Birds_by_Radiofrequency_Electromagnetic_Fields,Disruption of Magnetic Compass Orientation in Migratory ...,60,0.0000,0.2941,,1,absent,
59,https://www.arpansa.gov.au/understanding-radiation/what-is-radiation/non-ionising-radiation/radiofrequency-radiation,Radiofrequency radiation,61,0.0000,0.0588,,1,absent,
59,https://barryyeoman.com/2019/10/going-the-distance-bird-migration,Going the Distance - Barry Yeoman,63,0.0000,0.0741,,1,absent,
59,https://gmd.copernicus.org/articles/19/7705/2026,Advancing the capabilities for efficient hurricane-centric simulations ... - GMD,64,0.0000,0.0833,,1,absent,
59,https://journals.ansfoundation.org/index.php/jans/article/download/2684/2030/6901,[PDF] Orientation cues and mechanisms used during avian navigation,1,0.0000,0.4444,,2,recorded,
59,https://news.cals.wisc.edu/2012/10/30/how-birds-find-their-way,How birds find their way - CALS News,2,0.0000,0.4444,,2,recorded,
59,https://avesbiology.com/nav_orient.html,Avian Navigation and Orientation,3,0.0000,0.5556,,2,recorded,
59,https://pmc.ncbi.nlm.nih.gov/articles/PMC12365788,Migratory birds can extract positional information from magnetic inclination and magnetic declination alone - PMC,4,0.0000,0.4444,,2,recorded,
59,https://www.encyclopedie-environnement.org/en/life/orientation-migratory-birds,The orientation of migratory birds - Encyclopedia of the Environment,5,0.0000,0.0556,,2,absent,
59,https://pigeon.psy.tufts.edu/asc/Bingman/Default.htm,Behavioral and Neural Mechanisms of Homing and Migration in Birds,6,0.0000,0.1667,,2,absent,
59,https://www.allaboutbirds.org/news/the-basics-migration-navigation,Navigation: How Birds Find Their Way When They Migrate,7,0.0000,0.1667,,2,absent,
59,https://www.researchgate.net/publication/281673037_Avian_Navigation_A_Combination_of_Innate_and_Learned_Mechanisms,Avian Navigation: A Combination of Innate and Learned Mechanisms,8,0.0000,0.2222,,2,absent,
59,https://learn.genetics.utah.edu/content/basics/clockgenes,The Time of Our Lives,9,0.0000,0.0500,,2,absent,
59,https://www.communicatingpsychologicalscience.com/blog/your-inner-clock,Your Inner Clock,10,0.0000,0.0000,,2,absent,
59,https://www.sleepfoundation.org/circadian-rhythm,What Is Circadian Rhythm?,12,0.0000,0.0000,,2,absent,
59,https://pmc.ncbi.nlm.nih.gov/articles/PMC11226552,A clock for all seasons - PMC - NIH,13,0.0000,0.0625,,2,absent,
59,https://news.umich.edu/humans-are-seasonal-creatures-according-to-our-circadian-rhythms,Humans are seasonal creatures  according to our circadian rhythms,14,0.0000,0.0000,,2,absent,
59,https://www.theguardian.com/science/2019/apr/06/scientists-suggest-human-body-may-detect-earths-magnetic-field,The sixth sense: can humans detect the Earth’s magnetic field? | Science | The Guardian,15,0.0000,0.1765,,2,absent,
59,https://www.eneuro.org/content/6/2/ENEURO.0483-18.2019,Transduction of the Geomagnetic Field as Evidenced from ...,16,0.0000,0.0588,,2,absent,
59,https://pmc.ncbi.nlm.nih.gov/articles/PMC9151822,Human magnetic sense is mediated by a light and magnetic field resonance-dependent mechanism,17,0.0000,0.1765,,2,absent,
59,https://sos.noaa.gov/catalog/datasets/earths-magnetic-field-compass-needles,Earth's Magnetic Field (compass needles) - Science On a Sphere,18,0.0000,0.1176,,2,absent,
59,https://www.esa.int/Applications/Observing_the_Earth/FutureEO/Swarm/Swarm_reveals_growing_weak_spot_in_Earth_s_magnetic_field,Swarm reveals growing weak spot in Earth's magnetic field,20,0.0000,0.1176,,2,absent,
59,https://www.sciencedaily.com/releases/2026/02/260224023221.htm,A giant weak spot in Earth's magnetic field is now half ...,21,0.0000,0.1176,,2,absent,
59,https://www.sciencedaily.com/releases/2018/07/180731125604.htm,Mapping of magnetic particles in the human brain | ScienceDaily,22,0.0000,0.1111,,2,absent,
59,https://www.facebook.com/groups/NeuroscienceGroup/posts/10161732658565089,Humans may have a sixth sense for magnetism,23,0.0000,0.1250,,2,absent,
59,https://www.facebook.com/ScienceNaturePage/posts/humans-have-a-sixth-sense-that-can-detect-earths-magnetic-field/2332353516896893,Humans have a sixth sense that can detect Earth's magnetic field.,24,0.0000,0.1765,,2,absent,
59,https://maglab.caltech.edu/human-magnetic-reception-laboratory,Human Magnetic Reception Laboratory – MagLab,26,0.0000,0.0588,,2,absent,
59,https://theconversation.com/new-evidence-for-a-human-magnetic-sense-that-lets-your-brain-detect-the-earths-magnetic-field-113536,New evidence for a human magnetic sense that lets your ...,27,0.0000,0.1765,,2,absent,
59,https://pmc.ncbi.nlm.nih.gov/articles/PMC9151822,Human magnetic sense is mediated by a light and ... - PMC,28,0.0000,0.1176,,2,absent,
59,https://pure.mpg.de/rest/items/item_2197660_2/component/file_2197659/content,The genetics of migration on the move,29,0.0000,0.0667,,2,absent,
59,https://pmc.ncbi.nlm.nih.gov/articles/PMC9546057,Genome‐wide transcriptomic changes reveal the genetic pathways involved in insect migration,30,0.0000,0.1333,,2,absent,
59,https://www.nature.com/articles/s41380-025-02981-7,Intergenerational transmission of complex traits and the ...,31,0.0000,0.0000,,2,absent,
59,https://www.ogtr.gov.au/sites/default/files/2024-10/dnir_list_august_2024.pdf,DNIR List August 2024,33,0.0000,0.0000,,2,absent,
59,https://www.sciencetimes.com/articles/61515/20260323/bird-migration-navigation-how-birds-travel-thousands-miles-incredible-precision.htm,Bird Migration Navigation: How Birds Travel Thousands of Miles with Incredible Precision,34,0.0000,0.1667,,2,absent,
59,https://www.facebook.com/weareUKRI/videos/ever-wondered-how-birds-know-where-to-go-during-migration-spoiler-they-have-buil/3536270273333723,Ever wondered how birds know where to go during migration? Spoiler,35,0.0000,0.1875,,2,absent,
59,https://www.hhmi.org/news/changing-circadian-clock-seasons,Changing the Circadian Clock with the Seasons,36,0.0000,0.1250,,2,absent,
59,https://www.youtube.com/watch?v=lwJJytPJ3IQ,Understanding Your Internal Body Clock Is Crucial For Health,37,0.0000,0.0625,,2,absent,
59,https://www.fepblue.org/news/2020/04/28/17/49/internal-clock,Your Internal Clock  Explained,38,0.0000,0.0625,,2,absent,
59,https://www.science.org/content/article/humans-other-animals-may-sense-earth-s-magnetic-field,Humans—like other animals—may sense Earth's magnetic ...,39,0.0000,0.1765,,2,absent,
59,https://www.youtube.com/watch?v=dg3pza4y2ws&vl=en,Can Humans Sense Magnetic Fields?,40,0.0000,0.1176,,2,absent,
59,https://www.biorxiv.org/content/10.64898/2026.04.08.717233v1,Directional branch migration remodels the meiotic Holliday ...,41,0.0000,0.1250,,2,absent,
59,https://www.youtube.com/shorts/DjPLhf2enTo,Different ways genes are inherited #genetics #geneticdiversity ...,42,0.0000,0.0625,,2,absent,
59,https://www.facebook.com/NOVApbs/videos/the-answer-might-surprise-youthis-video-is-made-possible-thanks-to-support-from-/873989155590774,The answer might surprise you. This video is made possible ...,43,0.0000,0.0500,,2,absent,
59,https://www.researchgate.net/publication/395408150_Intergenerational_transmission_of_problem_behavior_Genetic_and_environmental_pathways,(PDF) Intergenerational transmission of problem behavior,44,0.0000,0.0556,,2,absent,
62,https://simutechgroup.com/engineering-ion-trap-quantum-computers-at-scale,Engineering Ion Trap Quantum Computers at Scale,1,0.0000,0.3750,,1,recorded,
62,https://www.youtube.com/watch?v=DUHTY9OK6XE,Scaling Trapped-Ion Quantum Computers at Quantinuum   Steven Moses  Quantinuum,2,0.0000,0.3958,,1,recorded,
62,https://pennylane.ai/demos/tutorial_trapped_ions,Trapped ion quantum computers | PennyLane Demos,3,0.0000,0.3958,,1,recorded,
62,https://m-malinowski.github.io/2024/02/06/scaling-ions.html,Are trapped ions hard to scale? | Reading the quantum,4,0.0000,0.3125,,1,recorded,
62,https://quantumsystemsaccelerator.org/2025/06/10/trapped-ions,Breaking Ground in Quantum Computing: QSA’s Trapped-Ion Advances – QSA,5,0.0000,0.2500,,1,absent,
62,https://www.nationalacademies.org/read/25196/chapter/9,Read  Quantum Computing: Progress and Prospects  at NAP.edu,6,0.0000,0.1250,,1,absent,
62,https://www.quantinuum.com/press-releases/quantinuum-proves-their-quantum-computers-will-scale-with-major-hardware-innovation,Quantinuum Proves Their Quantum Computers Will Scale with Major Hardware Innovation,7,0.0000,0.0625,,1,absent,
62,https://www.quantinuum.com/press-releases/quantinuum-launches-industry-first-trapped-ion-56-qubit-quantum-computer-that-challenges-the-worlds-best-supercomputers,Quantinuum Launches Industry-First  Trapped-Ion 56-Qubit Quantum Computer  Breaking Key Benchmark Record,8,0.0000,0.1905,,1,absent,
62,https://www.spinquanta.com/news-detail/quantum-computer-manufacturers,Top 18 Quantum Computer Companies [2025 Updated],9,0.0000,0.0625,,1,absent,
62,https://quantum-journal.org/papers/q-2024-11-07-1516,Benchmarking a trapped-ion quantum computer with 30 qubits – Quantum,10,0.0000,0.2500,,1,absent,
62,https://thequantuminsider.com/2026/06/12/trapped-ion-quantum-computing-companies-technology-and-where-it-stands-in-2026,Top Trapped-Ion Quantum Computing Companies in 2026,12,0.0000,0.2500,,1,absent,
62,https://www.ionq.com/roadmap,IonQ | Roadmap,13,0.0000,0.0000,,1,absent,
62,https://iontrap.duke.edu/category/uncategorized,Uncategorized – Quantum Computing with Trapped Ions,14,0.0000,0.1250,,1,absent,
62,https://qir.mit.edu/benchmarking,Insights – Quantum Processor Benchmarking - QIR,15,0.0000,0.0625,,1,absent,
62,https://link.aps.org/doi/10.1103/h4wk-v31j,Scalable  High-Fidelity All-Electronic Control of Trapped-Ion ...,16,0.0000,0.1905,,1,absent,
62,https://entangledfuture.com/guides/trapped-ion-quantum-computing,Trapped-Ion Quantum Computing 2026 | IonQ  Quantinuum,17,0.0000,0.1875,,1,absent,
62,https://postquantum.com/quantum-research/oxford-qubit-gate-error,Oxford Achieves 10⁻⁷-Level Qubit Gate Error  Shattering Quantum Fidelity Records,18,0.0000,0.1429,,1,absent,
62,https://russfein.substack.com/p/qubit-modalities-trapped-ions,Qubit Modalities: Trapped Ions - by Russ Fein,19,0.0000,0.0952,,1,absent,
62,https://www.oxionics.com/announcements/oxford-ionics-breaks-global-quantum-performance-records,Oxford Ionics breaks global quantum performance records • Oxford Ionics,21,0.0000,0.0625,,1,absent,
62,https://www.ionq.com/blog/accelerating-towards-fault-tolerance-unlocking-99-99-two-qubit-gate,IonQ | Accelerating Towards Fault Tolerance: Unlocking 99.99% Two-Qubit Gate Fidelities,22,0.0000,0.1429,,1,absent,
62,https://arxiv.org/html/2308.05071v2,Benchmarking a trapped-ion quantum computer with 30 qubits,23,0.0000,0.1875,,1,absent,
62,https://www.linkedin.com/posts/ionq-co_today-we-have-released-a-landmark-technical-activity-7386325381479370752-vFSa,Achieved world's highest two-qubit gate performance with fidelity over 99.99% | IonQ posted on the topic | LinkedIn,24,0.0000,0.2381,,1,absent,
62,https://quantum-journal.org/papers/q-2024-11-07-1516,Benchmarking a trapped-ion quantum computer with 30 ...,25,0.0000,0.1875,,1,absent,
62,https://iontrap.duke.edu/files/2025/03/forshit.pdf,[PDF] Experimental Primer on the Trapped Ion Quantum Computer,26,0.0000,0.1875,,1,absent,
62,https://tf.nist.gov/general/pdf/3181.pdf,[PDF] Coherent coupling and non-destructive measurement of trapped-ion ...,27,0.0000,0.2105,,1,absent,
62,https://pmc.ncbi.nlm.nih.gov/articles/PMC11349922,Experimental realization of entangled coherent states in two ...,28,0.0000,0.1579,,1,absent,
62,https://iontrap.physics.indiana.edu/papers/Donofrio2021.pdf,Radial Two-Dimensional Ion Crystals in a Linear Paul Trap,30,0.0000,0.1875,,1,absent,
62,https://arxiv.org/abs/2007.04149,Coherence properties of highly-excited motional states of a ...,31,0.0000,0.1579,,1,absent,
62,https://ui.adsabs.harvard.edu/abs/2024arXiv241103301R/abstract,State-dependent control of the motional modes of trapped ...,32,0.0000,0.1905,,1,absent,
62,https://link.aps.org/doi/10.1103/PhysRevLett.132.133003,Trapping Ion Coulomb Crystals in an Optical Lattice,33,0.0000,0.1250,,1,absent,
62,https://arxiv.org/list/cond-mat.str-el/new,Strongly Correlated Electrons,34,0.0000,0.0000,,1,absent,
62,https://www.ictp-saifr.org/wfqm2025,Workshop on Frontiers in Quantum Materials - ICTP – SAIFR,35,0.0000,0.1250,,1,absent,
62,https://www.nits.ac.in/research/conferences,Conferences,37,0.0000,0.0625,,1,absent,
62,https://www.otso.com.au,Hydrogen Energy Research | OTSO,38,0.0000,0.0625,,1,absent,
62,https://www.patsnap.com/resources/blog/rd-blog/trapped-ion-quantum-computing-2026-patsnap-eureka,Trapped Ion Quantum Computing 2026 — PatSnap Eureka | Patsnap,39,0.0000,0.1875,,1,absent,
62,https://entangledfuture.com/guides/trapped-ion-quantum-computing,Trapped-Ion Quantum Computing 2026 | IonQ  Quantinuum,40,0.0000,0.1875,,1,absent,
62,https://postquantum.com/quantum-modalities/trapped-ion-qubits,Quantum Computing Modalities: Trapped-Ion QC,41,0.0000,0.2500,,1,absent,
62,https://iontrap.duke.edu/page/2,Page 2 – Quantum Computing with Trapped Ions,43,0.0000,0.1250,,1,absent,
62,https://cacm.acm.org/research/toward-systematic-architectural-design-of-near-term-trapped-ion-quantum-computers,Toward Systematic Architectural Design of Near-Term Trapped Ion Quantum Computers,44,0.0000,0.1875,,1,absent,
62,https://ar5iv.labs.arxiv.org/html/1904.04178,[1904.04178] Trapped-Ion Quantum Computing: Progress and Challenges,45,0.0000,0.1875,,1,absent,
62,https://www.ionq.com/blog/achieving-remote-ion-ion-entanglement-paving-the-way-for-scalable-quantum,IonQ | Achieving Remote Ion-Ion Entanglement: Paving the Way for Scalable Quantum Networking,46,0.0000,0.1875,,1,absent,
62,https://link.aps.org/doi/10.1103/PRXQuantum.4.040313,How to Wire a -Qubit Trapped-Ion Quantum Computer,47,0.0000,0.1818,,1,absent,
62,https://pmc.ncbi.nlm.nih.gov/articles/PMC9908934,A high-fidelity quantum matter-link between ion-trap microchip modules,48,0.0000,0.2500,,1,absent,
62,https://russfein.substack.com/p/qubit-modalities-trapped-ions,Qubit Modalities: Trapped Ions - by Russ Fein - The Quantum Leap,49,0.0000,0.1429,,1,absent,
62,https://inspirehep.net/files/4ec90af54b0c2e961032d2bda1c61987,Application of trapped ions in quantum-computing: Fidelity  ...,50,0.0000,0.2500,,1,absent,
62,https://www.nist.gov/programs-projects/quantum-networking-trapped-ions-optical-cavities,Quantum Networking with Trapped Ions in Optical Cavities | NIST,52,0.0000,0.1250,,1,absent,
62,https://link.aps.org/doi/10.1103/p3cy-8yjk,High-fidelity entanglement of metastable trapped-ion qubits with integrated erasure conversion,53,0.0000,0.2500,,1,absent,
62,https://www.quantinuum.com/blog/quantinuum-announces-a-world-record-in-fidelity-for-quantum-computing-qubits,Quantinuum announces a world record in fidelity for quantum computing qubits,54,0.0000,0.2500,,1,absent,
62,https://nano-qt.com/passive-quantum-interconnects-are-intrinsically-robust-to-motion-induced-errors,Passive Quantum Interconnects Are Intrinsically Robust to ...,55,0.0000,0.0625,,1,absent,
62,https://www.patsnap.com/resources/blog/rd-blog/topological-qubit-error-correction-2026-patsnap-eureka,Topological Qubit Error Correction 2026 — PatSnap Eureka | Patsnap,56,0.0000,0.1364,,1,absent,
62,https://multiwaresolutions.com/blog/quantum-error-correction-surface-codes-in-2026-d488-2026-06-09,Quantum Error Correction: Surface Codes in 2026 - Multiware Solution,57,0.0000,0.1364,,1,absent,
62,https://quantumzeitgeist.com/what-is-the-surface-code,Surface Code Explained: 7 Essential Ideas For 2026,58,0.0000,0.1364,,1,absent,
62,https://errorcorrectionzoo.org/list/quantum_realizations,Realized quantum codes | Error Correction Zoo,60,0.0000,0.0909,,1,absent,
62,https://www.ionq.com/blog/our-novel-efficient-approach-to-quantum-error-correction,IonQ | IonQ's Novel  Efficient Approach to Quantum Error Correction,61,0.0000,0.1364,,1,absent,
62,https://pmc.ncbi.nlm.nih.gov/articles/PMC9946823,Suppressing quantum errors by scaling a surface code logical ...,62,0.0000,0.1364,,1,absent,
62,https://link.aps.org/doi/10.1103/tk99-76gb,Ion-trap chip architecture optimized for the implementation of quantum error-correcting codes,63,0.0000,0.3125,,1,absent,
62,https://arxiv.org/html/2408.13687v1,Quantum error correction below the surface code threshold,64,0.0000,0.1818,,1,absent,
62,https://tf.nist.gov/general/pdf/3330.pdf,High-Stability Single-Ion Clock with 5.5 × 10,65,0.0000,0.1250,,1,absent,
62,https://www.quantummetrology.de/quaccs/research/multi-ion-clocks,Quantum Clocks and Complex Systems - Results,66,0.0000,0.1875,,1,absent,
62,https://iontrap.duke.edu/files/2025/03/Accurate_measurement_of_the_12.6_GHz_clock_transition_in_trapped__sup_171_Yb_sup___ions.pdf,Accurate Measurement Of The 12.6 GHz.  clock  Transition In ...,67,0.0000,0.1905,,1,absent,
62,https://www.researchgate.net/publication/386042163_Progress_on_cadmium-ion_and_ytterbium-ion_Microwave_Frequency_Standards_at_Tsinghua_University,(PDF) Progress on cadmium-ion and ytterbium ...,69,0.0000,0.1176,,1,absent,
62,https://www.semanticscholar.org/paper/High-Stability-Single-Ion-Clock-with-5.5%C3%9710%5E%7B-19%7D-Marshall-Castillo/2150eeb98a1b60a82851c552e9c88eb1ad7923fb/figure/0,Figure 1 from High-Stability Single-Ion Clock with 5.5×10,70,0.0000,0.1250,,1,absent,
62,https://arxiv.org/pdf/2402.16807,arXiv:2402.16807v3 [physics.atom-ph] 16 Jan 2025,71,0.0000,0.0000,,1,absent,
62,https://www.frontiersin.org/journals/physics/articles/10.3389/fphy.2025.1597737/full,Frequency shift properties of a calcium beam optical clock,72,0.0000,0.1250,,1,absent,
62,https://www.opticsjournal.net/Articles/GetArticlePDF/OJd28985dfbe606e6c,Reducing statistical noise in frequency ratio measurement ...,73,0.0000,0.1053,,1,absent,
62,https://www.nist.gov/document/112-sandia-styluspdf,Micro-fabricated stylus ion trap,74,0.0000,0.1250,,1,absent,
62,https://escholarship.org/content/qt8vx3307d/qt8vx3307d.pdf,UC Berkeley,75,0.0000,0.0000,,1,absent,
62,https://link.aps.org/doi/10.1103/PhysRevLett.96.253003,Microfabricated Surface-Electrode Ion Trap for Scalable Quantum Information Processing,76,0.0000,0.1875,,1,absent,
62,https://www.research-collection.ethz.ch/bitstreams/bb700c66-a055-4ca6-8542-998181c65022/download,Segmented ion-trap fabrication using high precision ...,78,0.0000,0.1765,,1,absent,
62,https://aip.scitation.org/doi/abs/10.1063/5.0082740,In situ detection of RF breakdown on microfabricated ...,79,0.0000,0.1250,,1,absent,
62,https://arxiv.org/html/2112.09723v1,In situ detection of RF breakdown on microfabricated ...,80,0.0000,0.1250,,1,absent,
62,https://arxiv.org/html/2605.09580v2,Estimating The Energy Consumption of Quantum Computing from A Full System Aspect,81,0.0000,0.2500,,1,absent,
62,https://russfein.substack.com/p/are-quantum-computers-energy-hogs,Are Quantum Computers Energy Hogs? - by Russ Fein,82,0.0000,0.0625,,1,absent,
62,https://www.linkedin.com/posts/edward-parker-753b77159_estimating-the-energy-requirements-to-operate-activity-7331805568786919424-uT5Z,New estimates for power and energy of a quantum computer | Edward Parker posted on the topic | LinkedIn,83,0.0000,0.1905,,1,absent,
62,https://patentpc.com/blog/quantum-computing-energy-consumption-how-sustainable-is-it-latest-data,Quantum Computing Energy Consumption: How Sustainable Is It? (Latest Data) | PatentPC,85,0.0000,0.1250,,1,absent,
62,https://www.spinquanta.com/news-detail/what-is-cryogenic-quantum-computing-and-why-it-matters,What Is Cryogenic Quantum Computing and Why It Matters | SpinQ,86,0.0000,0.1250,,1,absent,
62,https://www.abilityengineering.com/quantum-computing-cooling-system,Cryogenic Cooling & Vacuum Systems for Quantum Computing Infrastructure - Cryogenic & Vacuum Equipment Experts | Ability Engineering,87,0.0000,0.1875,,1,absent,
62,https://pennylane.ai/demos/tutorial_sc_qubits,Quantum computing with superconducting qubits | PennyLane Demos,88,0.0000,0.1875,,1,absent,
62,https://arxiv.org/html/2308.05071v2,Benchmarking a trapped-ion quantum computer with 30 qubits - arXiv,89,0.0000,0.1875,,1,absent,
62,https://postquantum.com/quantum-modalities/trapped-ion-qubits,Quantum Computing Modalities: Trapped-Ion QC,90,0.0000,0.2500,,1,absent,
62,https://iontrap.duke.edu/publications/research-articles,Research Articles – Quantum Computing with Trapped Ions,91,0.0000,0.1250,,1,absent,
62,https://pubs.aip.org/aip/apr/article/6/2/021314/570103/Trapped-ion-quantum-computing-Progress-and,Trapped-ion quantum computing: Progress and challenges,93,0.0000,0.1875,,1,absent,
62,https://link.aps.org/doi/10.1103/PhysRevLett.102.170501,Scalable  High-Speed Measurement-Based Quantum ...,94,0.0000,0.1250,,1,absent,
62,https://www.ionq.com/resources/quantum-computing-101-introduction-evaluation-applications,IonQ | Quantum Computing 101: Introduction  Evaluation  and Applications,95,0.0000,0.1250,,1,absent,
62,https://quantumsystemsaccelerator.org/2025/06/10/trapped-ions,QSA's Trapped-Ion Advances,96,0.0000,0.1053,,1,absent,
62,https://arxiv.org/html/2601.08578v1,Quantum Computing – Strategic Recommendations for the Industry,97,0.0000,0.1875,,1,absent,
62,https://www.ionq.com/technology,IonQ | Our Trapped Ion Technology,98,0.0000,0.1429,,1,absent,
62,https://link.aps.org/doi/10.1103/h4wk-v31j,Scalable  High-Fidelity All-Electronic Control of Trapped-Ion Qubits,99,0.0000,0.1905,,1,absent,
62,https://linkelab.umd.edu/research,Research | Linke Lab,100,0.0000,0.0208,,1,absent,
62,https://arxiv.org/list/cond-mat/new,Condensed Matter,101,0.0000,0.0000,,1,absent,
62,https://arxiv.org/html/2510.07590,Nonlinear Coupling between Motional Modes in Trapped Ion Quantum ...,102,0.0000,0.1875,,1,absent,
62,https://arxiv.org/list/math/new,Mathematics,103,0.0000,0.0000,,1,absent,
62,https://www.researchgate.net/publication/368363526_A_high-fidelity_quantum_matter-link_between_ion-trap_microchip_modules,(PDF) A high-fidelity quantum matter-link between ion-trap ...,104,0.0000,0.2500,,1,absent,
62,https://quantumcomputing.stackexchange.com/questions/23650/how-to-calculate-the-number-of-qubits-in-surface-code-for-given-physical-error,How to calculate the number of qubits in surface code  for given physical ...,105,0.0000,0.3125,,1,absent,
62,https://www.researchgate.net/publication/48188629_Microfabricated_Ion_Traps,(PDF) Microfabricated ion traps,106,0.0000,0.1765,,1,absent,
62,https://www.semanticscholar.org/paper/Segmented-ion-trap-fabrication-using-high-precision-Ragg-Decaroli/ba2ad3254f8be01a0cfd8255d397dbb00bc88632,[PDF] Segmented ion-trap fabrication using high precision ...,107,0.0000,0.1765,,1,absent,
62,https://www.researchgate.net/publication/260515587_Energy-Efficient_Superconducting_Computing-Power_Budgets_and_Requirements,Energy-Efficient Superconducting Computing—Power ...,108,0.0000,0.1875,,1,absent,
62,https://tf.nist.gov/general/pdf/2182.pdf,Trapped Atomic Ions and Quantum Information Processing,109,0.0000,0.1053,,1,absent,
65,https://www.mdpi.com/2073-4395/15/11/2518,Applications of 3D Reconstruction Techniques in Crop Canopy Phenotyping: A Review,1,0.0000,0.4359,,1,recorded,
65,https://www.semanticscholar.org/paper/High-Resolution-3D-Crop-Reconstruction-and-Analysis-Yang-Cho/bd837ce6796367b090ff5e8a0e63d113c8c2ddd5,[PDF] High-Resolution 3D Crop Reconstruction and Automatic Analysis of Phenotyping Index Using Machine Learning | Semantic Scholar,2,0.0000,0.4359,,1,recorded,
65,https://pmc.ncbi.nlm.nih.gov/articles/PMC13109325,A survey on 3D reconstruction techniques in plant phenotyping: From classical methods to Neural Radiance Fields (NeRF)  3D Gaussian Splatting (3DGS)  and beyond,3,0.0000,0.3846,,1,recorded,
65,https://pmc.ncbi.nlm.nih.gov/articles/PMC7184763,Analysing the phenotype development of soybean plants using low-cost 3D reconstruction,4,0.0000,0.1795,,1,recorded,
65,https://www.frontiersin.org/journals/plant-science/articles/10.3389/fpls.2022.974339/full,Frontiers | Three-dimensional reconstruction and phenotype measurement of maize seedlings based on multi-view image sequences,5,0.0000,0.2000,,1,absent,
65,https://www.researchgate.net/publication/380253946_Research_on_automatic_3D_reconstruction_of_plant_phenotype_based_on_Multi-View_images,Research on automatic 3D reconstruction of plant ...,6,0.0000,0.1875,,1,absent,
65,https://rae.agriculturejournals.cz/in-press.php,Research in Agricultural Engineering: Research in Agricultural Engineering - In Press,7,0.0000,0.1818,,1,absent,
65,https://ui.adsabs.harvard.edu/abs/2021Agric..11.1010Y/abstract,High-Resolution 3D Crop Reconstruction and Automatic ...,8,0.0000,0.1250,,1,absent,
65,https://arxiv.org/abs/2311.04154,[2311.04154] High-fidelity 3D Reconstruction of Plants using Neural Radiance Field,9,0.0000,0.1875,,1,absent,
65,https://www.sphericalinsights.com/reports/agriculture-robots-market,Global Agriculture Robots Market Size  Share  Forecasts to 2033,10,0.0000,0.3636,,1,absent,
65,https://www.psmarketresearch.com/market-analysis/agricultural-robots-market-report,Agricultural Robots Market Size  and Growth Report  2032,11,0.0000,0.3636,,1,absent,
65,https://www.grandviewresearch.com/industry-analysis/agriculture-4-market-report,Agriculture 4.0 Market Size And Share Report  2024-2030,12,0.0000,0.3636,,1,absent,
65,https://www.coherentmarketinsights.com/market-insight/agriculture-robots-market-1183,Agriculture Robots Market Size  Trends & Forecast  2026-2033,14,0.0000,0.2727,,1,absent,
65,https://www.snsinsider.com/reports/agriculture-robots-market-2548,Agriculture Robots Market Size  Share & Growth Analysis 2032,15,0.0000,0.2727,,1,absent,
65,https://www.fortunebusinessinsights.com/agricultural-robots-market-109044,Agricultural Robots Market Size | Global Industry Report [2034],16,0.0000,0.3636,,1,absent,
65,https://www.technavio.com/report/precision-agriculture-market-industry-analysis,Precision Agriculture Market Growth Analysis - Size and Forecast 2025-2029 | Technavio | Technavio,17,0.0000,0.4545,,1,absent,
65,https://www.marketsandmarkets.com/Market-Reports/precision-farming-market-1243.html,Precision Farming Market Size  Share  Latest Trends & Growth Analysis  2025-2032,18,0.0000,0.2727,,1,absent,
65,https://www.linkedin.com/pulse/forecasting-agricultural-robots-market-industry-m2vef,Forecasting the Agricultural Robots Market: Industry Analysis and ...,19,0.0000,0.2727,,1,absent,
65,https://kimstp.github.io/files/kimspublications_complete.pdf,[PDF] Publications of Kim Steenstrup Pedersen,20,0.0000,0.1333,,1,absent,
65,https://www.mdpi.com/2073-4395/12/11/2659,Convolutional Neural Networks in Computer Vision for Grain Crop Phenotyping: A Review,21,0.0000,0.3333,,1,absent,
65,https://arxiv.org/pdf/2502.16950,[PDF] Agriculture Computer Vision Dataset Survey - arXiv,22,0.0000,0.1333,,1,absent,
65,https://www.sciencedirect.com/science/article/abs/pii/S0168169918305829,Review Computer vision and artificial intelligence in precision agriculture ...,24,0.0000,0.3636,,1,absent,
65,https://www.semanticscholar.org/paper/Computer-vision-and-artificial-intelligence-in-for-Patr%C3%ADcio-Rieder/24696daab4cf7795fea37000108051ea6d9cab23,[PDF] Computer vision and artificial intelligence in precision agriculture ...,25,0.0000,0.3636,,1,absent,
65,https://medium.com/@jacob_marks/computer-vision-in-agriculture-2023-bb9a6d958f21,Medium,26,0.0000,0.2727,,1,absent,
65,https://www.frontiersin.org/journals/artificial-intelligence/articles/10.3389/frai.2023.1187301/full,Editorial: Computer vision in plant phenotyping and agriculture - Frontiers,27,0.0000,0.3636,,1,absent,
65,https://www.researchgate.net/publication/392065303_Harnessing_deep_learning_for_wheat_variety_classification_a_convolutional_neural_network_and_transfer_learning_approach,Harnessing deep learning for wheat variety classification,28,0.0000,0.3333,,1,absent,
65,https://pmc.ncbi.nlm.nih.gov/articles/PMC12355334,Harnessing deep learning for wheat variety classification - PMC,29,0.0000,0.3333,,1,absent,
65,https://www.newswise.com/articles/new-deep-learning-model-sharpens-accuracy-in-wheat-spike-counting,New Deep Learning Model Sharpens Accuracy in Wheat ...,30,0.0000,0.4167,,1,absent,
65,https://vtechworks.lib.vt.edu/bitstreams/0773d655-ebf8-403a-8abc-e7f814224d5c/download,Machine Learning Analysis of Hyperspectral Images of ...,32,0.0000,0.2143,,1,absent,
65,https://www.frontiersin.org/journals/plant-science/articles/10.3389/fpls.2026.1724501/full,Study on automatic detection of wheat spike grain number ...,33,0.0000,0.2667,,1,absent,
65,https://www.sciencedirect.com/science/article/pii/S2772375522001009,Machine learning approach for the classification of wheat ...,34,0.0000,0.3333,,1,absent,
65,https://harvest.usask.ca/bitstreams/ae81de04-4682-44b1-9227-58421a280946/download,Detection of Fusarium Damaged Kernels in Wheat Using ...,35,0.0000,0.2500,,1,absent,
65,https://link.springer.com/article/10.1186/s13007-023-01062-6,Segmentation and counting of wheat spike grains based on ...,36,0.0000,0.2000,,1,absent,
65,https://pmc.ncbi.nlm.nih.gov/articles/PMC12983262,Three-dimensional phenotyping: Technological advances and applications in genomics-assisted crop breeding,37,0.0000,0.1818,,1,absent,
65,https://dataintelo.com/report/biofilm-detection-sensors-for-food-plants-market,Biofilm Detection Sensors For Food Plants Market Research Report 2034,38,0.0000,0.1176,,1,absent,
65,https://www.frontiersin.org/journals/plant-science/articles/10.3389/fpls.2026.1731852/full,Frontiers | Advancements in 3D field-crop phenotyping using point clouds: a comparative review of sensor technology  target traits  and challenges under controlled and field conditions,39,0.0000,0.2727,,1,absent,
65,https://arxiv.org/html/2504.16840v1,A Low-Cost Photogrammetry Systemfor 3D Plant Modeling and Phenotyping,41,0.0000,0.1765,,1,absent,
65,https://www.24marketreports.com/machines/global-multispectral-d-plant-scanner-forecast-market,Multispectral 3D Plant Scanner Market 2026 forecast to 2032,42,0.0000,0.1818,,1,absent,
65,https://www.sciencedirect.com/science/article/pii/S2773126X26000274,Affordable crop phenotyping matters,43,0.0000,0.0714,,1,absent,
65,https://www.researchgate.net/publication/326641896_What_is_cost-efficient_phenotyping_Optimizing_costs_for_different_scenarios,What is cost-efficient phenotyping? Optimizing costs for different ...,44,0.0000,0.1765,,1,absent,
65,https://acsess.onlinelibrary.wiley.com/doi/10.1002/ppj2.70034,Affordable phenomics: Expanding access to enhancing genetic gain in ...,45,0.0000,0.0909,,1,absent,
65,https://www.mdpi.com/1424-8220/25/11/3401,Analysis of Selected Potentially Harmful Metal Elements in Soils and Vegetables in Gold Mining Region: Case Study Evaluated in Kenya  Africa,46,0.0000,0.2727,,1,absent,
65,https://pure.iiasa.ac.at/id/eprint/20739/1/s41597-025-05331-y.pdf,A global dataset of public agricultural R&D investment,47,0.0000,0.2727,,1,absent,
65,https://agpolicyreview.card.iastate.edu/winter-2023/world-spending-agricultural-research-and-development,World Spending on Agricultural Research and Development | Agricultural Policy Review,48,0.0000,0.2727,,1,absent,
65,https://globalagriculturalproductivity.org/gap-bulletin/cornell-research-quantifies-funding-needs-as-us-agricultural-rd-spending-falls-behind,Cornell Research Quantifies Funding Needs as U.S. Agricultural R&D Spending Falls Behind | Global Agricultural Productivity Initiative at Virginia Tech,49,0.0000,0.2143,,1,absent,
65,https://www.fortunebusinessinsights.com/crop-monitoring-market-104782,Crop Monitoring Market Size  Industry Share | Forecast 2034,51,0.0000,0.2143,,1,absent,
65,https://www.sciencedirect.com/science/article/pii/S0034425726002087,Global annual cropland dynamics 2015–2024,52,0.0000,0.1429,,1,absent,
65,https://pmc.ncbi.nlm.nih.gov/articles/PMC12274707,Revolutionizing agriculture: A comprehensive review on artificial intelligence applications in enhancing properties of agricultural produce☆,53,0.0000,0.3636,,1,absent,
65,https://nimss.org/projects/view/mrp/outline/18868,S1090: AI in Agroecosystems: Big Data and Smart Technology-Driven Sustainable Production – NIMSS,54,0.0000,0.1818,,1,absent,
65,https://www.ers.usda.gov/amber-waves/2022/june/investment-in-u-s-public-agricultural-research-and-development-has-fallen-by-a-third-over-past-two-decades-lags-major-trade-competitors,Investment in U.S. Public Agricultural Research and Development Has Fallen by a Third Over Past Two Decades  Lags Major Trade Competitors | Economic Research Service,55,0.0000,0.2727,,1,absent,
65,https://www.oecd.org/en/publications/progress-in-implementing-the-european-union-coordinated-plan-on-artificial-intelligence-volume-2_3ac96d41-en/full-report/ai-in-agriculture_c9ac6d24.html,AI in agriculture: Progress in Implementing the European Union Coordinated Plan on Artificial Intelligence (Volume 2),56,0.0000,0.1818,,1,absent,
65,https://www.datainsightsreports.com/reports/grain-graders-334236,Grain Graders Trends and Opportunities for Growth,57,0.0000,0.2000,,1,absent,
65,https://www.sciencedirect.com/science/article/pii/S0022474X25000475,AI-driven grain storage solutions: Exploring current ...,58,0.0000,0.0714,,1,absent,
65,https://pmc.ncbi.nlm.nih.gov/articles/PMC12274707,Revolutionizing agriculture: A comprehensive review on artificial ...,60,0.0000,0.0909,,1,absent,
65,https://marketintelo.com/report/automated-produce-grading-systems-market,Automated Produce Grading Systems Market,61,0.0000,0.1429,,1,absent,
65,https://link.springer.com/article/10.1007/s42452-025-07191-y,a comparative study of maize seed samples in Malawi,62,0.0000,0.1818,,1,absent,
65,https://www.niti.gov.in/sites/default/files/2023-03/National-Strategy-for-Artificial-Intelligence.pdf,National Strategy for Artificial Intelligence,63,0.0000,0.1818,,1,absent,
65,https://www.nature.com/articles/s41598-022-26809-4,Development of a high-performance open-source 3D bioprinter | Scientific Reports,64,0.0000,0.2500,,1,absent,
65,https://link.springer.com/article/10.1007/s40192-026-00449-2,pyTriBeam: Open-Source Software for Enhanced 3D Data Collection in TriBeam Microscopes,65,0.0000,0.3125,,1,absent,
65,https://arxiv.org/html/2510.01296v1,From 2D to 3D  Deep Learning-based Shape ...,66,0.0000,0.1667,,1,absent,
65,https://chanzuckerberg.com/eoss/proposals,Essential Open Source Software for Science,68,0.0000,0.2500,,1,absent,
65,https://www.sciencedirect.com/science/article/pii/S0092867424006366,Open-ST: High-resolution spatial transcriptomics in 3D,69,0.0000,0.1250,,1,absent,
65,https://journals.biologists.com/dev/article/151/8/dev202550/346998/Acto3D-an-open-source-user-friendly-volume,Acto3D: an open-source user-friendly volume rendering software for high ...,70,0.0000,0.2500,,1,absent,
65,https://www.open3d.org,Open3D – A Modern Library for 3D Data Processing,71,0.0000,0.1667,,1,absent,
65,https://www.kitware.com/open-source,Building Solutions on Open Source Technologies,72,0.0000,0.1250,,1,absent,
65,https://www.biorxiv.org/content/10.1101/2020.11.09.374926.full,SlicerMorph: An open and extensible platform to retrieve  visualize and ...,73,0.0000,0.1250,,1,absent,
65,https://www.credenceresearch.com/report/3d-point-cloud-processing-software-market,3D Point Cloud Processing Software Market Size  Share and Forecast 2032,74,0.0000,0.2727,,1,absent,
65,https://pipeline-conference.com/abstracts/automated-3d-point-cloud-analysis-pipeline-corridors-high-density-point-clouds-change,Automated 3D Point Cloud Analysis for Pipeline Corridors: From High Density Point Clouds to Change Detection to Advanced Visualization  in Minutes | 21st Pipeline Technology Conference,75,0.0000,0.3333,,1,absent,
65,https://www.productteacher.com/quick-product-tips/point-cloud-processing-for-3d-mapping,Point Cloud Processing for 3D Mapping — Product Teacher,76,0.0000,0.2778,,1,absent,
65,https://www.pipeline-conference.com/abstracts/automated-3d-point-cloud-analysis-pipeline-corridors-high-density-point-clouds-change,Automated 3D Point Cloud Analysis for Pipeline Corridors: From High Density Point Clouds to Change Detection to Advanced Visualization  in Minutes | 21st Pipeline Technology Conference,78,0.0000,0.3333,,1,absent,
65,http://arxiv.org/html/2511.02293v1,3D Point Cloud Object Detection on Edge Devices for Split Computing,79,0.0000,0.2222,,1,absent,
65,https://arxiv.org/html/2511.02293v1,3D Point Cloud Object Detection on Edge Devices for Split Computing,80,0.0000,0.2222,,1,absent,
65,https://www.semanticscholar.org/paper/LiDAR-Point-Cloud-Data-Processing-in-Autonomous-Saravanarajan-Chen/8dcdb4ec2336a1733cf9d0f961e67d0d464be6cf,LiDAR Point Cloud Data Processing in Autonomous Vehicles | Semantic Scholar,81,0.0000,0.2222,,1,absent,
65,https://www.researchgate.net/publication/349853225_Interactive_Holographic_Display_for_Real-Time_Drawing_and_Erasing_of_3D_Point-Cloud_Images_With_a_Fingertip,Interactive Holographic Display for Real-Time Drawing and Erasing of 3D Point-Cloud Images With a Fingertip,82,0.0000,0.3333,,1,absent,
65,https://www.irit.fr/recherches/STORM/MelladoNicolas/real-time-3d-reconstruction-from-single-photon-lidar-data-using-plug-and-play-point-cloud-denoisers,Real-time 3D reconstruction from single-photon lidar data using plug-and-play point cloud denoisers - Nicolas Mellado,83,0.0000,0.2778,,1,absent,
65,https://academic.oup.com/gigascience/article/8/1/giy153/5232233,Computer vision-based phenotyping for improvement of plant productivity,84,0.0000,0.3333,,1,absent,
65,https://mospace.umsystem.edu/items/b5dd20da-f4ca-49f3-a0ba-431677d85550,developing deep learning and computer vision algorithms for UAV ...,85,0.0000,0.2667,,1,absent,
65,https://openknowledge.fao.org/bitstreams/64cdae9c-d160-4809-8c6a-62f94d48b6f6/download,[PDF] Global investments in agricultural research: Where are we and where ...,86,0.0000,0.3636,,1,absent,
65,https://www.researchgate.net/publication/396520771_Implementing_artificial_intelligence_and_machine_learning_algorithms_for_optimized_crop_management_a_systematic_review_on_data-driven_approach_to_enhancing_resource_use_and_agricultural_sustainability,a systematic review on data-driven approach to enhancing ...,87,0.0000,0.2143,,1,absent,
65,https://pmc.ncbi.nlm.nih.gov/articles/PMC1560462,The Role of Title  Metadata and Abstract in Identifying Clinically Relevant Journal Articles,1,0.0000,0.6154,,2,recorded,
65,https://libguides.asu.edu/evidence_synthesis/search-strategy,Write a Search Strategy - Evidence Synthesis in the Social Sciences - LibGuides at Arizona State University,2,0.0000,0.6923,,2,recorded,
65,https://intuitionlabs.ai/articles/research-paper-apis-scientific-literature,Research Paper APIs for Scientific Literature in 2026 | IntuitionLabs,3,0.0000,0.7692,,2,recorded,
65,https://onlinelibrary.wiley.com/doi/full/10.1111/itor.13309,Systematic reviews as a metaknowledge tool: caveats and ...,4,0.0000,0.3077,,2,recorded,
65,https://www.mdpi.com/2078-2489/14/8/427,Metadata Standard for Continuous Preservation  Discovery  and Reuse of Research Data in Repositories by Higher Education Institutions: A Systematic Review,5,0.0000,0.3077,,2,absent,
65,https://direct.mit.edu/qss/article/doi/10.1162/QSS.a.396/133676/Coverage-and-metadata-completeness-and-accuracy-of,Coverage and metadata completeness and accuracy of ...,6,0.0000,0.1538,,2,absent,
65,https://arxiv.org/html/2509.14457v1,Keywords are not always the key: A metadata field analysis for natural language search on open data portals,7,0.0000,0.2308,,2,absent,
65,https://blog.scholasticahq.com/post/metadata-elements-publishers-should-prioritize,In pursuit of rich article-level metadata: 5 elements journal publishers should prioritize,8,0.0000,0.1250,,2,absent,
65,https://pmc.ncbi.nlm.nih.gov/articles/PMC11298374,The evolution of plant phenomics: global insights  trends  and collaborations (2000-2021),9,0.0000,0.3750,,2,absent,
65,https://www.plantphenomics.org.au/resources/published-research,Australian Plant Phenomics Network | Published Research,10,0.0000,0.3750,,2,absent,
65,https://biotechlab.forestry.oregonstate.edu/sites/default/files/PlantPhenomics2022.pdf,PLANTPHENOMICS_9893639 1..17,11,0.0000,0.0000,,2,absent,
65,https://digitalcommons.unl.edu/cgi/viewcontent.cgi?article=1245&context=plantscifacpub,Advances in plant phenomics - UNL Digital Commons,13,0.0000,0.3750,,2,absent,
65,https://academic.oup.com/jxb/article/66/18/5429/482901,Plant phenomics and the need for physiological phenotyping ...,14,0.0000,0.3750,,2,absent,
65,https://www.cell.com/molecular-plant/fulltext/S1674-2052(20)30008-3,Crop Phenomics and High-Throughput Phenotyping: Past ...,15,0.0000,0.5000,,2,absent,
65,https://journals.sagepub.com/doi/10.1177/0306312719863494,Metadata accounts: Achieving data and evidence in ...,16,0.0000,0.2500,,2,absent,
65,https://www.semanticscholar.org/paper/Deep-Plant-Phenomics%3A-A-Deep-Learning-Platform-for-Ubbens-Stavness/39bc14bda0e5b2887aa5cf9512d8dcb2b160fa66,A Deep Learning Platform for Complex Plant Phenotyping ...,17,0.0000,0.2500,,2,absent,
65,https://www.researchgate.net/publication/318456745_Deep_Plant_Phenomics_A_Deep_Learning_Platform_for_Complex_Plant_Phenotyping_Tasks,(PDF) Deep Plant Phenomics: A Deep Learning Platform ...,18,0.0000,0.2500,,2,absent,
65,https://www.plantphenomics.org.au/resources/published-research,Published Research,1,0.0000,0.7500,,3,recorded,
65,https://pmc.ncbi.nlm.nih.gov/articles/PMC11298374,The evolution of plant phenomics: global insights  trends  and ...,2,0.0000,0.6250,,3,recorded,
65,https://www.semanticscholar.org/paper/Deep-Plant-Phenomics%3A-A-Deep-Learning-Platform-for-Ubbens-Stavness/39bc14bda0e5b2887aa5cf9512d8dcb2b160fa66,Deep Plant Phenomics: A Deep Learning Platform for Complex Plant Phenotyping Tasks | Semantic Scholar,3,0.0000,0.7500,,3,recorded,
65,https://link.springer.com/article/10.1186/s13007-020-00653-x,Developmental normalization of phenomics data generated by high throughput plant phenotyping systems,4,0.0000,0.5000,,3,recorded,
65,https://www.frontiersin.org/journals/plant-science/articles/10.3389/fpls.2017.01190/full,Deep Plant Phenomics: A Deep Learning Platform for ...,5,0.0000,0.2500,,3,absent,
65,https://biotechlab.forestry.oregonstate.edu/sites/default/files/PlantPhenomics2022.pdf,PLANTPHENOMICS_9893639 1..17,6,0.0000,0.0000,,3,absent,
65,https://www.cell.com/molecular-plant/fulltext/S1674-2052(20)30008-3,Crop Phenomics and High-Throughput Phenotyping: Past ...,7,0.0000,0.5000,,3,absent,
65,https://digitalcommons.unl.edu/cgi/viewcontent.cgi?article=1245&context=plantscifacpub,[PDF] Advances in plant phenomics: From data and algorithms to biological ...,8,0.0000,0.5000,,3,absent,
65,https://www.researchgate.net/publication/318456745_Deep_Plant_Phenomics_A_Deep_Learning_Platform_for_Complex_Plant_Phenotyping_Tasks,(PDF) Deep Plant Phenomics: A Deep Learning Platform for Complex ...,9,0.0000,0.2500,,3,absent,
65,https://academic.oup.com/jxb/article/66/18/5429/482901,Plant phenomics and the need for physiological phenotyping across ...,10,0.0000,0.3750,,3,absent,
69,https://atlan.com/know/mcp/mcp-vs-a2a-protocol,MCP vs A2A Protocol: Architecture  Differences and When to Use,1,0.0000,0.6000,,1,recorded,
69,https://www.descope.com/blog/post/mcp-vs-a2a,A2A vs. MCP,2,0.0000,0.5000,,1,recorded,
69,https://www.knowi.com/blog/ai-agent-protocols-explained-what-are-a2a-and-mcp-and-why-they-matter,AI Agent Protocols: A2A vs MCP and Why They Matter,3,0.0000,0.4333,,1,recorded,
69,https://www.youtube.com/watch?v=56BXHCkngss,All You Need To Know About Google Agent2Agent Protocol- A2A Vs MCP,4,0.0000,0.5333,,1,recorded,
69,https://developers.googleblog.com/en/a2a-a-new-era-of-agent-interoperability,Announcing the Agent2Agent Protocol (A2A),5,0.0000,0.3000,,1,absent,
69,https://www.digitalapplied.com/blog/google-a2a-protocol-agent-to-agent-communication-guide,Google A2A Protocol: Agent-to-Agent Communication Guide,6,0.0000,0.2500,,1,absent,
69,https://www.koyeb.com/blog/a2a-and-mcp-start-of-the-ai-agent-protocol-wars,A2A and MCP: Start of the AI Agent Protocol Wars? - Koyeb,7,0.0000,0.3000,,1,absent,
69,https://workos.com/blog/mcp-vs-a2a,MCP vs. A2A: Which AI agent protocol should you use? — WorkOS,8,0.0000,0.1905,,1,absent,
69,https://auth0.com/blog/mcp-vs-a2a,MCP vs A2A: A Guide to AI Agent Communication Protocols,9,0.0000,0.1905,,1,absent,
69,https://modelcontextprotocol.io/specification/2026-07-28,Specification,10,0.0000,0.0455,,1,absent,
69,https://www.descope.com/learn/post/mcp,What Is the Model Context Protocol (MCP) and How It Works,11,0.0000,0.2727,,1,absent,
69,https://en.wikipedia.org/wiki/Model_Context_Protocol,Model Context Protocol,12,0.0000,0.1765,,1,absent,
69,https://cloud.google.com/discover/what-is-model-context-protocol,What is Model Context Protocol (MCP)? A guide,14,0.0000,0.2353,,1,absent,
69,https://www.anthropic.com/news/model-context-protocol,Introducing the Model Context Protocol,15,0.0000,0.2353,,1,absent,
69,https://www.youtube.com/watch?v=CQywdSdi5iA,The Model Context Protocol (MCP),16,0.0000,0.2353,,1,absent,
69,https://agent2agent.info,Agent2Agent Protocol - The A2A Protocol Community,17,0.0000,0.2000,,1,absent,
69,https://developers.googleblog.com/en/a2a-a-new-era-of-agent-interoperability,Announcing the Agent2Agent Protocol (A2A),18,0.0000,0.3000,,1,absent,
69,https://www.cybage.com/blog/mastering-google-s-a2a-protocol-the-complete-guide-to-agent-to-agent-communication,Mastering Google’s A2A Protocol: Architecture  Implementation  and Multi-Agent AI Interoperability,19,0.0000,0.3500,,1,absent,
69,https://medium.com/@saeedhajebi/a2a-protocol-an-in-depth-guide-78387f992f59,Medium,21,0.0000,0.1500,,1,absent,
69,https://a2a-protocol.org/latest/specification,Agent2Agent (A2A) Protocol Specification,22,0.0000,0.1500,,1,absent,
69,https://www.wwt.com/blog/agent-2-agent-protocol-a2a-a-deep-dive,Agent-2-Agent Protocol (A2A) - A Deep Dive - WWT,23,0.0000,0.1500,,1,absent,
69,https://codelabs.developers.google.com/intro-a2a-purchasing-concierge,Getting Started with Agent2Agent (A2A) Protocol: A Purchasing Concierge and Remote Seller Agent Interactions on Cloud Run and Agent Engine  |  Google Codelabs,24,0.0000,0.3000,,1,absent,
69,https://www.datacamp.com/blog/a2a-agent2agent,Agent2Agent (A2A): Definition  Examples  MCP Comparison | DataCamp,25,0.0000,0.1429,,1,absent,
69,https://www.truefoundry.com/blog/mcp-vs-a2a,MCP vs A2A: Compare Single-Agent & Multi-Agent Protocols,26,0.0000,0.1429,,1,absent,
69,https://pickaxe.co/post/mcp-vs-a2a-protocol,MCP vs A2A Protocol: Comparison Guide (2026),27,0.0000,0.1500,,1,absent,
69,https://dev.to/pockit_tools/mcp-vs-a2a-the-complete-guide-to-ai-agent-protocols-in-2026-30li,MCP vs A2A: The Complete Guide to AI Agent Protocols in ...,28,0.0000,0.2381,,1,absent,
69,https://www.stackone.com/blog/mcp-vs-a2a-protocol,MCP vs A2A: Architecture  Security  and When to Use Each | StackOne,30,0.0000,0.2381,,1,absent,
69,https://arxiv.org/html/2505.02279v1,A Survey of Agent Interoperability Protocols: Model Context ... - arXiv,31,0.0000,0.1765,,1,absent,
69,https://redis.io/blog/mcp-vs-a2a-which-protocol-do-you-need,Model Context Protocol (MCP) vs. Agent2Agent (A2A): which protocol do you need?,32,0.0000,0.2353,,1,absent,
69,https://www.youtube.com/watch?v=-vKztdD2XEc,A2A Vs MCP - Do You Need Both Agent2Agent and Model Context Protocol?,33,0.0000,0.2353,,1,absent,
69,https://aishwaryasrinivasan.substack.com/p/a2a-vs-mcp-the-two-protocols-reshaping,A2A vs MCP: The Two Protocols Reshaping How AI Systems Talk to Each Other,34,0.0000,0.2000,,1,absent,
69,https://www.linkedin.com/pulse/edition-20-mcp-vs-a2a-which-ai-agent-protocol-should-you-choose-n04qc,Edition 20 - MCP vs A2A: Which AI Agent Protocol Should You Choose?,35,0.0000,0.1500,,1,absent,
69,https://www.glukhov.org/ai-systems/comparisons/a2a-protocol-2026-adoption,Google A2A Protocol in 2026: Adoption  Hype  and Reality,36,0.0000,0.2500,,1,absent,
69,https://ikala.ai/blog/ai-trends/an-in-depth-analysis-of-googles-a2a-protocol-and-its-relationship-with-anthropics-mcp-en,Google's A2A and Anthropic's MCP: In-Depth Analysis - iKala,37,0.0000,0.3000,,1,absent,
69,https://www.descope.com/blog/post/mcp-vs-a2a,A2A vs. MCP,38,0.0000,0.1000,,1,absent,
69,https://atlan.com/know/google-a2a-protocol,Google A2A Protocol: How Agent-to-Agent Coordination Works,40,0.0000,0.2000,,1,absent,
69,https://developers.googleblog.com/en/a2a-a-new-era-of-agent-interoperability,Announcing the Agent2Agent Protocol (A2A),41,0.0000,0.3000,,1,absent,
69,https://galileo.ai/blog/google-agent2agent-a2a-protocol-guide,Google's Agent2Agent Protocol Explained | Galileo,42,0.0000,0.2000,,1,absent,
69,https://www.koyeb.com/blog/a2a-and-mcp-start-of-the-ai-agent-protocol-wars,A2A and MCP: Start of the AI Agent Protocol Wars?,43,0.0000,0.3000,,1,absent,
69,https://www.reddit.com/r/mcp/comments/1k01psv/blog_why_googles_a2a_protocol_doesnt_make_sense,Why Google's A2A Protocol Doesn't Make Sense When We Already Have MCP : r/mcp,44,0.0000,0.1905,,1,absent,
69,https://www.digitalapplied.com/blog/ai-agent-protocol-ecosystem-map-2026-mcp-a2a-acp-ucp,AI Agent Protocol Ecosystem Map 2026: Complete Visual,45,0.0000,0.1500,,1,absent,
69,https://www.linuxfoundation.org/press/a2a-protocol-surpasses-150-organizations-lands-in-major-cloud-platforms-and-sees-enterprise-production-use-in-first-year,A2A Protocol Surpasses 150 Organizations  Lands in ...,46,0.0000,0.2000,,1,absent,
69,https://www.glukhov.org/ai-systems/comparisons/a2a-protocol-2026-adoption,Google A2A Protocol in 2026: Adoption  Hype  and Reality,47,0.0000,0.2500,,1,absent,
69,https://nevermined.ai/blog/emerging-standards-adoption-statistics,55 Emerging Standards Adoption (A2A/MCP) Statistics | Nevermined,49,0.0000,0.1000,,1,absent,
69,https://medium.com/@aftab001x/mcp-and-a2a-the-protocols-building-the-ai-agent-internet-bc807181e68a,MCP and A2A: The Protocols Building the AI Agent Internet,50,0.0000,0.2381,,1,absent,
69,https://developers.googleblog.com/en/a2a-a-new-era-of-agent-interoperability,Announcing the Agent2Agent Protocol (A2A),51,0.0000,0.3000,,1,absent,
69,https://www.prnewswire.com/news-releases/a2a-protocol-surpasses-150-organizations-lands-in-major-cloud-platforms-and-sees-enterprise-production-use-in-first-year-302737641.html,A2A Protocol Surpasses 150 Organizations  Lands in ...,52,0.0000,0.2000,,1,absent,
69,https://credal.ai/blog/what-happened-to-a2a-protocol,What happened to A2A Protocol? - Credal,53,0.0000,0.1500,,1,absent,
69,https://blog.modelcontextprotocol.io/posts/2026-07-28,The 2026-07-28 Specification | Model Context Protocol Blog,54,0.0000,0.2353,,1,absent,
69,https://hidekazu-konishi.com/entry/mcp_specification_version_timeline.html,Model Context Protocol Specification Version Timeline - Version-by-Version Changes and Adoption Milestones | hidekazu-konishi.com,55,0.0000,0.3182,,1,absent,
69,https://github.com/a2aproject/A2A,Agent2Agent (A2A) is an open protocol enabling ...,56,0.0000,0.1765,,1,absent,
69,https://www.digitalapplied.com/blog/mcp-adoption-statistics-2026-model-context-protocol,MCP Adoption Statistics 2026: Model Context Protocol,58,0.0000,0.1818,,1,absent,
69,https://developers.googleblog.com/en/a2a-a-new-era-of-agent-interoperability,Announcing the Agent2Agent Protocol (A2A),59,0.0000,0.3000,,1,absent,
69,https://www.linkedin.com/posts/martykihn_mcp-a2a-activity-7317946882922536960-eKMK,Google releases Agent 2 Agent protocol for AI agents | Martin Kihn posted on the topic | LinkedIn,60,0.0000,0.2941,,1,absent,
69,https://www.reddit.com/r/AI_Agents/comments/1jvbfe8/google_announces_a2a_agent_to_agent_protocol,Google Announces A2A - Agent to Agent protocol : r/AI_Agents - Reddit,61,0.0000,0.2000,,1,absent,
69,https://www.facebook.com/groups/aifire.co/posts/1692308618041107,Google launches A2A  an open internet protocol for AI agent ...,62,0.0000,0.2941,,1,absent,
69,https://credal.ai/blog/what-happened-to-a2a-protocol,What happened to A2A Protocol? - Credal,63,0.0000,0.1500,,1,absent,
69,https://composio.dev/content/ai-agent-tool-calling-guide,Tool Calling Explained: The Core of AI Agents (2026 Guide) | Composio,64,0.0000,0.2000,,1,absent,
69,https://www.augmentcode.com/guides/a2a-vs-mcp,A2A vs MCP for AI Coding Tool Interop (2026) | Augment Code,65,0.0000,0.1500,,1,absent,
69,https://arxiv.org/html/2605.00737v1,To Call or Not to Call:A Framework to Assess and Optimize LLM Tool Calling,66,0.0000,0.1905,,1,absent,
69,https://www.youtube.com/watch?v=9z03nZ0KpNY,How AI Tool Calling Works | Connecting LLMs to APIs in 2026,68,0.0000,0.1905,,1,absent,
69,https://achan2013.medium.com/how-many-tools-functions-can-an-ai-agent-has-21e0a82b7847,Medium,69,0.0000,0.0500,,1,absent,
69,https://pub.towardsai.net/a2a-protocol-v1-2026-how-ai-agents-actually-talk-to-each-other-c500079bca73,A2A Protocol v1 2026: How AI Agents Actually Talk to Each ...,70,0.0000,0.1500,,1,absent,
69,https://tianpan.co/blog/2026-01-29-code-execution-mcp-efficient-ai-agents,Why Your AI Agent Should Write Code Instead of Calling Tools,71,0.0000,0.1364,,1,absent,
69,https://nango.dev/blog/build-reliable-tool-calls-for-ai-agents-integrating-with-external-apis,How to build reliable tool calls for AI agents integrating with external APIs | Nango Blog,72,0.0000,0.1000,,1,absent,
69,https://glaforge.dev/talks/2026/01/16/on-ai-standards-and-protocols-focus-on-mcp-and-a2a,On AI Standards and Protocols: Focus on MCP and A2A,73,0.0000,0.1500,,1,absent,
69,https://www.philschmid.de/mcp-introduction,Model Context Protocol (MCP) an overview,74,0.0000,0.1818,,1,absent,
69,https://modelcontextprotocol.io/docs/2026-07-28/getting-started/intro,Model Context Protocol,75,0.0000,0.1765,,1,absent,
69,https://www.k2view.com/what-is-mcp-ai,What is the Model Context Protocol for AI (MCP AI) | A Practical Guide,1,0.0000,0.5625,,2,recorded,
69,https://www.merge.dev/blog/model-context-protocol-alternatives,6 Model Context Protocol alternatives to consider in 2026,2,0.0000,0.3750,,2,recorded,
69,https://modelcontextprotocol.info/blog/mcp-guide,Model Context Protocol (MCP): A New Standard for AI Application and External Data Integration – Model Context Protocol （MCP）,3,0.0000,0.3750,,2,recorded,
69,https://cloud.google.com/discover/what-is-model-context-protocol,What is Model Context Protocol (MCP)? A guide,4,0.0000,0.5625,,2,recorded,
69,https://www.backslash.security/blog/what-is-mcp-model-context-protocol,What is MCP? The Universal Connector for AI Explained,5,0.0000,0.2500,,2,absent,
69,https://www.anthropic.com/news/model-context-protocol,Introducing the Model Context Protocol,6,0.0000,0.1875,,2,absent,
69,https://media.defense.gov/2026/Jun/02/2003943289/-1/-1/0/CSI_MCP_SECURITY.PDF,Security Design Considerations for AI-Driven Automation,7,0.0000,0.0625,,2,absent,
69,https://www.kosmoy.com/resources/blog/why-every-company-running-more-than-one-llm-needs-an-ai-gateway,Running 2+ LLMs? Why You Need an AI Gateway (2026 Guide),8,0.0000,0.0952,,2,absent,
69,https://medium.com/@abhaychougule0907/underlying-factors-behind-inconsistency-in-llm-responses-with-multi-tool-calling-628ce7b4de76,Medium,9,0.0000,0.0588,,2,absent,
69,https://futureagi.substack.com/p/why-do-multi-agent-llm-systems-fail,Why do multi agent LLM systems fail (and how to fix)- 2026 Guide,10,0.0000,0.1333,,2,absent,
69,https://redis.io/blog/why-multi-agent-llm-systems-fail,Why Multi-Agent LLM Systems Fail & How to Fix Them,11,0.0000,0.1429,,2,absent,
69,https://www.linkedin.com/posts/paulfishwick_ai-swe-tip-17-work-with-multiple-llms-in-activity-7396606865637494786-U9eY,How to work with multiple LLMs in a network architecture,13,0.0000,0.1905,,2,absent,
69,https://www.youtube.com/watch?v=ej7-n9OoGnQ,Too Many Tools? How LLMs Struggle at Scale | MCP Talk w - YouTube,14,0.0000,0.0769,,2,absent,
69,https://www.youtube.com/watch?v=_O_XtZcQ6D0,2025 LLM Playbook: SLMs  Model Flexibility  and Deployment Best Practices,15,0.0000,0.0667,,2,absent,
69,https://workos.com/blog/everything-your-team-needs-to-know-about-mcp-in-2026,Everything your team needs to know about MCP in 2026 - WorkOS,16,0.0000,0.0909,,2,absent,
69,https://medium.com/mongodb/understanding-mcp-the-universal-bridge-for-ai-models-8ff8b4392e21,Understanding MCP: The Universal Bridge for AI Models,17,0.0000,0.0909,,2,absent,
69,https://www.youtube.com/watch?v=wZn9XvXBnU4,What is MCP? The AI Protocol Changing Everything (2026),18,0.0000,0.1429,,2,absent,
69,https://newsletter.pragmaticengineer.com/p/mcp,MCP Protocol: a new AI dev tools building block,20,0.0000,0.1818,,2,absent,
69,https://blog.modelcontextprotocol.io/posts/2026-01-26-mcp-apps,MCP Apps - Bringing UI Capabilities To MCP Clients,21,0.0000,0.0909,,2,absent,
69,https://handsonarchitects.com/blog/2026/what-makes-mcp-server-successful,What makes an MCP server successful? | Tech notes of hands-on software architects,22,0.0000,0.0952,,2,absent,
69,https://blog.modelcontextprotocol.io/posts/2025-12-19-mcp-transport-future,Exploring the Future of MCP Transports | Model Context Protocol Blog,23,0.0000,0.2500,,2,absent,
69,https://blog.doubleslash.de/en/software-technologien/kuenstliche-intelligenz/the-a2a-protocol-when-ai-agents-finally-learn-to-talk-to-each-other,A2A protocol: AI agents communicate with each other,24,0.0000,0.1905,,2,absent,
69,https://www.facebook.com/axiosnews/posts/exclusive-ai-agents-inch-toward-interoperability/1438910344765597,Exclusive: AI agents inch toward interoperability - Facebook,25,0.0000,0.0667,,2,absent,
69,https://onereach.ai/blog/what-is-a2a-agent-to-agent-protocol,A2A Protocol Explained: Secure Interoperability for Agentic AI 2026,26,0.0000,0.1905,,2,absent,
69,https://developers.googleblog.com/en/a2a-a-new-era-of-agent-interoperability,Announcing the Agent2Agent Protocol (A2A),27,0.0000,0.1905,,2,absent,
69,https://www.solo.io/topics/ai-infrastructure/what-is-a2a,What Is Agent2Agent Protocol (A2A)? | Solo.io | Solo.io,29,0.0000,0.0952,,2,absent,
69,https://www.ruh.ai/blogs/ai-agent-protocols-2026-complete-guide,AI Agent Protocols 2026: Complete Guide - Ruh AI,30,0.0000,0.0952,,2,absent,
69,https://www.salesforce.com/ap/agentforce/ai-agents/agent2agent-protocol,Agent2Agent Protocol: The Standard for AI Agent Interoperability | Salesforce AP,31,0.0000,0.1176,,2,absent,
69,https://galileo.ai/blog/agent-to-agent-interaction-frameworks,7 Agent-to-Agent Interaction Frameworks That Transform AI Development | Galileo,32,0.0000,0.1429,,2,absent,
69,https://arxiv.org/html/2505.02279v1,A Survey of Agent Interoperability Protocols: Model Context ... - arXiv,33,0.0000,0.1429,,2,absent,
69,https://www.databricks.com/blog/what-is-model-context-protocol,What is the Model Context Protocol (MCP)?,34,0.0000,0.2500,,2,absent,
69,https://modelcontextprotocol.io/docs/2026-07-28/getting-started/intro,Model Context Protocol,35,0.0000,0.1875,,2,absent,
69,https://blog.marcnuri.com/model-context-protocol-mcp-introduction,Introduction to the Model Context Protocol (MCP): The Future of AI Integration - Marc Nuri,36,0.0000,0.3125,,2,absent,
69,https://www.reddit.com/r/singularity/comments/1k3wrcm/random_thought_why_cant_multiple_llms_have_an,Random thought: why can't multiple LLMs have an ...,37,0.0000,0.1538,,2,absent,
69,https://www.backslash.security/blog/what-is-mcp-model-context-protocol,What is MCP? The Universal Connector for AI Explained,38,0.0000,0.2500,,2,absent,
69,https://blog.cloudflare.com/mcp-v2,The next generation of MCP - Cloudflare Blog,39,0.0000,0.0952,,2,absent,
78,https://www.neurosurgeryone.com/condition/parkinsons,Parkinson's Disease Stages | What to Expect | Denver DBS Center,1,0.0000,0.2857,,1,recorded,
78,https://www.mayoclinic.org/diseases-conditions/parkinsons-disease/symptoms-causes/syc-20376055,Parkinson's disease - Symptoms and causes,2,0.0000,0.3016,,1,recorded,
78,https://www.facebook.com/communitymedicalcenters/posts/before-dbs-surgery-parkinsons-controlled-glendas-daily-lifeafter-deep-brain-stim/1505295098263252,Before DBS surgery  Parkinson's controlled Glenda's daily life. ...,3,0.0000,0.1905,,1,recorded,
78,https://www.nia.nih.gov/health/parkinsons-disease/parkinsons-disease-causes-symptoms-and-treatments,Parkinson’s Disease: Causes  Symptoms  and Treatments | National Institute on Aging,4,0.0000,0.3175,,1,recorded,
78,https://my.clevelandclinic.org/health/diseases/8525-parkinsons-disease-an-overview,Parkinson's Disease: What It Is  Symptoms & Treatment,5,0.0000,0.3333,,1,absent,
78,https://www.frontiersin.org/journals/neurology/articles/10.3389/fneur.2021.678373/full,Frontiers | Frequency of Non-motor Symptoms in Parkinson's Patients With Motor Fluctuations,6,0.0000,0.6667,,1,absent,
78,https://www.nature.com/articles/npjparkd201513,The range and nature of non-motor symptoms in drug-naive Parkinson’s disease patients: a state-of-the-art systematic review | npj Parkinson's Disease,7,0.0000,0.7500,,1,absent,
78,https://neurotorium.org/article/non-motor-symptoms-in-parkinsons-disease-nature-and-burden,Non-motor symptoms in Parkinson’s disease: nature and burden - Neurotorium,8,0.0000,0.5833,,1,absent,
78,https://parkinsonsnewstoday.com/news/most-untreated-parkinsons-patients-have-non-motor-symptoms-study,Most Untreated Parkinson's Patients Have Non-Motor ...,9,0.0000,0.5000,,1,absent,
78,https://www.sciencedirect.com/science/article/abs/pii/S0303846712004246,Prevalence of non motor features in a cohort of Parkinson's ...,10,0.0000,0.5833,,1,absent,
78,https://pmc.ncbi.nlm.nih.gov/articles/PMC7313565,Prevalence of Non-motor Symptoms in Parkinson's Disease and Its Impact on Quality of Life in Tertiary Care Center in India,12,0.0000,0.7500,,1,absent,
78,https://pubmed.ncbi.nlm.nih.gov/33553493,Prevalence of Non-Motor Symptoms and ...,13,0.0000,0.4167,,1,absent,
78,https://www.parkinson.org/understanding-parkinsons/non-movement-symptoms,Non-Movement Symptoms | Parkinson's Foundation,14,0.0000,0.3333,,1,absent,
78,https://pmc.ncbi.nlm.nih.gov/articles/PMC12404927,Identifying subtypes of longitudinal motor symptom severity ...,15,0.0000,0.2000,,1,absent,
78,https://www.sciencedirect.com/science/article/abs/pii/S1353802014004118,Parkinson's disease severity levels and MDS-Unified Parkinson's Disease Rating Scale,16,0.0000,0.2727,,1,absent,
78,https://pmc.ncbi.nlm.nih.gov/articles/PMC11464440,Rate of motor progression in Parkinson's disease - PMC - NIH,17,0.0000,0.5000,,1,absent,
78,https://www.parkinson.org/understanding-parkinsons/what-is-parkinsons/stages,Stages of Parkinson's,18,0.0000,0.3333,,1,absent,
78,https://www.nature.com/articles/s41598-021-94255-9,The severity progression of non-motor symptoms in Parkinson’s disease: a 6-year longitudinal study in Taiwanese patients,19,0.0000,0.7500,,1,absent,
78,https://journals.plos.org/plosone/article?id=10.1371%2Fjournal.pone.0123231,Relationship between Motor Symptoms  Cognition  and ...,21,0.0000,0.1667,,1,absent,
78,https://www.apdaparkinson.org/article/factors-in-parkinson-disease-progression,Parkinson’s disease progression | APDA,22,0.0000,0.3333,,1,absent,
78,https://www.nature.com/articles/s41598-021-04356-8,Impact of age at onset on symptom profiles  treatment characteristics and health-related quality of life in Parkinson’s disease | Scientific Reports,23,0.0000,0.5833,,1,absent,
78,https://jamanetwork.com/journals/jamaneurology/fullarticle/784012,Parkinson Disease With Old-Age Onset,24,0.0000,0.3333,,1,absent,
78,https://pmc.ncbi.nlm.nih.gov/articles/PMC4831034,Age at onset and Parkinson disease phenotype - PMC,25,0.0000,0.4167,,1,absent,
78,https://www.epicresearch.org/articles/most-parkinsons-diagnoses-occur-after-age-70-with-a-slight-rise-in-diagnosis-age-since-2017,Most Parkinson's Diagnoses Occur After Age 70  with a ...,26,0.0000,0.2500,,1,absent,
78,https://www.hopkinsmedicine.org/health/conditions-and-diseases/parkinsons-disease/youngonset-parkinsons-disease,Young-Onset Parkinson's Disease,27,0.0000,0.3333,,1,absent,
78,https://www.parkinson.org/understanding-parkinsons/what-is-parkinsons/stages,Stages of Parkinson's,29,0.0000,0.3333,,1,absent,
78,https://www.mayoclinic.org/diseases-conditions/parkinsons-disease/symptoms-causes/syc-20376055,Parkinson's disease - Symptoms and causes,30,0.0000,0.3333,,1,absent,
78,https://my.clevelandclinic.org/health/diseases/8525-parkinsons-disease-an-overview,Parkinson's Disease: What It Is  Symptoms & Treatment,31,0.0000,0.3333,,1,absent,
78,https://www.nature.com/articles/s41531-024-00642-0,Sleep disorders in Parkinson’s disease  an early and multiple problem | npj Parkinson's Disease,32,0.0000,0.4167,,1,absent,
78,https://www.parkinson.org/blog/science-news/sleep-disorders,Study Shows Multiple Sleep Problems Are Common in Early Parkinson's | Parkinson's Foundation,33,0.0000,0.3333,,1,absent,
78,https://practicalneurology.com/diseases-diagnoses/movement-disorders/diagnosis-and-management-of-sleep-disorders-in-individuals-with-parkinson-disease/37652,Sleep Disorders in Individuals with Parkinson Disease,34,0.0000,0.3636,,1,absent,
78,https://www.sciencedirect.com/science/article/pii/S1041610224042005,Factors related to sleep disturbances for individuals with Parkinson’s disease: a regional perspective,35,0.0000,0.4545,,1,absent,
78,https://photopharmics.com/a-guide-to-understanding-and-managing-sleep-problems-in-parkinsons-disease,A Guide to Understanding and Managing Sleep Problems in Parkinson's Disease - PhotoPharmics,36,0.0000,0.3636,,1,absent,
78,https://www.frontiersin.org/journals/neurology/articles/10.3389/fneur.2022.927994/full,Bidirectional Relationship Between Sleep Disturbances ...,38,0.0000,0.1818,,1,absent,
78,https://www.facebook.com/StLukesUniversityHealthNetwork/posts/neurologic-disorders-and-sleep-when-the-brain-wont-rest-sleep-challenges-are-com/1636361461388635,Neurologic Disorders and Sleep - When the Brain Won't Rest ...,39,0.0000,0.0909,,1,absent,
78,https://www.apdaparkinson.org/what-is-parkinsons/symptoms/sleep-problems,Sleep Problems in Parkinson's | APDA,40,0.0000,0.3333,,1,absent,
78,https://pubmed.ncbi.nlm.nih.gov/15596611,The rate of cognitive decline in Parkinson disease - PubMed,41,0.0000,0.3529,,1,absent,
78,https://www.alzforum.org/news/research-news/risk-score-forecasts-cognitive-decline-parkinsons,Risk Score Forecasts Cognitive Decline in Parkinson's | ALZFORUM,42,0.0000,0.2941,,1,absent,
78,https://pmc.ncbi.nlm.nih.gov/articles/PMC2668811,Mild cognitive impairment is common in Parkinson’s disease patients with normal Mini-Mental State Examination (MMSE) scores,43,0.0000,0.4167,,1,absent,
78,https://academic.oup.com/braincomms/article/4/2/fcac040/6548788,Prediction and early biomarkers of cognitive decline in Parkinson ...,44,0.0000,0.3529,,1,absent,
78,https://www.nature.com/articles/s41572-021-00280-3,Parkinson disease-associated cognitive impairment | Nature Reviews Disease Primers,45,0.0000,0.1875,,1,absent,
78,https://www.frontiersin.org/journals/cognition/articles/10.3389/fcogn.2024.1369538/full,Frontiers | Mild cognitive impairment in Parkinson's disease: current view,47,0.0000,0.3333,,1,absent,
78,https://www.parkinson.org/understanding-parkinsons/non-movement-symptoms/cognitive,Cognitive Changes | Parkinson's Foundation,48,0.0000,0.3333,,1,absent,
78,https://www.aetna.com/cpb/medical/data/300_399/0349.html,Alzheimer's Disease Tests - Medical Clinical Policy Bulletins,49,0.0000,0.2500,,1,absent,
78,https://www.facebook.com/IAFORJAPAN/videos/understanding-cognitive-impairment-placing-dementia-within-a-realistic-framework/2137913497136988,Understanding Cognitive Impairment: Placing Dementia Within a Realistic ...,50,0.0000,0.0588,,1,absent,
78,https://www.parkinson.org/understanding-parkinsons/what-is-parkinsons/young-onset-parkinsons,Young-Onset Parkinson's | Parkinson's Foundation,51,0.0000,0.2500,,1,absent,
78,https://www.pcla.org/blog/young-onset-parkinsons-disease,Young-Onset Parkinson's Disease: Causes  Symptoms  Treatment,52,0.0000,0.3750,,1,absent,
78,https://photopharmics.com/young-onset-parkinsons-navigating-your-journey-after-an-early-diagnosis,Young-Onset Parkinson's: Navigating Your Journey After an Early Diagnosis - PhotoPharmics,53,0.0000,0.2500,,1,absent,
78,https://davisphinneyfoundation.org/blog/a-primer-on-young-onset-parkinsons-disease-yopd-and-whats-coming-next,A Primer on Young Onset Parkinson's Disease (YOPD),54,0.0000,0.3333,,1,absent,
78,https://www.hopkinsmedicine.org/health/conditions-and-diseases/parkinsons-disease/youngonset-parkinsons-disease,Young-Onset Parkinson's Disease,55,0.0000,0.3333,,1,absent,
78,https://pmc.ncbi.nlm.nih.gov/articles/PMC7592661,Young Onset Parkinson's Disease: A Modern and Tailored ...,56,0.0000,0.3333,,1,absent,
78,https://www.apdaparkinson.org/what-is-parkinsons/early-onset-parkinsons-disease,Early Onset Parkinson's Disease | APDA,57,0.0000,0.3333,,1,absent,
78,https://www.youtube.com/watch?v=AjnAmzB9vg8,Early Onset Parkinson's: What You Need to Know,58,0.0000,0.2500,,1,absent,
78,https://www.medrxiv.org/content/10.1101/2025.08.05.25332959v2.full,Fall Frequency  Risk Factors  and Outcomes in Parkinson’s Disease: A Cross-Sectional Analysis,59,0.0000,0.3333,,1,absent,
78,https://pmc.ncbi.nlm.nih.gov/articles/PMC3606768,Recurrent Falls in Parkinson's Disease: A Systematic Review,60,0.0000,0.3333,,1,absent,
78,https://journals.sagepub.com/doi/10.1177/1877718X261418987,A prospective analysis of falls in Parkinson's disease,61,0.0000,0.4167,,1,absent,
78,https://onlinelibrary.wiley.com/doi/10.1111/j.1468-1331.2012.03821.x,Frequencies of falls and associated features at different ...,62,0.0000,0.2500,,1,absent,
78,https://www.physio-pedia.com/Hoehn_and_Yahr_Scale,Hoehn and Yahr Scale,63,0.0000,0.1111,,1,absent,
78,https://www.parkinson.org/understanding-parkinsons/what-is-parkinsons/stages,Stages of Parkinson's,65,0.0000,0.3333,,1,absent,
78,https://www.bgs.org.uk/frequency-of-fall-risk-increasing-drugs-in-a-large-sample-of-people-with-parkinson%E2%80%99s-disease,Frequency of fall risk increasing drugs in a large sample ...,66,0.0000,0.3333,,1,absent,
78,https://link.springer.com/article/10.1007/s00415-020-10234-6,Longitudinal prediction of falls and near falls frequencies in ...,67,0.0000,0.1667,,1,absent,
78,https://www.aplaceformom.com/senior-living-data/caregiver-burnout-statistics,2026 Caregiver Burnout and Stress Statistics,68,0.0000,0.1111,,1,absent,
78,https://www.capc.org/blog/new-data-on-family-caregivers-in-the-us,The National Alliance for Caregiving and AARP Release Caregiving Report - CAPC - News Bites | Center to Advance Palliative Care,69,0.0000,0.1667,,1,absent,
78,https://aspe.hhs.gov/reports/does-high-caregiver-stress-lead-nursing-home-entry-1,Does High Caregiver Stress Lead to Nursing Home Entry? | ASPE,70,0.0000,0.1667,,1,absent,
78,https://www.facebook.com/aplaceformom/posts/caregiving-can-be-deeply-fulfilling-but-it-also-comes-with-challenges-that-often/1076886741135842,Caregiving can be deeply fulfilling  but it also comes with ...,71,0.0000,0.0625,,1,absent,
78,https://pmc.ncbi.nlm.nih.gov/articles/PMC4573667,The Effect of Transitions in Caregiving Status and Intensity on ...,72,0.0000,0.1667,,1,absent,
78,https://www.ltcnews.com/articles/new-survey-caregiver-burnout-soars-as-millions-care-for-aging-loved-ones,New Survey: Caregiver Burnout Soars as Millions Care for Aging Loved Ones | LTC News,74,0.0000,0.0833,,1,absent,
78,https://www.meadowlark.org/blog/2023/11/02/caregiver-stress-transition,Caregiver Stress & Transition,75,0.0000,0.0556,,1,absent,
78,https://www.aarp.org/caregiving/basics/caregiving-in-us-survey-2025,Caregiving Crisis in America Keeps Growing,76,0.0000,0.0833,,1,absent,
78,https://propelphysiotherapy.com/neurological/deep-brain-stimulation-parkinsons-disease-therapy,Deep Brain Stimulation Parkinson's Disease Therapy - Propel Physiotherapy,77,0.0000,0.2727,,1,absent,
78,https://cdn.clinicaltrials.gov/large-docs/82/NCT03181282/Prot_SAP_000.pdf,Physical Therapy and Deep Brain Stimulation in Parkinson ...,78,0.0000,0.2667,,1,absent,
78,https://www.sciencedirect.com/science/article/abs/pii/S1388245718300038,Postoperative rehabilitation after deep brain stimulation surgery for movement disorders,79,0.0000,0.3333,,1,absent,
78,https://link.springer.com/article/10.1186/s12984-025-01616-w,Is physical therapy recommended for people with parkinson’s disease treated with subthalamic deep brain stimulation? a delphi consensus study,80,0.0000,0.3333,,1,absent,
78,https://pmc.ncbi.nlm.nih.gov/articles/PMC5822622,Physical therapy and deep brain stimulation in Parkinson’s Disease: protocol for a pilot randomized controlled trial,81,0.0000,0.3333,,1,absent,
78,https://www.dbsandme.com/en/support-and-resources/articles/what-to-expect-after-dbs-surgery.html,What to Expect After Deep Brain Stimulation Surgery,83,0.0000,0.3333,,1,absent,
78,https://www.facebook.com/parkinsonsnsw/posts/exercise-is-second-only-to-medications-for-slowing-down-the-progression-of-parki/4249768865058657,Exercise is second only to medications for slowing down the ...,84,0.0000,0.1667,,1,absent,
78,https://www.youtube.com/watch?v=QNotxfB1CUQ,Using the New Parkinson’s Exercise Recommendations as Part of Your Treatment Plan,85,0.0000,0.2727,,1,absent,
78,https://pmc.ncbi.nlm.nih.gov/articles/PMC5673981,Outcome of subthalamic nucleus deep brain stimulation on long-term motor function of patients with advanced Parkinson disease - PMC,86,0.0000,0.4167,,1,absent,
78,https://pmc.ncbi.nlm.nih.gov/articles/PMC3825788,The MDS–UPDRS tracks motor and non–motor improvement due to ...,87,0.0000,0.2000,,1,absent,
78,https://www.frontiersin.org/journals/human-neuroscience/articles/10.3389/fnhum.2025.1684229/full,Frontiers | Effect of deep brain stimulation on motor complications in Parkinson’s disease: a systematic review and meta-analysis,88,0.0000,0.5000,,1,absent,
78,https://www.medscape.com/viewarticle/deep-brain-stimulation-parkinsons-yields-lasting-benefits-2025a1000ox5,Deep Brain Stimulation for Parkinson's Yields Lasting Benefits - Medscape,89,0.0000,0.2500,,1,absent,
78,https://medisyn.org/deep-brain-stimulation-success-rate,DBS Success Rate by Condition: Parkinson's to Tremor,90,0.0000,0.2727,,1,absent,
78,https://www.cns.org/Assets/f5045084-8179-4997-9f51-b20bc6621c8d/637020867970100000/24235-pdf,[PDF] Outcomes Following Deep Brain Stimulation Lead Revision or ...,92,0.0000,0.2667,,1,absent,
78,https://www.neurologylive.com/view/early-intervention-deep-brain-stimulation-results-improvements-in-motor-non-motor-symptoms-parkinsons,Early Intervention of Deep Brain Stimulation Results ... - NeurologyLive,93,0.0000,0.5000,,1,absent,
78,https://www.ajmc.com/view/deep-brain-stimulation-still-effective-after-15-years-in-people-with-parkinson-disease-study-shows,Deep Brain Stimulation Still Effective After 15 Years in People With Parkinson Disease  Study Shows,94,0.0000,0.2667,,1,absent,
78,https://www.ohsu.edu/brain-institute/dbs-outcomes,DBS Outcomes | Brain Institute | OHSU,95,0.0000,0.0833,,1,absent,
78,https://www.pmdalliance.org/wp-content/uploads/2023/06/Speech-in-Individuals-with-PD.pdf,[PDF] Speech in Individuals with PD - PMD Alliance,96,0.0000,0.1250,,1,absent,
78,https://pubs.asha.org/doi/10.1044/2019_JSLHR-19-00014,The Effects of Deep Brain Stimulation on Speech Intelligibility in Persons With Essential Tremor,97,0.0000,0.3333,,1,absent,
78,https://www.researchgate.net/publication/363122400_Deep_Brain_Stimulation_Impact_on_Voice_and_Speech_Quality_in_Parkinson's_Disease_A_Systematic_Review,Deep Brain Stimulation Impact on Voice and Speech ...,98,0.0000,0.3333,,1,absent,
78,https://davisphinneyfoundation.org/blog/deep-brain-stimulation-and-speech-impacts,Deep Brain Stimulation and Speech: Impacts  Outcomes  ...,99,0.0000,0.2500,,1,absent,
78,https://pmc.ncbi.nlm.nih.gov/articles/PMC11086900,Speech  voice  and language outcomes following deep brain ...,100,0.0000,0.2000,,1,absent,
78,https://www.neurologyadvisor.com/features/weighing-the-risks-of-deep-brain-stimulation,Weighing the Risks of Deep Brain Stimulation - Neurology Advisor,101,0.0000,0.3333,,1,absent,
78,https://www.medbridge.com/educate/courses/speech-treatment-post-deep-brain-stimulation-in-parkinsons-disease-cynthia-fox,Speech Treatment Post Deep Brain Stimulation in Parkinson’s Disease | Medbridge,102,0.0000,0.3333,,1,absent,
78,https://www.parkinson.org/understanding-parkinsons/what-is-parkinsons/stages,Stages of Parkinson's,103,0.0000,0.3333,,1,absent,
78,https://www.facebook.com/medanta/videos/parkinsons-disease-is-a-progressive-neurological-condition-that-can-affect-movem/1325954085619062,Parkinson's disease is a progressive neurological condition ...,104,0.0000,0.2727,,1,absent,
78,https://www.bumrungrad.com/en/health-blog/april-2026/understanding-signs-symptoms-treatment-parkinson-disease,Understanding the Signs  Symptoms  and Treatment of ...,105,0.0000,0.3333,,1,absent,
78,https://www.michaeljfox.org/deep-brain-stimulation,Deep Brain Stimulation (DBS) for Parkinson’s Disease | MJFF,106,0.0000,0.3333,,1,absent,
78,https://parkinsonsnewstoday.com/news/mds-updrs-patient-may-fail-to-assess-true-impact-of-motor-symptoms-in-parkinsons-study-suggests,Common Scale of Motor Symptom Severity May Have Flaws,107,0.0000,0.3333,,1,absent,
83,https://www.okta.com/company/careers/product/senior-product-manager-okta-device-access-8066241,Senior Product Manager - Okta Device Access | Okta,1,0.0000,0.1806,,1,recorded,
83,https://www.amazon.jobs/en/jobs/10433598/senior-product-manager-tech-devices-services-new-initiatives,Senior Product Manager - Tech  Devices & Services New Initiatives - Job ID: 10433598 | Amazon.jobs,2,0.0000,0.0556,,1,recorded,
83,https://www.sunmi.com/en/news/486,Top Payment CPAD Manufacturers: Choosing the Right Partner for Secure  All-in-One Transaction Terminals,3,0.0000,0.2083,,1,recorded,
83,https://www.indeed.com/q-senior-product-manager-iot-connected-device-jobs.html,700 Senior Product Manager Iot Connected Device Jobs - Indeed,4,0.0000,0.1250,,1,recorded,
83,https://ouryahoo.wd5.myworkdayjobs.com/en-US/careers/job/Sr-Product-Manager--Platforms_JR0026959,Sr. Product Manager  Platforms - Myworkdayjobs.com,5,0.0000,0.0435,,1,absent,
83,https://www.sysaid.com/blog/asset-management/blog-software-visibility-shadow-ai,Software Visibility: Why 90% of IT Teams Fly Blind,6,0.0000,0.0714,,1,absent,
83,https://ofac.treasury.gov/faqs/added,Frequently Asked Questions - Newly Added,7,0.0000,0.0000,,1,absent,
83,https://www.coherentmarketinsights.com/market-insight/tablet-market-1741,Tablet Market Trends  Size  Share and Forecast  2026-2033,8,0.0000,0.1765,,1,absent,
83,https://www.swipesum.com/insights/8-top-tablet-based-pos-systems-for-your-business,8 Top Tablet-Based POS Systems For Your Business,9,0.0000,0.1765,,1,absent,
83,https://ordwaylabs.com/resources/research/list-of-largest-saas-companies,2025 List of 140+ Largest Public SaaS Companies (Download Excel/Sheets),10,0.0000,0.1875,,1,absent,
83,https://www.dozuki.com/resources/shop-floor-tablet-recommendations,Tablet Recommendations for the Shop Floor,11,0.0000,0.1250,,1,absent,
83,https://www.sunmi.com/en/news/486,Top Payment CPAD Manufacturers: Choosing the Right Partner for ...,12,0.0000,0.1429,,1,absent,
83,https://builtin.com/articles/fintech-payments-companies-examples,25 Top Payment Processing Companies 2026 | Built In,14,0.0000,0.2143,,1,absent,
83,https://www.fxcintel.com/research/reports/the-top-100-cross-border-payment-companies,The Top 100 Cross-Border Payment Companies,15,0.0000,0.0870,,1,absent,
83,https://www.clearlypayments.com/blog/a-market-overview-of-payment-terminals-in-the-usa-in-2024,A Market Overview of Payment Terminals in the USA in 2024,16,0.0000,0.2500,,1,absent,
83,https://allstarterminals.com/blogs/hardware-insights/pax-vs-ingenico-vs-verifone-vs-dejavoo-terminal-comparison,PAX vs Ingenico vs Verifone vs Dejavoo: Which Credit Card Terminal Bra,17,0.0000,0.1667,,1,absent,
83,https://www.abiresearch.com/press/ingenico-beats-verifone-and-pax-technology-to-firs,Ingenico Beats VeriFone and PAX Technology to First Position within ABI Research’s POS Terminal Competitive Assessment,18,0.0000,0.2778,,1,absent,
83,https://www.coherentmarketinsights.com/industry-reports/payment-devices-market,Payment Devices Market Size  Share and Forecast  2026-2033,19,0.0000,0.1429,,1,absent,
83,https://finance.yahoo.com/news/europe-pos-terminals-market-report-103700559.html,Europe POS Terminals Market Report 2026-2031: Global and Regional Analysis and Growth Opportunities Featuring Ingenico  Worldline  Verifone Systems  PAX Technology  NCR Corp. and More,20,0.0000,0.2778,,1,absent,
83,https://www.paxtechnology.com,PAX Technology | International Website | Payment Terminals,21,0.0000,0.1667,,1,absent,
83,https://www.facebook.com/dccsupply/posts/what-payment-terminals-are-customers-buying-right-nowwe-rounded-up-dccsupplys-to/1908618440577714,DCCSupply - What payment terminals are customers buying...,23,0.0000,0.1250,,1,absent,
83,https://www.pax.us,PAX Technology Inc. » Explore Payment Technology & Solutions,24,0.0000,0.1667,,1,absent,
83,https://soireeinc.com/blog/explore-the-top-7-mobile-pos-systems-options-2026,Explore the top 7 mobile POS systems options: 2026,25,0.0000,0.1500,,1,absent,
83,https://www.szzcs.com/News/the-rise-of-mobile-pos-systems.html,Best Mobile POS System in 2026: A Hardware-First Comparison,26,0.0000,0.2143,,1,absent,
83,https://www.bimipossystem.com/top-12-pos-hardware-manufacturers,Top 12 POS Hardware Manufacturers  - Bimi,27,0.0000,0.2143,,1,absent,
83,https://blog.rospertech.com/retail-pos-hardware,Retail POS Hardware: 6 Best Android Terminals in 2026,28,0.0000,0.2000,,1,absent,
83,https://www.limelightpayments.com/blog/top-7-handheld-pos-systems-for-2026,Top 7 Handheld POS Systems for 2026 | Best Mobile Point of Sale,29,0.0000,0.2500,,1,absent,
83,https://technologyadvice.com/blog/sales/mobile-pos-system,Best Mobile POS Systems,30,0.0000,0.1053,,1,absent,
83,https://beyondbancard.com/pos-systems-guide-for-2026-hardware-setup-features-and-costs,2026 POS Systems Guide: Hardware  Setup  Features  and Costs,32,0.0000,0.1176,,1,absent,
83,https://market.us/report/pos-terminals-market,POS Terminals Market Size  Share | CAGR of 9.8%,33,0.0000,0.2857,,1,absent,
83,https://tadviser.com/index.php/Article:POS_Terminals_(Global_Market),POS Terminals (Global Market),34,0.0000,0.2143,,1,absent,
83,https://www.maximizemarketresearch.com/market-report/wireless-pos-terminal-market/1967,Wireless POS Terminal Market: Global Industry Analysis  Forecast,35,0.0000,0.2857,,1,absent,
83,https://www.linkedin.com/pulse/trends-global-point-of-sale-pos-terminals-market-share-demand-uwt1e,Trends in Global Point-Of-Sale (POS) Terminals Market ...,36,0.0000,0.4286,,1,absent,
83,https://www.grandviewresearch.com/industry-analysis/mobile-pos-terminals-market,Mobile POS Terminals Market (2026 - 2033),37,0.0000,0.1429,,1,absent,
83,https://www.fortunebusinessinsights.com/u-s-point-of-sale-pos-market-107526,U.S. Point of Sale (PoS) Market Size | Growth Analysis [2030],38,0.0000,0.2143,,1,absent,
83,https://www.researchgate.net/publication/368916598_POS_Terminals_Market_Share_Size_2023-2030,POS Terminals Market Share & Size 2023-2030,40,0.0000,0.2857,,1,absent,
83,https://www.marketreportsworld.com/market-reports/point-of-sale-pos-terminal-market-14728800,Point of Sale (POS) Terminal Market Trends  Share & Growth Report 2035,41,0.0000,0.3571,,1,absent,
83,https://www.szzcs.com/News/the-rise-of-mobile-pos-systems.html,Best Mobile POS System in 2026: Compared by Hardware  ...,42,0.0000,0.2857,,1,absent,
83,https://technologyadvice.com/blog/retail/tablet-pos,Best Tablet POS Systems for 2026,43,0.0000,0.1579,,1,absent,
83,https://www.tcang.net/blog-mobile-pos-system-a-complete-guide-for-2026.html,Mobile POS System: a Complete Guide for 2026 | TCANG,44,0.0000,0.0870,,1,absent,
83,https://www.42gears.com/white-papers/tablets-future-of-pos-technology,Tablet POS | Advantages and Challenges | White Papers,45,0.0000,0.2353,,1,absent,
83,https://vikingpayments.com/decoding-the-dilemma-tablet-pos-systems-vs-traditional-pos-systems,Decoding the Dilemma: Tablet POS Systems vs. Traditional POS Systems - Viking Payment Service,46,0.0000,0.2105,,1,absent,
83,https://www.youtube.com/watch?v=XFvTImB4zFc,iPad vs. Android POS Tablet: Making the Right Choice for Your Business,47,0.0000,0.1250,,1,absent,
83,https://prioritycommerce.com/resource-center/future-of-pos-systems,The Future of Point of Sale (POS) Systems | Priority Commerce,49,0.0000,0.1739,,1,absent,
83,https://beyondbancard.com/pos-systems-vs-payment-terminals-vs-mobile-payments-explained,Guide to POS Systems  Payment Terminals  & Mobile Payments.,50,0.0000,0.2105,,1,absent,
83,https://www.linkedin.com/pulse/north-america-retail-point-of-sale-pos-terminals-bfglf,North America Retail Point-of-Sale (POS) Terminals Market Share,51,0.0000,0.3500,,1,absent,
83,https://market.us/report/handheld-point-of-sale-pos-market,Handheld Point of Sale (POS) Market Trend | CAGR of 9%,52,0.0000,0.2143,,1,absent,
83,https://www.marketdataforecast.com/market-reports/north-america-pos-terminals-market,North America POS Terminals Market Size & Share Report  2034,53,0.0000,0.2500,,1,absent,
83,https://www.marketreportsworld.com/market-reports/point-of-sale-pos-terminal-market-14728800,Point of Sale (POS) Terminal Market Size  Share  Growth ...,54,0.0000,0.3571,,1,absent,
83,https://researchdive.com/8963/mobile-pos-terminals-market,Mobile POS Terminals Market by Component (Hardware and ...,55,0.0000,0.2143,,1,absent,
83,https://www.strategicmarketresearch.com/market-report/mobile-pos-terminals-market,Mobile POS Terminals Market 2026: Expert-Crafted Insights You Can Trust,56,0.0000,0.1429,,1,absent,
83,https://www.clearlypayments.com/blog/a-market-overview-of-payment-terminals-in-the-usa-in-2024,A Market Overview of Payment Terminals in the USA in 2024,58,0.0000,0.2500,,1,absent,
83,https://www.fortunebusinessinsights.com/point-of-sale-pos-market-106336,Point of Sale (PoS) Market Size  Share | Forecast Report [2034],59,0.0000,0.2857,,1,absent,
83,https://www.poszeo.com/blog-channel/small-business-credit-card-reader,Top Small Business Credit Card Reader Options for Seamless Payments | POSZEO,60,0.0000,0.1429,,1,absent,
83,https://www.business.org/software/point-of-sale/best-credit-card-readers,Best Credit Card Readers: 2026 | Business.org,61,0.0000,0.1429,,1,absent,
83,https://technologyadvice.com/blog/sales/card-reader-for-small-business,Best Credit Card Readers for Small Business,62,0.0000,0.2143,,1,absent,
83,https://www.eposnow.com/us/resources/card-reader-for-small-business,The 7 Best Card Readers for Small Businesses (2025 Comparison),63,0.0000,0.2143,,1,absent,
83,https://www.bestbuy.com/site/shop/card-readers-for-small-business,Card Readers For Small Business,64,0.0000,0.2143,,1,absent,
83,https://www.youtube.com/watch?v=8qAwagn09_A,Best Mobile Credit Card Readers for Small Business,65,0.0000,0.2143,,1,absent,
83,https://us.amazon.com/Best-Sellers-Mobile-Credit-Card-Readers/zgbs/office-products/7606658011,Amazon Best Sellers: Best Mobile Credit Card Readers,66,0.0000,0.1429,,1,absent,
83,https://www.precedenceresearch.com/software-as-a-service-market,Software As A Service (SaaS) Market Size to Surpass USD ...,67,0.0000,0.1176,,1,absent,
83,https://www.businesswire.com/news/home/20210820005229/en/Software-as-a-service-SaaS-Global-Market-Report-2021-Focus-on-Customer-Relationship-Management-Enterprise-Resource-Planning-Human-Resource-Manufacturing-and-Operations-Supply-Chain-Management---ResearchAndMarkets.com,Software as a service (SaaS) Global Market Report 2021: Focus on ...,68,0.0000,0.1765,,1,absent,
83,https://medium.com/point-nine-news/the-state-of-vertical-saas-in-europe-21900b8aefc5,Medium,69,0.0000,0.1875,,1,absent,
83,https://www.verifiedmarketresearch.com/product/logistics-saas-market,Logistics Saas Market Size And Forecast - Verified Market Research,70,0.0000,0.1176,,1,absent,
83,https://www.venasolutions.com/blog/saas-statistics,85 SaaS Statistics  Trends and Benchmarks for 2026,71,0.0000,0.1250,,1,absent,
83,https://www.marketdataforecast.com/market-reports/software-as-a-service-saas-market,SaaS (Software-as-a-Service) Market Size & Growth  2034,72,0.0000,0.1176,,1,absent,
83,https://www.industryresearch.biz/market-reports/software-as-a-service-saas-market-112626,Software-as-a-Service (SaaS) Market - Size  Share & Industry Forecast,74,0.0000,0.1429,,1,absent,
83,https://avasant.com/research/it-spending-and-staffing-study-europe,IT Spending and Staffing Study Europe - Avasant,75,0.0000,0.0588,,1,absent,
83,https://www.fortunebusinessinsights.com/software-as-a-service-saas-market-102222,Software as a Service [SaaS] Market Size  Global Report  2034,76,0.0000,0.1429,,1,absent,
83,https://www.marketreportsworld.com/market-reports/point-of-sale-pos-terminals-market-14723081,Point of Sale (POS) Terminals market Size | Industry Insights [2034],77,0.0000,0.2143,,1,absent,
83,https://www.strategicmarketresearch.com/market-report/mobile-pos-terminals-market,Mobile POS Terminals Market 2026: Expert-Crafted Insights You Can Trust,78,0.0000,0.1429,,1,absent,
83,https://www.clearlypayments.com/blog/a-market-overview-of-payment-terminals-in-the-usa-in-2024,A Market Overview of Payment Terminals in the USA in 2024,79,0.0000,0.2500,,1,absent,
83,https://www.grandviewresearch.com/industry-analysis/mobile-pos-terminals-market,Mobile POS Terminals Market Size  Share Report  2026-2033,80,0.0000,0.2143,,1,absent,
83,https://www.linkedin.com/pulse/north-america-retail-point-of-sale-pos-terminals-bfglf,North America Retail Point-of-Sale (POS) Terminals Market Share,81,0.0000,0.3500,,1,absent,
83,https://dataintelo.com/report/global-pos-mobile-card-reader-market,PoS Mobile Card Reader Market Research Report 2034,82,0.0000,0.2143,,1,absent,
83,https://www.census.gov/retail/ecommerce.html,Quarterly Retail E-Commerce Sales Report,84,0.0000,0.0625,,1,absent,
83,https://www.fortunebusinessinsights.com/point-of-sale-pos-market-106336,Point of Sale (PoS) Market Size  Share | Forecast Report [2034],85,0.0000,0.2857,,1,absent,
83,https://www.clearlypayments.com/blog/payment-processing-usa-2024-market-overview,Payment Processing USA: 2024 Market Overview,86,0.0000,0.1667,,1,absent,
83,https://hostmerchantservices.com/articles/point-of-sale-market-share,Point of Sale Market Share : A Comprehensive 2024 Review,87,0.0000,0.2143,,1,absent,
83,https://www.marketsandata.com/industry-reports/united-states-pos-payment-market,United States POS Payment Market Size & Share Analysis 2031,88,0.0000,0.2143,,1,absent,
83,https://squareup.com/us/en/compare/square-vs-toast,Square vs. Toast - Restaurant POS System Comparison | Square,89,0.0000,0.0870,,1,absent,
83,https://www.marketdataforecast.com/market-reports/north-america-pos-terminals-market,North America POS Terminals Market Size & Share Report  2034,90,0.0000,0.2500,,1,absent,
83,https://market.us/report/restaurant-point-of-sale-terminal-market,Restaurant Point of Sale Terminal Market Size | CAGR of 8%,91,0.0000,0.2143,,1,absent,
83,https://www.databridgemarketresearch.com/reports/us-restaurant-pos-software-market,U.S. Restaurant POS Software Market Report Size  Share and Trends Analysis Report – Industry Overview and Forecast to 2032 | Data Bridge Market Research,93,0.0000,0.2143,,1,absent,
83,https://www.fortunebusinessinsights.com/u-s-point-of-sale-pos-market-107526,U.S. Point of Sale (PoS) Market Size | Growth Analysis [2030],94,0.0000,0.2143,,1,absent,
83,https://www.grandviewresearch.com/industry-analysis/us-restaurant-point-of-sale-solution-market-report,U.S. Restaurant Point Of Sale Solutions Market Report  2030,95,0.0000,0.1765,,1,absent,
83,https://scoop.market.us/point-of-sale-software-statistics,Point of Sale Software Statistics and Facts (2026),96,0.0000,0.1765,,1,absent,
83,https://www.marketresearchfuture.com/reports/cloud-pos-market-7709,Cloud Point of Sale Market Size  Share | Report- 2035,97,0.0000,0.2857,,1,absent,
83,https://www.persistencemarketresearch.com/market-research/point-of-sale-market.asp,Point of Sale (POS) Market Size & Forecast Report  2033,98,0.0000,0.2143,,1,absent,
83,https://www.marketdataforecast.com/market-reports/cloud-based-pos-market,Cloud-based POS Market Size  Share  Trends & Growth  2033,99,0.0000,0.2353,,1,absent,
83,https://www.linkedin.com/pulse/japan-pos-retail-system-software-market-ozwkf,Japan Pos Retail System Software Market Strategic ...,100,0.0000,0.1765,,1,absent,
83,https://www.manh.com/our-insights/resources/articles/top-10-enterprise-pos-platforms-2026,Top 10 POS Software & Solution Platforms for 2026 | Manhattan Associates,101,0.0000,0.1429,,1,absent,
83,https://www.grandviewresearch.com/industry-analysis/point-of-sale-pos-software-market,Point-of-Sale Software Market Size  Share Report 2026-2033,103,0.0000,0.2857,,1,absent,
83,https://www.meti.go.jp/english/press/2026/0424_003.html,Cabinet Decision on the 2026 White Papers on Small and Medium Enterprises and Small Enterprises/METI Ministry of Economy  Trade and Industry,104,0.0000,0.2353,,1,absent,
83,https://www.linkedin.com/jobs/view/senior-product-manager-hardware-devices-at-world-4365591695,Senior Product Manager  Hardware Devices - LinkedIn,105,0.0000,0.0870,,1,absent,
83,https://www.wearedevelopers.com/jobs/ext/612558-sr-product-manager-tech-devices-and-services,Sr. Product Manager - Tech  Devices and Services...,106,0.0000,0.0625,,1,absent,
83,https://careers.dexcom.com/careers/job/41691157,Sr Product Manager (Hardware Platforms) - Dexcom careers,107,0.0000,0.0870,,1,absent,
83,https://www.cdw.com/content/cdw/en/articles/hardware/choosing-a-business-tablet.html,Choosing a Business Tablet,108,0.0000,0.0625,,1,absent,
83,https://en.wikipedia.org/wiki/Verifone,Verifone - Wikipedia,109,0.0000,0.0556,,1,absent,
83,https://www.researchgate.net/publication/372734013_Digital_Transformation_of_the_Retail_Point_of_Sale_in_the_Artificial_Intelligence_Era,(PDF) Digital Transformation of the Retail Point of Sale in the Artificial ...,110,0.0000,0.1875,,1,absent,
83,https://midwestpay.com/mobile-tablet-point-of-sale,Mobile Credit Card Reader  Tablet POS | MidwestPay,112,0.0000,0.1765,,1,absent,
90,https://tflcar.com/2025/03/how-advanced-driver-assistance-systems-adas-impact-liability,How Advanced Driver Assistance Systems (ADAS) Impact Liability in Car Accidents - TFLcar,1,0.0000,0.5200,,1,recorded,
90,https://www.iihs.org/research-areas/advanced-driver-assistance,Advanced driver assistance,2,0.0000,0.3200,,1,recorded,
90,https://www.wshblaw.com/publication-navigating-liability-in-the-age-of-autonomous-vehicles,Navigating Liability in the Age of Autonomous Vehicles,3,0.0000,0.3800,,1,recorded,
90,https://www.hurwitzfine.com/blog/liability-for-defective-advanced-driver-assistance-systems,Liability for Defective Advanced Driver Assistance Systems | Hurwitz Fine P.C.,4,0.0000,0.3200,,1,recorded,
90,https://cleanfleetreport.com/adas-safety-limits-and-driver-responsibility-in-modern-vehicle-accidents,ADAS Safety Limits and Driver Responsibility in Modern Vehicle Accidents,5,0.0000,0.1818,,1,absent,
90,https://www.martinandjones.com/blog/who-is-liable-when-the-failure-of-advanced-driver-assistance-systems-cause-a-car-accident,Who is Liable When the Failure of Advanced Driver Assistance Systems Cause a Car Accident? - Martin & Jones  PLLC,6,0.0000,0.2727,,1,absent,
90,https://www.mdpi.com/1424-8220/24/19/6223,Analysis of Advanced Driver-Assistance Systems for Safe and Comfortable Driving of Motor Vehicles,7,0.0000,0.2727,,1,absent,
90,https://aaafoundation.org/research/examining-the-safety-benefits-of-partial-vehicle-automation-technologies-in-an-uncertain-future,Examining the Safety Benefits of Partial Vehicle Automation Technologies in an Uncertain Future - AAA Foundation for Traffic Safety,8,0.0000,0.1818,,1,absent,
90,https://market.us/report/advanced-driver-assistance-systems-market,Advanced Driver Assistance Systems Market Size | CAGR of 14%,9,0.0000,0.2273,,1,absent,
90,https://www.nhtsa.gov/laws-regulations/standing-general-order-crash-reporting,Standing General Order on Crash Reporting,10,0.0000,0.0800,,1,absent,
90,https://injuryfacts.nsc.org/motor-vehicle/occupant-protection/advanced-driver-assistance-systems/data-details,Advanced Driver Assistance Systems-Data Details - Injury Facts,11,0.0000,0.1818,,1,absent,
90,https://www.iihs.org/research-areas/advanced-driver-assistance,Advanced driver assistance,12,0.0000,0.1364,,1,absent,
90,https://aaafoundation.org/research/potential-reduction-in-crashes-injuries-and-deaths-from-large-scale-deployment-of-advanced-driver-assistance-systems,Potential Reduction in Crashes  Injuries and Deaths from Large-Scale Deployment of Advanced Driver Assistance Systems - AAA Foundation for Traffic Safety,14,0.0000,0.3636,,1,absent,
90,https://tsr.international/TSR/article/view/25177,Estimating the crash reducing effect of Advanced Driver Assistance Systems (ADAS) for vulnerable road users | Traffic Safety Research,15,0.0000,0.3636,,1,absent,
90,https://www.itskrs.its.dot.gov/2023-b01753,Large-Scale Analysis Using Data from 13 States Found ...,16,0.0000,0.1364,,1,absent,
90,https://www.sciencedirect.com/science/article/pii/S0022437525001525,Safety impact of advanced driver assistance systems in Europe in 2030,17,0.0000,0.2727,,1,absent,
90,https://www.marketsandmarkets.com/Market-Reports/driver-assistance-systems-market-1201.html,ADAS Market Report 2026-2033 [500 Pages & 250 Tables],18,0.0000,0.1818,,1,absent,
90,https://afdc.energy.gov/data/10315,Alternative Fuels Data Center: Maps and Data - Annual Vehicle Miles Traveled in the United States,19,0.0000,0.2222,,1,absent,
90,https://www.gminsights.com/industry-analysis/passenger-vehicle-adas-market,Passenger Vehicle ADAS Market Size & Share 2026-2035,20,0.0000,0.1111,,1,absent,
90,https://highways.dot.gov/media/116921,TRAFFIC VOLUME TRENDS - Federal Highway Administration,22,0.0000,0.0476,,1,absent,
90,https://css.umich.edu/publications/factsheets/mobility/personal-transportation-factsheet,Personal Transportation Factsheet | Center for Sustainable Systems,23,0.0000,0.0952,,1,absent,
90,https://vitalsigns.mtc.ca.gov/indicators/daily-miles-traveled,Daily Miles Traveled - Vital Signs - SF Bay Area,24,0.0000,0.1111,,1,absent,
90,https://ir.cccis.com/news-releases/news-release-details/ccc-crash-course-report-highlights-forces-reshaping-us-vehicle,CCC Crash Course Report Highlights the Forces Reshaping the U.S. Vehicle Fleet and Implications for the Auto Claims and Repair Ecosystem | CCC Intelligent Solutions,25,0.0000,0.1579,,1,absent,
90,https://www.craftlawfirm.com/autonomous-vehicle-accidents-2019-2024-crash-data,Data Analysis: Self-Driving Car Accidents [Updated 2026],26,0.0000,0.1500,,1,absent,
90,https://usclaims.com/educational-resources/non-licensed-drivers-responsible-for-20-percent-of-all-auto-accidents,Unlicensed Driver Accident Statistics | USClaims,27,0.0000,0.1500,,1,absent,
90,https://www.nhtsa.gov/laws-regulations/standing-general-order-crash-reporting,Standing General Order on Crash Reporting,28,0.0000,0.0800,,1,absent,
90,https://naqvilaw.com/self-driving-car-accident-statistics,Self-Driving Car Accident Statistics,29,0.0000,0.0500,,1,absent,
90,https://aaafoundation.org/research/potential-reduction-in-crashes-injuries-and-deaths-from-large-scale-deployment-of-advanced-driver-assistance-systems,Potential Reduction in Crashes  Injuries and Deaths from ...,31,0.0000,0.3182,,1,absent,
90,https://crashstats.nhtsa.dot.gov/Api/Public/ViewPublication/813663,Estimating Effectiveness of Lane Keeping Assist Systems in ...,32,0.0000,0.1905,,1,absent,
90,https://pubmed.ncbi.nlm.nih.gov/30121111,Effects of lane departure warning on police-reported crash ...,33,0.0000,0.1905,,1,absent,
90,https://dklaw.com/insights/personal-injury-settlement-amounts-2026,Personal Injury Settlement Amounts 2026 | 62 Cases / $243M,34,0.0000,0.1765,,1,absent,
90,https://fairsettlement.org,Free Personal Injury Settlement Calculator (2026 AI Model),35,0.0000,0.1765,,1,absent,
90,https://www.casepeer.com/blog/personal-injury-settlement-amount-examples,Personal Injury Settlement Amount Examples: 2025 Payouts Guide,36,0.0000,0.2353,,1,absent,
90,https://trellis.law/doc/202886280/170-6-peremptory-challenge-peremptory-challenge-pursuant-to-ccp-170-6-filed,170.6 Peremptory Challenge - Peremptory Challenge Pursuant to CCP 170.6 Filed,37,0.0000,0.0588,,1,absent,
90,https://www.facebook.com/330togo/posts/for-subscribers-only-august-19th-20261-president-trump-has-announced-he-is-pausi/1518967780251194,August 19th  2026 1) President Trump has announced he ...,39,0.0000,0.0952,,1,absent,
90,https://www.mauicounty.gov/CivicAlerts.aspx?CID=6,News Flash • Maui County,40,0.0000,0.0000,,1,absent,
90,https://dailypioneer.com/uploads/2026/epaper/august/thiruvananthapuram-english-edition-2026-08-21.pdf,[PDF] CM Satheesan pushes for new dam  port hub - The Pioneer,41,0.0000,0.0526,,1,absent,
90,https://www.documentation.ca-cib.com/IssuerInformation/DownloadDocument?id=3e65d17a-e8c3-42bd-8c51-5743c6975b69,[PDF] Half yearly Financial Report - 30062022 - Documentation,42,0.0000,0.0000,,1,absent,
90,https://www.federalregister.gov/documents/2016/08/15/2016-18399/finding-that-greenhouse-gas-emissions-from-aircraft-cause-or-contribute-to-air-pollution-that-may,Finding That Greenhouse Gas Emissions From Aircraft ...,43,0.0000,0.1176,,1,absent,
90,https://www.mdpi.com/2032-6653/17/1/32,Comparing Tort Liability Frameworks in Autonomous Vehicle Accident Governance,44,0.0000,0.1111,,1,absent,
90,https://www.wshblaw.com/publication-navigating-liability-in-the-age-of-autonomous-vehicles,Navigating Liability in the Age of Autonomous Vehicles,45,0.0000,0.1818,,1,absent,
90,https://farahandfarah.com/blog/self-driving-cars-liability-current-legislation-more,Self-Driving Cars: Liability  Current Legislation & More,46,0.0000,0.0556,,1,absent,
90,https://www.sciencedirect.com/science/article/pii/S2590198224000198,Automated driving regulations – where are we now?,47,0.0000,0.1000,,1,absent,
90,https://www.ncsl.org/transportation/autonomous-vehicles,Self-Driving Vehicles Enacted Legislation,49,0.0000,0.0500,,1,absent,
90,https://www.brookings.edu/articles/setting-the-standard-of-liability-for-self-driving-cars,Setting the standard of liability for self-driving cars,50,0.0000,0.1579,,1,absent,
90,https://www.nhtsa.gov/vehicle-safety/automated-vehicle-safety,Automated Vehicle Safety | NHTSA,51,0.0000,0.0800,,1,absent,
90,https://heplerbroom.com/blog/when-no-one-has-to-drive-navigating-liability-in-the-era-of-driverless-vehicles,When No One Has to Drive: Navigating Liability in the Era of Driverless Vehicles - HeplerBroom,52,0.0000,0.2273,,1,absent,
90,https://www.knrlegal.com/car-accident-lawyer/self-driving-car-accident-statistics,Self-Driving Car Accident Statistics (2026) | Kisling  Nestico & Redick,53,0.0000,0.0500,,1,absent,
90,https://www.craftlawfirm.com/autonomous-vehicle-accidents-2019-2024-crash-data,Data Analysis: Self-Driving Car Accidents [Updated 2026],54,0.0000,0.1500,,1,absent,
90,https://www.nhtsa.gov/parts-partnership-for-analytics-research-in-traffic-safety,PARTS | Partnership for Analytics Research in Traffic Safety | NHTSA,55,0.0000,0.0952,,1,absent,
90,https://www.nhtsa.gov/press-releases/nhtsa-2025-vehicles-5-star-safety-ratings-testing,NHTSA's 5-Star Safety Ratings 2025 Crash Test Vehicles | NHTSA,57,0.0000,0.0800,,1,absent,
90,https://www.nhtsa.gov/automated-vehicles-safety/published-reports-and-documents,Published Reports and Documents | NHTSA,58,0.0000,0.0526,,1,absent,
90,https://www.nhtsa.gov/research-data/crash-avoidance,Crash Avoidance | NHTSA,59,0.0000,0.1200,,1,absent,
90,https://www.consumershield.com/articles/self-driving-car-accidents-trends,Self Driving Car Accidents Trend Chart (2026),60,0.0000,0.1000,,1,absent,
90,https://www.iihs.org/research-areas/distracted-driving,Distracted driving,61,0.0000,0.0500,,1,absent,
90,https://pacificdrivereducation.com/blog/new-driving-laws-for-2026-what-every-u.s.-driver-needs-to-know,New Driving Laws for 2026: What Every U.S. Driver Needs to Know,62,0.0000,0.1905,,1,absent,
90,https://www.ncsl.org/transportation/traffic-safety-review-states-focus-on-distracted-driving,Traffic Safety Review: States Focus on Distracted Driving,63,0.0000,0.0909,,1,absent,
90,https://www.aamva.org/getmedia/122cb514-786f-4854-bffd-287947150081/Strengthening-Distracted-Driving-Education_final.pdf,Strengthening Distracted Driving Education  Legislation  ...,64,0.0000,0.0500,,1,absent,
90,https://www.youtube.com/watch?v=TUp9krGmJxE,10 Driving Laws Just Changed in 2026 — Most Drivers Miss #4,66,0.0000,0.0588,,1,absent,
90,https://www.ghsa.org/state-laws-issues/distracted-driving,Distracted Driving | Governors Highway Safety Association,67,0.0000,0.1000,,1,absent,
90,https://www.facebook.com/therockhillherald/posts/big-changes-in-2026-traffic-laws-what-drivers-should-know-nationwide/1458690152934080,Big changes in 2026 traffic laws: What... - Rock Hill Herald,68,0.0000,0.0952,,1,absent,
90,https://pmc.ncbi.nlm.nih.gov/articles/PMC4001667,U.S. State and Federal Laws Targeting Distracted Driving,69,0.0000,0.1000,,1,absent,
90,https://www.autobodynews.com/news/preventing-common-adas-failures-can-save-shops-millions-in-liability-costs-analyst-says,Preventing Common ADAS Failures Can Save Shops Millions in Liability Costs  Analyst Says - Autobody News,70,0.0000,0.1579,,1,absent,
90,https://samandashlaw.com/resources/product-liability-lawsuits-2026-key-cases-stats-how-to-get-justice,Product Liability Lawsuits 2026 - Sam and Ash Law,71,0.0000,0.2105,,1,absent,
90,https://www.expertinstitute.com/resources/insights/latest-product-liability-payouts,The Biggest Product Liability Settlements & Verdicts of 2025,72,0.0000,0.1579,,1,absent,
90,https://www.hurwitzfine.com/blog/liability-for-defective-advanced-driver-assistance-systems,Liability for Defective Advanced Driver Assistance Systems,73,0.0000,0.1905,,1,absent,
90,https://www.lexisnexis.com/community/pressroom/b/news/posts/lex-machina-releases-2023-product-liability-litigation-report,2023 Product Liability Report Released | LexisNexis Newsroom,74,0.0000,0.2105,,1,absent,
90,https://www.iii.org/fact-statistic/facts-statistics-product-liability,Facts + Statistics: Product liability - Triple-I®,75,0.0000,0.1053,,1,absent,
90,https://www.swissre.com/press-release/Litigation-costs-drive-US-liability-claims-by-57-over-past-decade-reveals-Swiss-Re-Institute/0b538159-9648-47da-a152-4550a7640d35,Litigation costs drive US liability claims by 57% over past decade  reveals Swiss Re Institute | Swiss Re,76,0.0000,0.1579,,1,absent,
90,https://www.jdsupra.com/legalnews/global-trends-in-product-liability-and-2825903,Global Trends in Product Liability and Class Action Litigation | DLA Piper - JDSupra,77,0.0000,0.2105,,1,absent,
90,https://roadwaydynamics.com/adas-crash-analysis-liability-1,ADAS Car Crashes: Understanding Liability When Systems Fail,78,0.0000,0.1429,,1,absent,
90,https://www.ppic.org/publication/driving-change-reducing-vehicle-miles-traveled-in-california-summary,Reducing Vehicle Miles Traveled in California  Summary,79,0.0000,0.3333,,1,absent,
90,https://www.researchgate.net/publication/308087710_The_effectiveness_of_lane_departure_warning_systems-A_reduction_in_real-world_passenger_car_injury_crashes,The effectiveness of lane departure warning systems—A ...,80,0.0000,0.3333,,1,absent,
90,https://repository.law.miami.edu/cgi/viewcontent.cgi?article=2243&context=fac_articles,[PDF] Liability Rules for Automated Vehicle: Definitions and Details,81,0.0000,0.1579,,1,absent,
90,https://www.federalregister.gov/documents/2024/05/09/2024-09054/federal-motor-vehicle-safety-standards-automatic-emergency-braking-systems-for-light-vehicles,Federal Register        ::        Federal Motor Vehicle Safety Standards; Automatic Emergency Braking Systems for Light Vehicles,82,0.0000,0.1429,,1,absent,
90,https://www.hurwitzfine.com/blog/liability-for-defective-advanced-driver-assistance-systems,Liability for Defective Advanced Driver Assistance Systems,1,0.0000,0.5333,,2,recorded,
90,https://www.ni.com/en/solutions/transportation/adas-and-autonomous-driving-testing/what-is-adas.html,What is ADAS? Advanced Driver Assistance Basics - NI,2,0.0000,0.4667,,2,recorded,
90,https://www.spiceworks.com/soft-tech/what-is-adas,ADAS Working  Types  Applications,3,0.0000,0.4667,,2,recorded,
90,https://www.facebook.com/Mobileye/posts/adas-capabilities-are-quickly-becoming-baseline-safety-requirements-not-premium-/1455234786647361,Mobileye - ADAS capabilities are quickly becoming baseline...,4,0.0000,0.3333,,2,recorded,
90,https://www.innovationautoglass.com/14-passive-and-active-ways-an-adas-system-works,14 Passive and Active Ways an ADAS System Works,5,0.0000,0.3333,,2,absent,
90,https://www.instagram.com/reel/DRhx2n9EXw1?hl=en,Instagram,6,0.0000,0.0000,,2,absent,
90,https://dorleco.com/adas-sensor-fusion-and-data-integration,ADAS Sensor Fusion and Data Integration | Dorleco,7,0.0000,0.1667,,2,absent,
90,https://blog.rgbsi.com/sensor-fusion-autonomous-driving-systems-part-2,What is Sensor Fusion for Autonomous Driving Systems? – Part 2,8,0.0000,0.1667,,2,absent,
90,https://pmc.ncbi.nlm.nih.gov/articles/PMC11679148,Sensor Fusion Method for Object Detection and Distance Estimation in Assisted Driving Applications,9,0.0000,0.1000,,2,absent,
90,https://www.cyient.com/blog/sensor-fusion-driving-enhanced-safety-of-adas-ad-vehicles,Sensor fusion for ADAS / AD vehicles road safety,10,0.0000,0.1111,,2,absent,
90,https://arxiv.org/html/2410.19872v1,Radar and Camera Fusion for Object Detection and Tracking: A Comprehensive Survey,11,0.0000,0.1000,,2,absent,
90,https://dewesoft.com/blog/types-of-adas-sensors,Types of ADAS Sensors in Use Today | Dewesoft,12,0.0000,0.1818,,2,absent,
90,https://www.facebook.com/groups/686033031947950/posts/1958709624680278,Three wheel seller - ත්‍රී වීල් විකුණුම් කරුවෝ | ADAS Sensor System  | Facebook,13,0.0000,0.1333,,2,absent,
90,https://caradas.com/active-safety-and-passive-safety,Passive vs. Active ADAS Safety Systems,14,0.0000,0.3333,,2,absent,
90,https://dewesoft.com/blog/what-is-adas,What is ADAS (Advanced Driver Assistance Systems) | Dewesoft,15,0.0000,0.3333,,2,absent,
90,https://pmc.ncbi.nlm.nih.gov/articles/PMC11479187,Analysis of Advanced Driver-Assistance Systems for Safe and Comfortable Driving of Motor Vehicles,16,0.0000,0.3333,,2,absent,
