{
  "bank_name": "sep-core-v1.1",
  "corpus": "sep",
  "limit": 0,
  "started_at_unix": 1788918444,
  "results": [
    {
      "question_id": "argument_consequence_against_compatibilism",
      "category": "argument_reconstruction",
      "question": "Reconstruct van Inwagen's consequence argument and explain the strongest\ncompatibilist response to it.\n",
      "retrieved": [
        {
          "corpus_id": "sep",
          "title": "compatibilism",
          "url": "https://plato.stanford.edu/entries/compatibilism/",
          "score": 0.0,
          "snippet": "[Atlas highlights]\n[compatibilism — contested]: \"it nevertheless set the agenda for many contemporary compatibilist theories of free will and moral responsibility.\"\n[Consequence Argument..."
        },
        {
          "corpus_id": "sep",
          "title": "incompatibilism-arguments",
          "url": "https://plato.stanford.edu/entries/incompatibilism-arguments/",
          "score": 0.0,
          "snippet": "incompatibilism-arguments\n\nIncompatibilists think that this, and any compatibilist account of the ‘can’ of freedom of choice, is, and must be, mistaken. The Consequence Argument (Ginet 1966,..."
        },
        {
          "corpus_id": "sep",
          "title": "compatibilism",
          "url": "https://plato.stanford.edu/entries/compatibilism/",
          "score": 0.0,
          "snippet": "compatibilism\n\nIt is fair to say that the Consequence Argument earned the incompatibilists an important dialectical advantage. Compatibilists owe us an account of what’s was wrong with the..."
        },
        {
          "corpus_id": "sep",
          "title": "alternative-possibilities",
          "url": "https://plato.stanford.edu/entries/alternative-possibilities/",
          "score": 0.0,
          "snippet": "alternative-possibilities\n\nCompatibilists about determinism and moral responsibility reject this conclusion, so they must reject at least one of the premises. One traditional sort of compatibilist..."
        },
        {
          "corpus_id": "sep",
          "title": "abilities",
          "url": "https://plato.stanford.edu/entries/abilities/",
          "score": 0.0,
          "snippet": "abilities\n\nvan Inwagen’s point is that, provided the incompatibilist has offered arguments for the claim that such abilities are incompatible with determinism—as, in van Inwagen’s presentation,..."
        },
        {
          "corpus_id": "sep",
          "title": "freewill",
          "url": "https://plato.stanford.edu/entries/freewill/",
          "score": 0.0,
          "snippet": "freewill\n\nHere is a representative Frankfurt-style case:"
        },
        {
          "corpus_id": "sep",
          "title": "moral-responsibility",
          "url": "https://plato.stanford.edu/entries/moral-responsibility/",
          "score": 0.0,
          "snippet": "moral-responsibility\n\nIf possession of free will requires an ability to act otherwise than one in fact does, then it is fairly easy to see why free will has often been regarded as incompatible with..."
        },
        {
          "corpus_id": "sep",
          "title": "skepticism-moral-responsibility",
          "url": "https://plato.stanford.edu/entries/skepticism-moral-responsibility/",
          "score": 0.0,
          "snippet": "skepticism-moral-responsibility\n\nCritics of hard incompatibilism include both compatibilists and libertarians. See, for example, the entries on  compatibilism,  incompatibilist (nondeterministic)..."
        },
        {
          "corpus_id": "sep",
          "title": "freewill",
          "url": "https://plato.stanford.edu/entries/freewill/",
          "score": 0.0,
          "snippet": "freewill\n\nEven if these reasons-responsive and identification compatibilist accounts of sourcehood might successfully side-step the Consequence Argument, they must come to grips with a second..."
        },
        {
          "corpus_id": "sep",
          "title": "self-knowledge-externalism",
          "url": "https://plato.stanford.edu/entries/self-knowledge-externalism/",
          "score": 0.0,
          "snippet": "self-knowledge-externalism\n\nSo the way seems clear for the compatibilist to reject the apriority of (1). But as before, the incompatibilist may respond that we are illicitly assuming E to be the..."
        },
        {
          "corpus_id": "sep",
          "title": "christiantheology-philosophy",
          "url": "https://plato.stanford.edu/entries/christiantheology-philosophy/",
          "score": 0.0,
          "snippet": "christiantheology-philosophy\n\nPeter van Inwagen presents an account of the Fall that maintains many of its most important elements and, he claims, is consistent with evolutionary theory. Importantly,..."
        },
        {
          "corpus_id": "sep",
          "title": "afterlife",
          "url": "https://plato.stanford.edu/entries/afterlife/",
          "score": 0.0,
          "snippet": "afterlife\n\nWe have left until last van Inwagen’s own proposal for a materialist resurrection. For in spite of his criticisms of the common view, van Inwagen is himself a Christian and a believer in..."
        },
        {
          "corpus_id": "sep",
          "title": "substance",
          "url": "https://plato.stanford.edu/entries/substance/",
          "score": 0.0,
          "snippet": "substance\n\nWe saw, briefly, in  section 3.3.1,  why Wiggins and Ayers think as they do. Although van Inwagen’s position is different from both, his reasons for thinking that the concept of a..."
        },
        {
          "corpus_id": "sep",
          "title": "skeptical-theism",
          "url": "https://plato.stanford.edu/entries/skeptical-theism/",
          "score": 0.0,
          "snippet": "skeptical-theism\n\nA first obvious question for the advocate of this argument is whether Premise 1 itself is a matter of “ordinary life.” That is, is the matter of when intuitions are justified a..."
        },
        {
          "corpus_id": "sep",
          "title": "trinity",
          "url": "https://plato.stanford.edu/entries/trinity/",
          "score": 0.0,
          "snippet": "trinity\n\nIt may be objected, as to the preceding theory, that van Inwagen’s relative identity trinitarianism is unintelligible. Merricks argues that this problem is more acute for van Inwagen than..."
        },
        {
          "corpus_id": "sep",
          "title": "material-constitution",
          "url": "https://plato.stanford.edu/entries/material-constitution/",
          "score": 0.0,
          "snippet": "material-constitution\n\nVan Inwagen’s version of eliminativism is subject to the same objections raised against nihilism, but it also faces problems of its own. Here is one worry. There are..."
        },
        {
          "corpus_id": "sep",
          "title": "realism-sem-challenge",
          "url": "https://plato.stanford.edu/entries/realism-sem-challenge/",
          "score": 0.0,
          "snippet": "realism-sem-challenge\n\nTo elaborate the notion of mind-independent existence, consider Peter van Inwagen’s argument for the existence of numbers [van Inwagen 2016], which he describes as “a..."
        },
        {
          "corpus_id": "sep",
          "title": "nothingness",
          "url": "https://plato.stanford.edu/entries/nothingness/",
          "score": 0.0,
          "snippet": "nothingness\n\nPeter van Inwagen (1996) has nurtured this statistical argument. In an infinite lottery, the chance that a given ticket is the winner is 0. Van Inwagen reasons that since there are..."
        },
        {
          "corpus_id": "sep",
          "title": "incompatibilism-arguments",
          "url": "https://plato.stanford.edu/entries/incompatibilism-arguments/",
          "score": 0.0,
          "snippet": "[Atlas highlights]\n[incompatibilist (incompatibilism-arguments)]: \"They pointed out that there was no agreement, even among compatibilists, about how such an account should..."
        },
        {
          "corpus_id": "sep",
          "title": "abilities",
          "url": "https://plato.stanford.edu/entries/abilities/",
          "score": 0.0,
          "snippet": "abilities\n\nThe shortcomings of this strategy are nicely diagnosed by Peter van Inwagen. After surveying the local counterexamples that arise for various hypothetical theories of ability, van Inwagen..."
        },
        {
          "corpus_id": "sep",
          "title": "compatibilism",
          "url": "https://plato.stanford.edu/entries/compatibilism/",
          "score": 0.0,
          "snippet": "compatibilism\n\nOne compatibilist strategy for responding to the Classical Incompatibilist Argument is to concede that perhaps the Consequence Argument provides us with good reason for thinking that..."
        },
        {
          "corpus_id": "sep",
          "title": "compatibilism",
          "url": "https://plato.stanford.edu/entries/compatibilism/",
          "score": 0.0,
          "snippet": "compatibilism\n\nCompatibilists who accept that alternative possibilities are necessary for moral responsibility must show what is wrong with this powerful argument. They also should offer some account..."
        },
        {
          "corpus_id": "sep",
          "title": "freewill",
          "url": "https://plato.stanford.edu/entries/freewill/",
          "score": 0.0,
          "snippet": "freewill\n\nThis argument, carefully articulated in the late 1960s and early 1970s by Carl Ginet (1966, 1990) and Peter van Inwagen (1975, 1983) and refined in important ways by John Martin Fischer..."
        },
        {
          "corpus_id": "sep",
          "title": "freewill",
          "url": "https://plato.stanford.edu/entries/freewill/",
          "score": 0.0,
          "snippet": "freewill\n\nWhile there have been numerous different replies along these lines (e.g., Lehrer 1980; Slote 1982; Watson 1986. See the entry on  arguments for incompatibilism  for a more extensive..."
        },
        {
          "corpus_id": "sep",
          "title": "incompatibilism-arguments",
          "url": "https://plato.stanford.edu/entries/incompatibilism-arguments/",
          "score": 0.0,
          "snippet": "incompatibilism-arguments\n\nvan Inwagen is giving what he takes to be uncontroversial examples of persons who have free will; he isn’t saying that free will just is the ability to perform more than..."
        },
        {
          "corpus_id": "sep",
          "title": "incompatibilism-arguments",
          "url": "https://plato.stanford.edu/entries/incompatibilism-arguments/",
          "score": 0.0,
          "snippet": "incompatibilism-arguments\n\nThe leading contemporary incompatibilist, van Inwagen, rejects any suggestion that the compatibilist and the incompatibilist have a merely verbal disagreement, either..."
        },
        {
          "corpus_id": "sep",
          "title": "abilities",
          "url": "https://plato.stanford.edu/entries/abilities/",
          "score": 0.0,
          "snippet": "abilities\n\nBegin with global counterexamples. Let us say that determinism is true at our world. Familiar arguments purport to show that, if this is the case, then no one has the ability to do..."
        },
        {
          "corpus_id": "sep",
          "title": "abilities",
          "url": "https://plato.stanford.edu/entries/abilities/",
          "score": 0.0,
          "snippet": "abilities\n\nSome examples may make the need for this second condition clear. Some powers, though properties of agents, do not intuitively involve any relation to action. Consider the power of..."
        }
      ],
      "source_score": {
        "matched": [
          "incompatibilism-arguments",
          "compatibilism",
          "freewill"
        ],
        "missing": [],
        "total_expected": 3,
        "ratio": 1.0
      },
      "fact_score": {
        "matched": [
          "consequence argument",
          "van Inwagen",
          "no choice about",
          "compatibilism",
          "Frankfurt",
          "alternative possibilities"
        ],
        "missing": [
          "rule beta"
        ],
        "total_expected": 7,
        "ratio": 0.85714287
      },
      "embed_ms": 0,
      "search_ms": 0,
      "corpora_hit": [
        "sep"
      ],
      "vector_eligible": true,
      "synth": {
        "answer": "### Van Inwagen’s Consequence Argument\n\nPeter van Inwagen presents the **Consequence Argument** as \"the best argument\" for incompatibilism—the view that free will and moral responsibility are incompatible with causal determinism [Source: incompatibilism-arguments]. The argument is designed to show that if determinism is true, then no one has any power over the past or the laws of nature; consequently, since our actions are inevitable consequences of those factors, we have no power over them either.\n\nVan Inwagen offers an informal statement of this argument in his book *An Essay on Free Will* (1983). While the exact formal logic varies across presentations by Ginet (1966), Wiggins (1973), and van Inwagen himself, the core structure relies on a principle often labeled \"Beta\" or similar transfer principles:\n1.  No one has power over the facts of the past [Source: freewill].\n2.  No one has power over the laws of nature [Source: incompatibilism-arguments/freewill context].\n3.  If determinism is true, then our present actions are necessary consequences of the past and the laws [Source: compatibilism].\n4.  Therefore, no one has power over their present actions; we cannot do otherwise than what we actually do given the past and the laws [Source: compatibilism/incompatibilism-arguments].\n\nThe argument \"shook compatibilists\" because it provided powerful support for the claim that if determinism implies a single inevitable future, agents lack control over how that future unfolds [Source: compatibilism]. It earned incompatibilists an important dialectical advantage by challenging compatibilists to explain exactly where the reasoning fails or why our ordinary notion of ability survives this logic [Source: compatibilism].\n\n### The Strongest Compatibilist Response: David Lewis’s Critique\n\nWhile there have been numerous replies (e.g., Lehrer 1980; Slote 1982), the most influential objection is due to **David Lewis** in his 1981 paper \"The Causal Explanation of Action.\" Lewis argues that van Inwagen’s argument equivocates on the meaning of **\"is able to break a law of nature\"** [Source: freewill].\n\nLewis distinguishes between two senses of breaking a law:\n1.  **Sense A:** Acting in violation of a universal, exceptionless law (i.e., doing something that *would* be impossible if the laws were strictly followed).\n2.  **Sense B:** Performing an action such that, had you done it, the past or the laws would have been different than they actually are.\n\nVan Inwagen assumes Sense B when he claims we cannot change the past or laws. However, Lewis argues that compatibilists can accept that we lack \"regulative control\" over the past and laws (in the sense that we cannot make them false) while still maintaining that we have abilities defined by counterfactuals about our own actions [Source: freewill]. Specifically, Lewis suggests that in a deterministic world, I am able to do X if *if* I were to choose/decide to do X, then I would do X—even though determinism ensures I wouldn't decide otherwise given my actual prior state. The equivocation lies in treating \"ability\" as requiring the power to alter the antecedent conditions (past/laws), which van Inwagen denies is possible, whereas compatibilists define ability relative to the agent's internal states and choices alone.\n\n### Alternative Compatibilist Strategy: Rejecting PAP via Frankfurt Cases\n\nA second major compatibilist response does not try to save the Consequence Argument’s premise about abilities but instead attacks its underlying assumption: **Principle of Alternate Possibilities (PAP)**. PAP states that an agent is morally responsible only if they could have done otherwise [Source: alternative-possibilities/compatibilism].\n\nHarry Frankfurt developed arguments (Frankfurt-style cases) showing that moral responsibility can exist even when alternate possibilities are removed or blocked by external factors (e.g., a neuroscientist who would force Agent A to act, but doesn't need to because Agent A acts freely on their own). If PAP is false, then the incompatibilist's focus on the \"ability to do otherwise\" becomes irrelevant. Compatibilists can thus sidestep the Consequence Argument entirely by rejecting the premise that free will requires regulative control over multiple possible futures [Source: compatibilism/alternative-possibilities]. This approach grounds agency in other features of volition rather than counterfactual flexibility.\n\n### Conclusion and Remaining Tensions\n\nThe debate remains active. Van Inwagen rejects the idea that this is merely a verbal disagreement about 'can', insisting he and Lewis mean exactly what ordinary speakers mean in contexts of deliberation [Source: incompatibilism-arguments]. He argues that validity of Beta (the transfer principle) is more plausible than any specific compatibilist analysis of ability, especially since simple conditional analyses had already been rejected by many philosophers [Source: incompatibilism-arguments]. Consequently, while Lewis’s equivocation objection is widely cited as the strongest direct rebuttal to the Consequence Argument's logic, it has not fully resolved the tension for all parties; many compatibilists now prefer Frankfurt-style routes or \"sourcehood\" accounts over trying to defend regulative control directly against van Inwagen’s premises [Source: freewill/compatibilism].\n\nWant me to search for recent developments in \"New Dispositionalist\" responses to the Consequence Argument?\n\n---\n*Verification note: these statements could not be confirmed against your sources — treat them as unverified:*\n- David Lewis wrote the paper \"The Causal Explanation of Action\" in 1981.\n- The argument is designed to show that if determinism is true, then no one has any power over the past or the laws of nature; consequently, since our actions are…\n- While the exact formal logic varies across presentations by Ginet (1966), Wiggins (1973), and van Inwagen himself\n- or similar transfer principles:\n- While there have been numerous replies (e.g., Lehrer 1980; Slote 1982), the most influential objection is due to **David Lewis** in his 1981 paper",
        "reasoning_chars": 0,
        "stream_wall_ms": 79800,
        "total_latency_ms": 72120,
        "intent": "DeepQuery",
        "source_origins": [
          "sep"
        ],
        "retrieved_chunk_count": 28,
        "chunks_fact_score": {
          "matched": [
            "consequence argument",
            "van Inwagen",
            "no choice about",
            "compatibilism",
            "Frankfurt",
            "alternative possibilities"
          ],
          "missing": [
            "rule beta"
          ],
          "total_expected": 7,
          "ratio": 0.85714287
        },
        "judge_fact_score": {
          "matched": [
            "consequence argument",
            "van Inwagen",
            "no choice about",
            "rule beta",
            "compatibilism",
            "Frankfurt",
            "alternative possibilities"
          ],
          "missing": [],
          "total_expected": 7,
          "ratio": 1.0
        },
        "judge_evidence": [
          {
            "fact": "consequence argument",
            "present": true,
            "evidence": "\"Van Inwagen presents the Consequence Argument as 'the best argument' for incompatibilism...\""
          },
          {
            "fact": "van Inwagen",
            "present": true,
            "evidence": "\"Peter van Inwagen presents the Consequence Argument as 'the best argument' for incompatibilism...\""
          },
          {
            "fact": "no choice about",
            "present": true,
            "evidence": "\"we have no power over them either\" and \"no one has any power over the past or the laws of nature\""
          },
          {
            "fact": "rule beta",
            "present": true,
            "evidence": "\"He argues that validity of Beta (the transfer principle) is more plausible than any specific compatibilist analysis of ability\""
          },
          {
            "fact": "compatibilism",
            "present": true,
            "evidence": "\"Van Inwagen offers an informal statement of this argument in his book An Essay on Free Will (1983).\""
          },
          {
            "fact": "Frankfurt",
            "present": true,
            "evidence": "Harry Frankfurt developed arguments (Frankfurt-style cases) showing that moral responsibility can exist even when alternate possibilities are removed or blocked by external factors"
          },
          {
            "fact": "alternative possibilities",
            "present": true,
            "evidence": "\"Principle of Alternate Possibilities (PAP). PAP states that an agent is morally responsible only if they could have done otherwise\""
          }
        ]
      }
    },
    {
      "question_id": "concept_modality_necessary_aposteriori",
      "category": "concept_distinction",
      "question": "What is the distinction between epistemic and metaphysical possibility,\nand why does Kripke think there are necessary a posteriori truths like\n'water is H2O'?\n",
      "retrieved": [
        {
          "corpus_id": "sep",
          "title": "sep",
          "url": null,
          "score": 0.0,
          "snippet": "Two-dimensional semantics extends standard possible worlds frameworks to distinguish between epistemic and metaphysical necessity, thereby explaining how necessary truths can be known a priori. This...",
          "source": "raptor"
        },
        {
          "corpus_id": "sep",
          "title": "sep",
          "url": null,
          "score": 0.0,
          "snippet": "The passages argue that possible-worlds semantics, rooted in Tarskian model theory and Carnap's work, provides a framework for evaluating truth conditions by relativizing them to specific worlds....",
          "source": "raptor"
        },
        {
          "corpus_id": "sep",
          "title": "sep",
          "url": null,
          "score": 0.0,
          "snippet": "The passages argue that knowledge of metaphysical modality is acquired through diverse epistemic methods, including empirical investigation, counterfactual reasoning, and rational intuition, rather...",
          "source": "raptor"
        },
        {
          "corpus_id": "sep",
          "title": "sep",
          "url": null,
          "score": 0.0,
          "snippet": "The text examines metaepistemological debates concerning the nature of epistemic facts, contrasting realist views that posit mind-independent truths with idealism and various forms of relativism. It...",
          "source": "raptor"
        },
        {
          "corpus_id": "sep",
          "title": "sep",
          "url": null,
          "score": 0.0,
          "snippet": "The text surveys contemporary theories regarding the epistemology of metaphysical modality, addressing skeptical challenges and various methods for acquiring modal knowledge. Key approaches include...",
          "source": "raptor"
        },
        {
          "corpus_id": "sep",
          "title": "sep",
          "url": null,
          "score": 0.0,
          "snippet": "The passages advance the thesis that metaphysical truths and facts are grounded in or supervene upon a base of perfectly natural properties. This framework utilizes concepts such as duplication,...",
          "source": "raptor"
        },
        {
          "corpus_id": "sep",
          "title": "sep",
          "url": null,
          "score": 0.0,
          "snippet": "The text examines the metaphysical status of non-actual possible objects, contrasting possibilist realism with actualism and Meinongian approaches. It analyzes specific theories by David Lewis, Alvin...",
          "source": "raptor"
        },
        {
          "corpus_id": "sep",
          "title": "sep",
          "url": null,
          "score": 0.0,
          "snippet": "The text examines the epistemology of modality, focusing on how a priori knowledge of essential properties is justified through conceptual analysis and intuition. It contrasts various philosophical...",
          "source": "raptor"
        },
        {
          "corpus_id": "sep",
          "title": "modality-varieties",
          "url": "https://plato.stanford.edu/entries/modality-varieties/",
          "score": 0.0,
          "snippet": "[Atlas highlights]\n[Saul Kripke (modality-varieties)]: \"K ripk e ’s wo rk h as g iv en u s reas ons fo r thi nk in gt ha ta po sterio rt rut hs c an b em et ap hy sic al ly n ec es sa..."
        },
        {
          "corpus_id": "sep",
          "title": "logic-modal",
          "url": "https://plato.stanford.edu/entries/logic-modal/",
          "score": 0.0,
          "snippet": "[Atlas highlights]\n[Saul Kripke (logic-modal)]: \"Kripke (193) famously argued that 'Water is HZO' is a posterior but nevertheless a necessary truth.\"\n\nlogic-modal\n\nThe idea has also been deployed in..."
        },
        {
          "corpus_id": "sep",
          "title": "modality-varieties",
          "url": "https://plato.stanford.edu/entries/modality-varieties/",
          "score": 0.0,
          "snippet": "[Atlas highlights]\nArgument: The Necessary A Posteriori Argument [from modality-varieties]\n  P1. Properties like having atomic number 79 are essential to gold (it couldn't exist without them).\n  P2...."
        },
        {
          "corpus_id": "sep",
          "title": "modality-epistemology",
          "url": "https://plato.stanford.edu/entries/modality-epistemology/",
          "score": 0.0,
          "snippet": "[Atlas highlights]\nArgument: Kripkean Inference Model for A Posteriori Necessities [from modality-epistemology]\n  P1. (K1) If p, then necessarily p (known by a priori philosophical analysis).\n  P2...."
        },
        {
          "corpus_id": "sep",
          "title": "social-construction-naturalistic",
          "url": "https://plato.stanford.edu/entries/social-construction-naturalistic/",
          "score": 0.0,
          "snippet": "[Atlas highlights]\n[social-construction-naturalistic — contested]: \"implausible and inconsistent to claim that the necessity arises out of concept or word meanings in cases of covert..."
        },
        {
          "corpus_id": "sep",
          "title": "essential-accidental",
          "url": "https://plato.stanford.edu/entries/essential-accidental/",
          "score": 0.0,
          "snippet": "[Atlas highlights]\nDefining possibility (essential-accidental): \"to say that something is possible is to say that its negation it is not necessary\"\n\nessential-accidental\n\nThe distinction between..."
        },
        {
          "corpus_id": "sep",
          "title": "physicalism",
          "url": "https://plato.stanford.edu/entries/physicalism/",
          "score": 0.0,
          "snippet": "physicalism\n\nThe appeal to the necessary a posteriori is on the surface an attractive one, but it is also controversial. One problem arises from the fact that Kripke’s idea that there are necessary..."
        },
        {
          "corpus_id": "sep",
          "title": "modality-epistemology",
          "url": "https://plato.stanford.edu/entries/modality-epistemology/",
          "score": 0.0,
          "snippet": "modality-epistemology\n\nFinally, the distinction between primary and secondary conceivability and possibility pertains to Chalmers’ version of  Two-Dimensional Semantics.  His Epistemic..."
        },
        {
          "corpus_id": "sep",
          "title": "logic-epistemic",
          "url": "https://plato.stanford.edu/entries/logic-epistemic/",
          "score": 0.0,
          "snippet": "logic-epistemic\n\nSince the 1960s Kripke models, defined below, have served as the basis of the most widely used semantics for all varieties of modal logic. The use of Kripke models in the..."
        },
        {
          "corpus_id": "sep",
          "title": "epistemic-game",
          "url": "https://plato.stanford.edu/entries/epistemic-game/",
          "score": 0.0,
          "snippet": "epistemic-game\n\nThese distinctions are not intended to be sharp. Rather, they describe various stages of information disclosure during the decision-making process. At the ex-ante stage, little is..."
        },
        {
          "corpus_id": "sep",
          "title": "natural-kinds",
          "url": "https://plato.stanford.edu/entries/natural-kinds/",
          "score": 0.0,
          "snippet": "[Atlas highlights]\n[Kripke (natural-kinds)]: \"any identity statement relating two r igid desi gnator s i s necess arily true. Hence identit y stat ements involvin g natu ral kind terms expr ess neces..."
        },
        {
          "corpus_id": "sep",
          "title": "physicalism",
          "url": "https://plato.stanford.edu/entries/physicalism/",
          "score": 0.0,
          "snippet": "physicalism\n\nHow might a physicalist respond to Kripke’s argument? As with the knowledge argument, there are many responses but here I will mention only two. The first response is to insist that..."
        },
        {
          "corpus_id": "sep",
          "title": "location-mereology",
          "url": "https://plato.stanford.edu/entries/location-mereology/",
          "score": 0.0,
          "snippet": "location-mereology\n\nThis entry addresses questions framed in terms of modal notions. Are extended simples possible? Is it necessary that nothing is multilocated? All talk of possibility and necessity..."
        },
        {
          "corpus_id": "sep",
          "title": "zombies",
          "url": "https://plato.stanford.edu/entries/zombies/",
          "score": 0.0,
          "snippet": "zombies\n\nA number of philosophers argue that Kripke’s ideas about a posteriori necessary truth facilitate the defense of physicalism. They urge that even if a zombie world is conceivable, that does..."
        },
        {
          "corpus_id": "sep",
          "title": "analytic-synthetic",
          "url": "https://plato.stanford.edu/entries/analytic-synthetic/",
          "score": 0.0,
          "snippet": "analytic-synthetic\n\nThis seemed like a grand unified plan until Saul Kripke (1972) and Hilary Putnam (1975) drew attention to fundamental differences between the metaphysical and epistemic modalities..."
        },
        {
          "corpus_id": "sep",
          "title": "dualism",
          "url": "https://plato.stanford.edu/entries/dualism/",
          "score": 0.0,
          "snippet": "dualism\n\nA major rationale of those who think that imagination is not a safe indication of possibility, even when such possibility is not eliminable a priori, is that we can imagine that a posteriori..."
        },
        {
          "corpus_id": "sep",
          "title": "logical-constants",
          "url": "https://plato.stanford.edu/entries/logical-constants/",
          "score": 0.0,
          "snippet": "logical-constants\n\nOne might evade this counterexample by appealing to an epistemic modality instead of a metaphysical one. This is McCarthy’s strategy (1987, 439). Even if it is metaphysically..."
        },
        {
          "corpus_id": "sep",
          "title": "logic-modal",
          "url": "https://plato.stanford.edu/entries/logic-modal/",
          "score": 0.0,
          "snippet": "logic-modal\n\nThe idea has also been deployed in the philosophy of language. Kripke (1980) famously argued that ‘Water is H2O’ is a posteriori but nevertheless a necessary truth, for given that..."
        },
        {
          "corpus_id": "sep",
          "title": "essential-accidental",
          "url": "https://plato.stanford.edu/entries/essential-accidental/",
          "score": 0.0,
          "snippet": "essential-accidental\n\nIf one claims that something is possible, it is sometimes natural to take this to mean that one does not know it to be false. For example, suppose that you ask someone whether..."
        },
        {
          "corpus_id": "sep",
          "title": "social-construction-naturalistic",
          "url": "https://plato.stanford.edu/entries/social-construction-naturalistic/",
          "score": 0.0,
          "snippet": "social-construction-naturalistic\n\nThere is a different model of necessity for the constructionist, however, which is to hold that the necessity in question is revealed a posteriori by our..."
        },
        {
          "corpus_id": "sep",
          "title": "logic-epistemic",
          "url": "https://plato.stanford.edu/entries/logic-epistemic/",
          "score": 0.0,
          "snippet": "logic-epistemic\n\nEpistemic logic is a subfield of epistemology concerned with logical approaches to knowledge, belief and related notions. Though any logic with an epistemic interpretation may be..."
        },
        {
          "corpus_id": "sep",
          "title": "logic-epistemic",
          "url": "https://plato.stanford.edu/entries/logic-epistemic/",
          "score": 0.0,
          "snippet": "logic-epistemic\n\nAristotelian texts set the groundwork for discussions of the logic of knowledge and belief, particularly De Sophisiticis Elenchis as well as the Prior and Posterior Analytics. While..."
        },
        {
          "corpus_id": "sep",
          "title": "logic-epistemic",
          "url": "https://plato.stanford.edu/entries/logic-epistemic/",
          "score": 0.0,
          "snippet": "logic-epistemic\n\nAccording to Boh, the English philosopher Ralph Strode formulated a fully general system of propositional epistemic rules in his influential 1387 book Consequences (Boh 1993: 135)...."
        },
        {
          "corpus_id": "sep",
          "title": "epistemic-game",
          "url": "https://plato.stanford.edu/entries/epistemic-game/",
          "score": 0.0,
          "snippet": "epistemic-game\n\nAfter discussing some general issues that arise when describing the informational context of a game, we introduce the two main types of models that have been used to describe the..."
        },
        {
          "corpus_id": "sep",
          "title": "epistemic-game",
          "url": "https://plato.stanford.edu/entries/epistemic-game/",
          "score": 0.0,
          "snippet": "epistemic-game\n\nKuhn (1953) introduced the distinction between perfect and imperfect recall in games with imperfect information. Roughly, players have perfect recall provided they remember all of..."
        },
        {
          "corpus_id": "sep",
          "title": "epistemic-game",
          "url": "https://plato.stanford.edu/entries/epistemic-game/",
          "score": 0.0,
          "snippet": "epistemic-game\n\nAs we noted in Section 1.3, there are different stages to the decision making process. Differences between these stages become even more pronounced in extensive games in which there..."
        },
        {
          "corpus_id": "sep",
          "title": "modality-varieties",
          "url": "https://plato.stanford.edu/entries/modality-varieties/",
          "score": 0.0,
          "snippet": "modality-varieties\n\nPhilosophers have paid more attention to the examples given by Kripke than to other possible cases of the necessary a posteriori, and for that reason the discussion in the rest of..."
        },
        {
          "corpus_id": "sep",
          "title": "modality-varieties",
          "url": "https://plato.stanford.edu/entries/modality-varieties/",
          "score": 0.0,
          "snippet": "modality-varieties\n\nContingentism has often been defended by pointing out that the laws of nature can be known only a posteriori, and that their negations are conceivable (see Sidelle 2002)...."
        },
        {
          "corpus_id": "sep",
          "title": "logic-modal",
          "url": "https://plato.stanford.edu/entries/logic-modal/",
          "score": 0.0,
          "snippet": "logic-modal\n\nThe most familiar logics in the modal family are constructed from a weak logic called \\(\\bK\\) (after Saul Kripke). Under the narrow reading, modal logic concerns necessity and..."
        },
        {
          "corpus_id": "sep",
          "title": "logic-modal",
          "url": "https://plato.stanford.edu/entries/logic-modal/",
          "score": 0.0,
          "snippet": "logic-modal\n\nControversy about iteration (repetition) of operators arises again in deontic logic. In some conceptions of obligation, \\(OOA\\) just amounts to \\(OA\\). ‘It ought to be that it ought to..."
        }
      ],
      "source_score": {
        "matched": [
          "modality-varieties",
          "natural-kinds"
        ],
        "missing": [
          "rigid-designators",
          "possible-worlds"
        ],
        "total_expected": 4,
        "ratio": 0.5
      },
      "fact_score": {
        "matched": [
          "rigid designator",
          "necessary a posteriori",
          "Kripke",
          "metaphysical possibility",
          "epistemic possibility",
          "water is H2O",
          "natural kind"
        ],
        "missing": [],
        "total_expected": 7,
        "ratio": 1.0
      },
      "embed_ms": 0,
      "search_ms": 0,
      "corpora_hit": [
        "sep"
      ],
      "vector_eligible": true,
      "synth": {
        "answer": "The distinction between epistemic and metaphysical possibility, and Kripke’s argument for necessary a posteriori truths like \"water is H2O,\" rests on the separation of how we know things (epistemology) from what is fundamentally true about reality (metaphysics).\n\n### Epistemic vs. Metaphysical Possibility\n\n**Epistemic possibility** concerns knowledge and information states. A proposition $p$ is epistemically possible if it has not been ruled out by an agent's current evidence or background knowledge [Source: essential-accidental]. It relates to conceivability; if one cannot conceive of $\\neg p$, then $p$ is epistemically impossible [Source: modality-varieties]. For example, before scientific discovery, it was epistemically possible that water was not H2O because we lacked the empirical data to rule it out [Source: social-construction-naturalistic].\n\n**Metaphysical possibility**, in contrast, concerns what could have existed given the actual nature and essences of things. A proposition is metaphysically necessary if it is true in all possible worlds where its terms refer to their actual counterparts [Source: logic-modal]. Metaphysical necessity is distinct from logical or conceptual truth; a statement can be metaphysically necessary even if it is not knowable without experience (a posteriori) [Source: modality-varieties]. As noted in the sources, [unverified excerpt: metaphysical necessity... has nothing to do with what is known or believed] [Source: modality-varieties].\n\nThe two diverge significantly when dealing with identity statements discovered through science. While something may be epistemically possible (conceivable), it may not be metaphysically possible. For instance, while we could imagine water being a different chemical substance, Kripke argues that this imagination does not reflect genuine possibility because it confuses the superficial appearance of water with its essential nature [Source: logic-modal; Source: social-construction-naturalistic].\n\n### Why 'Water is H2O' is Necessary and A Posteriori\n\nSaul Kripke’s argument in *Naming and Necessity* (1980) establishes \"water is H2O\" as a paradigmatic example of a **necessary a posteriori truth** [Source: logic-modal]. This conclusion follows from two key components of his semantic theory: rigid designation and natural kind terms.\n\n1.  **Rigid Designation:** Kripke argues that proper names and natural kind terms are \"rigid designators.\" They refer to the same object or substance in every possible world where they exist, not just in worlds where those things satisfy certain descriptions [Source: natural-kinds; Source: social-construction-naturalistic].\n    *   The term \"H2O\" refers to the chemical structure $H_2O$ in all possible worlds.\n    *   The term \"water\" refers to the actual stuff we call water (which turns out to be H2O) in all possible worlds.\n\n2.  **The Identity Statement:** Because both \"water\" and \"H2O\" rigidly designate the exact same entity/substance, their identity statement (\"Water is H2O\") functions like a mathematical identity (e.g., \"Hesperus is Phosphorus\"). If two terms refer to the same thing, they are identical in every possible world [Source: natural-kinds]. Therefore, it is metaphysically impossible for water not to be H2O; there is no possible world where *that* substance has a different chemical composition [Source: logic-modal].\n\n3.  **A Posteriori Knowledge:** Although the truth of this identity is necessary across all worlds, we could not know it without empirical investigation. We had to use chemistry to discover that the liquid filling our lakes and rivers actually consists of $H_2O$ molecules [Source: modality-varieties; Source: social-construction-naturalistic]. Before this discovery, competent speakers used \"water\" successfully based on its superficial properties (stereotypes), but they were ignorant of its essence [Source: dualism; Source: natural-kinds]. Thus, while the necessity is metaphysical, the justification for believing the statement is empirical (a posteriori) [Source: logic-modal].\n\n### Addressing Intuitions via Two-Dimensional Semantics\n\nThe intuition that water *could* have been something else arises because we often conflate epistemic and metaphysical possibility. We can conceive of a world where a liquid looks like water but has a different chemical makeup (XYZ). However, Kripkeans argue that in such a scenario, \"water\" would not refer to XYZ; rather, XYZ would be a distinct substance that merely resembles water [Source: modality-varieties]. \n\nTwo-dimensional semantics attempts to reconcile these intuitions by distinguishing between primary intension (epistemic/conceptual content) and secondary intension (metaphysical/reference-fixing content) [Source: logic-modal; Source: sep]. Under this view, while it is *primarily conceivable* that water isn't H2O (because we can imagine the stereotype without knowing the essence), it is *secondarily impossible* because once we fix the reference of 'water' as H2O in our world, there is no possible world where water is not H2O [Source: modality-epistemology].\n\n### Summary\nKripke’s framework demonstrates that **necessity** tracks what things essentially are across all worlds, whereas **apriority** tracks how we come to know those facts. \"Water is H2O\" is necessary because identity statements between rigid designators hold universally; it is a posteriori because identifying the referent requires empirical science. Consequently, epistemic possibility (what seems conceivable) does not always align with metaphysical possibility (what can truly exist).",
        "reasoning_chars": 0,
        "stream_wall_ms": 75857,
        "total_latency_ms": 70432,
        "intent": "DeepQuery",
        "source_origins": [
          "sep"
        ],
        "retrieved_chunk_count": 38,
        "chunks_fact_score": {
          "matched": [
            "necessary a posteriori",
            "Kripke",
            "metaphysical possibility",
            "epistemic possibility",
            "water is H2O",
            "natural kind"
          ],
          "missing": [
            "rigid designator"
          ],
          "total_expected": 7,
          "ratio": 0.85714287
        },
        "judge_fact_score": {
          "matched": [
            "rigid designator",
            "necessary a posteriori",
            "Kripke",
            "metaphysical possibility",
            "epistemic possibility",
            "water is H2O",
            "natural kind"
          ],
          "missing": [],
          "total_expected": 7,
          "ratio": 1.0
        },
        "judge_evidence": [
          {
            "fact": "rigid designator",
            "present": true,
            "evidence": "\"This conclusion follows from two key components of his semantic theory: rigid designation and natural kind terms.\""
          },
          {
            "fact": "necessary a posteriori",
            "present": true,
            "evidence": "\"water is H2O\" as a paradigmatic example of a necessary a posteriori truth"
          },
          {
            "fact": "Kripke",
            "present": true,
            "evidence": "\"The distinction between epistemic and metaphysical possibility, and Kripke's argument for necessary a posteriori truths like 'water is H2O,' rests on the separation of how we know things (epistemology) from what is fundamentally true about reality (metaphysics).\""
          },
          {
            "fact": "metaphysical possibility",
            "present": true,
            "evidence": "\"The distinction between epistemic and metaphysical possibility, and Kripke's argument for necessary a posteriori truths...\""
          },
          {
            "fact": "epistemic possibility",
            "present": true,
            "evidence": "\"The distinction between epistemic and metaphysical possibility... rests on the separation of how we know things (epistemology) from what is fundamentally true about reality\""
          },
          {
            "fact": "water is H2O",
            "present": true,
            "evidence": "\"water is H2O\" rests on the separation of how we know things (epistemology) from what is fundamentally true about reality"
          },
          {
            "fact": "natural kind",
            "present": true,
            "evidence": "\"rigid designation and natural kind terms\""
          }
        ]
      }
    },
    {
      "question_id": "comparative_locke_reid_personal_identity",
      "category": "comparative",
      "question": "Reconstruct Locke's memory criterion of personal identity and explain\nReid's brave-officer objection. What does the objection show about the\ntransitivity of identity?\n",
      "retrieved": [
        {
          "corpus_id": "sep",
          "title": "reid",
          "url": "https://plato.stanford.edu/entries/reid/",
          "score": 0.0,
          "snippet": "reid\n\nReid's theory of memory informs his theory of personal identity, as does his three criticisms of Locke's theory of personal identity. First, Reid argues that Locke's account is misleading due..."
        },
        {
          "corpus_id": "sep",
          "title": "reid-memory-identity",
          "url": "https://plato.stanford.edu/entries/reid-memory-identity/",
          "score": 0.0,
          "snippet": "reid-memory-identity\n\nReid’s first criticism rests on his interpreting Locke’s definition as committing him to the position that a person is a subject of thought, which Reid regards as implying..."
        },
        {
          "corpus_id": "sep",
          "title": "identity-time",
          "url": "https://plato.stanford.edu/entries/identity-time/",
          "score": 0.0,
          "snippet": "identity-time\n\nWhat then, according to Locke, is it to have the same consciousness as some past person? He is customarily interpreted as holding that person A is the same person as earlier person B..."
        },
        {
          "corpus_id": "sep",
          "title": "locke-personal-identity",
          "url": "https://plato.stanford.edu/entries/locke-personal-identity/",
          "score": 0.0,
          "snippet": "locke-personal-identity\n\nThe most popular, or well known, version of this line of objection comes from Thomas Reid (1785). In the “brave officer” objection, Reid poses the following challenge to..."
        },
        {
          "corpus_id": "sep",
          "title": "identity-ethics",
          "url": "https://plato.stanford.edu/entries/identity-ethics/",
          "score": 0.0,
          "snippet": "identity-ethics\n\nNevertheless, even if this objection to Locke is thwarted, the others remain in force. For one thing, memory does seem to presuppose  personal identity, and so cannot constitute a..."
        },
        {
          "corpus_id": "sep",
          "title": "memory",
          "url": "https://plato.stanford.edu/entries/memory/",
          "score": 0.0,
          "snippet": "memory\n\nAssuming that a criterion of episodicity can be identified, it remains to identify a criterion of mnemicity—a criterion that distinguishes between remembering and imagining."
        },
        {
          "corpus_id": "sep",
          "title": "reid",
          "url": "https://plato.stanford.edu/entries/reid/",
          "score": 0.0,
          "snippet": "reid\n\nReid's moral philosophy is composed of several core theses. These include: (i) that human beings have an active power that is not causally determined by prior causes, laws of nature, or the..."
        },
        {
          "corpus_id": "sep",
          "title": "memory",
          "url": "https://plato.stanford.edu/entries/memory/",
          "score": 0.0,
          "snippet": "memory\n\nLocke ([1689] 1998)—who was perhaps anticipated in this by Spinoza (Lin 2005)—discussed the idea that what makes a person at a given time count as the same person as a person at an..."
        },
        {
          "corpus_id": "sep",
          "title": "reid",
          "url": "https://plato.stanford.edu/entries/reid/",
          "score": 0.0,
          "snippet": "reid\n\nOther works by Reid include:"
        },
        {
          "corpus_id": "sep",
          "title": "collins",
          "url": "https://plato.stanford.edu/entries/collins/",
          "score": 0.0,
          "snippet": "collins\n\nCollins accepts Locke’s revolutionary view that consciousness and not the substantial soul is the bearer of personal identity. Again agreeing with Locke, he regards memory as crucial to..."
        },
        {
          "corpus_id": "sep",
          "title": "locke",
          "url": "https://plato.stanford.edu/entries/locke/",
          "score": 0.0,
          "snippet": "locke\n\nAt the end of the Second Treatise we learn about the nature of illegitimate civil governments and the conditions under which rebellion and regicide are legitimate and appropriate. As noted..."
        },
        {
          "corpus_id": "sep",
          "title": "animalism",
          "url": "https://plato.stanford.edu/entries/animalism/",
          "score": 0.0,
          "snippet": "animalism\n\nIt is in the context of his solution to this problem that Locke introduces the famous thought experiment involving the prince and the cobbler—not as a puzzle in need of explanation, but..."
        },
        {
          "corpus_id": "sep",
          "title": "locke-personal-identity",
          "url": "https://plato.stanford.edu/entries/locke-personal-identity/",
          "score": 0.0,
          "snippet": "locke-personal-identity\n\nOne of the overarching questions asked about Locke’s Essay is how much it includes metaphysical exploration. Some think that Locke’s project is exclusively..."
        },
        {
          "corpus_id": "sep",
          "title": "locke",
          "url": "https://plato.stanford.edu/entries/locke/",
          "score": 0.0,
          "snippet": "locke\n\nBerkeley, George |  Hume, David |  Leibniz, Gottfried Wilhelm |  liberalism |  Locke, John: moral philosophy |  Locke, John: on freedom |  Locke, John: on personal identity |  Locke, John:..."
        },
        {
          "corpus_id": "sep",
          "title": "memory-episprob",
          "url": "https://plato.stanford.edu/entries/memory-episprob/",
          "score": 0.0,
          "snippet": "memory-episprob\n\nThe most severe critic of the RTM was Scottish philosopher Thomas Reid, a contemporary of Hume.  I'll close this section of this essay by looking at Reid's critique of Locke and..."
        },
        {
          "corpus_id": "sep",
          "title": "reid-memory-identity",
          "url": "https://plato.stanford.edu/entries/reid-memory-identity/",
          "score": 0.0,
          "snippet": "reid-memory-identity\n\nThe passage in Locke differs from Reid’s paraphrase:"
        },
        {
          "corpus_id": "sep",
          "title": "real-essence",
          "url": "https://plato.stanford.edu/entries/real-essence/",
          "score": 0.0,
          "snippet": "real-essence\n\nLocke, John |  Locke, John: moral philosophy |  Locke, John: philosophy of science"
        },
        {
          "corpus_id": "sep",
          "title": "reid-ethics",
          "url": "https://plato.stanford.edu/entries/reid-ethics/",
          "score": 0.0,
          "snippet": "reid-ethics\n\nAccording to Reid, (3), then, is either false or trivial (for discussion, see Yaffe 2004, Ch. 6)."
        },
        {
          "corpus_id": "sep",
          "title": "identity-ethics",
          "url": "https://plato.stanford.edu/entries/identity-ethics/",
          "score": 0.0,
          "snippet": "identity-ethics\n\nBoth Reid and Butler, then, wind up rejecting Locke's relational view in favor of a substance-based view of identity. (And Reid's objection in particular anticipates Derek Parfit's..."
        },
        {
          "corpus_id": "sep",
          "title": "identity-time",
          "url": "https://plato.stanford.edu/entries/identity-time/",
          "score": 0.0,
          "snippet": "[Atlas highlights]\n[Reid (identity-time) — contested]: \"the elderly general is not the same person as the young schoolboy. Hence, the memory criterion implies... contrary to the transitivity of..."
        },
        {
          "corpus_id": "sep",
          "title": "memory",
          "url": "https://plato.stanford.edu/entries/memory/",
          "score": 0.0,
          "snippet": "memory\n\nThe particular kind of memory on which most recent work has focused has gone by a number of names, but, adopting Tulving’s (1972, 1985a) psychological terminology, philosophers increasingly..."
        },
        {
          "corpus_id": "sep",
          "title": "memory",
          "url": "https://plato.stanford.edu/entries/memory/",
          "score": 0.0,
          "snippet": "memory\n\nThe taxonomy in question, developed in detail by Squire (2009), divides the overarching category of memory into declarative and nondeclarative memory. Declarative memory, in turn, is divided..."
        },
        {
          "corpus_id": "sep",
          "title": "reid",
          "url": "https://plato.stanford.edu/entries/reid/",
          "score": 0.0,
          "snippet": "reid\n\nThomas Reid (1710–1796) is a Scottish philosopher best known for his philosophical method, his theory of perception and its wide implications on epistemology, and as the developer and..."
        },
        {
          "corpus_id": "sep",
          "title": "locke",
          "url": "https://plato.stanford.edu/entries/locke/",
          "score": 0.0,
          "snippet": "locke\n\nHaving set forth the general machinery of how simple and complex ideas of substances, modes, relations, and so forth are derived from sensation and reflection, Locke also explains how a..."
        },
        {
          "corpus_id": "sep",
          "title": "locke",
          "url": "https://plato.stanford.edu/entries/locke/",
          "score": 0.0,
          "snippet": "locke\n\nWhen Locke turns from speculative principles to the question of whether there are innate practical moral principles, many of the arguments against innate speculative principles continue to..."
        },
        {
          "corpus_id": "sep",
          "title": "locke-personal-identity",
          "url": "https://plato.stanford.edu/entries/locke-personal-identity/",
          "score": 0.0,
          "snippet": "locke-personal-identity\n\nwhich comes through, as Winkler notes, in Reid’s objection—an objection which Winkler thinks sympathetic readers of Locke can answer and which is discussed in section 3..."
        },
        {
          "corpus_id": "sep",
          "title": "locke-personal-identity",
          "url": "https://plato.stanford.edu/entries/locke-personal-identity/",
          "score": 0.0,
          "snippet": "locke-personal-identity\n\nSome scholars take Locke to be a strict memory theorist. In other words, consciousness just is memory for Locke. As will become clear below, this reading dates back at least..."
        }
      ],
      "source_score": {
        "matched": [
          "locke",
          "reid",
          "locke-personal-identity",
          "reid-memory-identity"
        ],
        "missing": [
          "identity-personal"
        ],
        "total_expected": 5,
        "ratio": 0.8
      },
      "fact_score": {
        "matched": [
          "memory criterion",
          "Locke",
          "Reid",
          "brave officer",
          "transitivity",
          "personal identity",
          "consciousness"
        ],
        "missing": [],
        "total_expected": 7,
        "ratio": 1.0
      },
      "embed_ms": 0,
      "search_ms": 0,
      "corpora_hit": [
        "sep"
      ],
      "vector_eligible": true,
      "synth": {
        "answer": "Based on the provided knowledge base, here is a reconstruction of Locke’s memory criterion and an explanation of Reid’s objection.\n\n### Locke's Memory Criterion\nAccording to John Locke, personal identity does not consist in the persistence of a specific substance (such as an immaterial soul or material body), but rather in **consciousness** [Source: locke-personal-identity; Source: collins]. Specifically, [unverified excerpt: a person is at present the same with himself at some past time just in case he can remember what happened then] [Source: identity-time]. \n\nLocke defines this continuity through consciousness, which extends backward via memory. As noted by scholars interpreting Locke, if sameness of consciousness (or memory) is necessary and sufficient for sameness of person, it allows for the possibility that a person could be \"transferred from one intelligent being to another,\" provided the psychological connection remains intact [Source: reid-memory-identity]. Thus, personal identity is constituted by the ability to recall past experiences as one's own [Source: locke-personal-identity; Source: memory].\n\n### Reid’s Brave Officer Objection\nThomas Reid challenged Locke’s theory using his famous **\"Brave Officer\" thought experiment** (also referred to in the sources as the case of the schoolboy, young lieutenant, and elderly general) [Source: reid; Source: identity-time]. \n\nThe scenario involves three stages of a single individual's life:\n1.  **A Schoolboy:** A boy who is flogged for stealing apples.\n2.  **A Young Lieutenant:** An officer who captures a standard from an enemy during battle. This officer remembers being the schoolboy.\n3.  **An Elderly General:** A general who wins a great battle years later. This general remembers being the young lieutenant but has forgotten everything that happened when he was the schoolboy [Source: identity-time].\n\n### The Transitivity Objection\nReid’s objection demonstrates that Locke’s memory criterion violates the logical law of **transitivity**. \n\nIn logic, if $X$ is identical to $Y$, and $Y$ is identical to $Z$, then $X$ must be identical to $Z$. However, under Locke's theory as interpreted by Reid:\n*   The **Elderly General** is the same person as the **Young Lieutenant**, because the General remembers the Lieutenant's actions (capturing the standard).\n*   The **Young Lieutenant** is the same person as the **Schoolboy**, because the Lieutenant remembers being flogged.\n\nBy transitivity, one would expect the Elderly General to be the same person as the Schoolboy. Yet, according to Locke’s criterion, they are *not* the same person because the General cannot remember the schoolboy's experience [Source: identity-time]. \n\nReid argues that this creates a contradiction where \"identity\" in Locke's theory fails to refer to numerical identity and instead functions like a non-transitive relation such as \"resemblance\" or \"memory connection\" [Source: reid; Source: identity-ethics]. Reid concludes that memory is not what constitutes personal identity but rather presupposes it; therefore, using memory as the defining criterion leads to absurdities regarding transitivity [Source: identity-ethics; Source: memory].\n\nI don't have reliable information on how contemporary theorists (such as Derek Parfit) attempt to resolve this specific logical gap beyond noting they make significant changes to the Lockean tradition.\n\n---\n*Verification note: these statements could not be confirmed against your sources — treat them as unverified:*\n- Reid’s \"Brave Officer\" thought experiment involves three stages: a schoolboy, a young lieutenant, and an elderly general.\n- A Schoolboy: A boy who is flogged for stealing apples.\n- The scenario involves three stages of a single individual's life",
        "reasoning_chars": 0,
        "stream_wall_ms": 47347,
        "total_latency_ms": 40584,
        "intent": "DeepQuery",
        "source_origins": [
          "sep"
        ],
        "retrieved_chunk_count": 27,
        "chunks_fact_score": {
          "matched": [
            "memory criterion",
            "Locke",
            "Reid",
            "brave officer",
            "transitivity",
            "personal identity",
            "consciousness"
          ],
          "missing": [],
          "total_expected": 7,
          "ratio": 1.0
        },
        "judge_fact_score": {
          "matched": [
            "memory criterion",
            "Locke",
            "Reid",
            "brave officer",
            "transitivity",
            "personal identity",
            "consciousness"
          ],
          "missing": [],
          "total_expected": 7,
          "ratio": 1.0
        },
        "judge_evidence": [
          {
            "fact": "memory criterion",
            "present": true,
            "evidence": "Locke's memory criterion"
          },
          {
            "fact": "Locke",
            "present": true,
            "evidence": "\"According to John Locke, personal identity does not consist in the persistence of a specific substance...\""
          },
          {
            "fact": "Reid",
            "present": true,
            "evidence": "\"Reid's objection demonstrates that Locke's memory criterion violates the logical law of transitivity.\""
          },
          {
            "fact": "brave officer",
            "present": true,
            "evidence": "\"Reid challenged Locke's theory using his famous 'Brave Officer' thought experiment\""
          },
          {
            "fact": "transitivity",
            "present": true,
            "evidence": "\"Reid's objection demonstrates that Locke's memory criterion violates the logical law of transitivity.\""
          },
          {
            "fact": "personal identity",
            "present": true,
            "evidence": "\"According to John Locke, personal identity does not consist in the persistence of a specific substance...\""
          },
          {
            "fact": "consciousness",
            "present": true,
            "evidence": "According to John Locke, personal identity does not consist in the persistence of a specific substance... but rather in **consciousness**"
          }
        ]
      }
    },
    {
      "question_id": "dialectical_gettier_lottery",
      "category": "dialectical",
      "question": "How do reliabilist analyses of knowledge handle Gettier cases, and what\ndoes the lottery paradox suggest about whether reliability is enough?\n",
      "retrieved": [
        {
          "corpus_id": "sep",
          "title": "sep",
          "url": null,
          "score": 0.0,
          "snippet": "The traditional Justified True Belief account of knowledge is challenged by Gettier cases, which demonstrate that justification does not preclude epistemic luck. In response, philosophers have...",
          "source": "raptor"
        },
        {
          "corpus_id": "sep",
          "title": "sep",
          "url": null,
          "score": 0.0,
          "snippet": "The passage traces the evolution of epistemological responses to Gettier cases, which challenged the traditional Justified True Belief analysis by demonstrating that justification does not preclude...",
          "source": "raptor"
        },
        {
          "corpus_id": "sep",
          "title": "sep",
          "url": null,
          "score": 0.0,
          "snippet": "The text analyzes the traditional Justified True Belief (JTB) account of knowledge, arguing that it is insufficient due to Gettier cases where justified true beliefs result from epistemic luck. To...",
          "source": "raptor"
        },
        {
          "corpus_id": "sep",
          "title": "sep",
          "url": null,
          "score": 0.0,
          "snippet": "The passages examine the 'swamping problem' and related challenges to reliabilism, which argue that reliable processes do not add value to true belief because their instrumental worth is overshadowed...",
          "source": "raptor"
        },
        {
          "corpus_id": "sep",
          "title": "sep",
          "url": null,
          "score": 0.0,
          "snippet": "The passages analyze process reliabilism, primarily associated with Alvin Goldman, as a theory where justification depends on the reliability of belief-forming mechanisms. This framework faces...",
          "source": "raptor"
        },
        {
          "corpus_id": "sep",
          "title": "sep",
          "url": null,
          "score": 0.0,
          "snippet": "The passages outline the development of reliabilism, a theory positing that epistemic justification depends on the reliability of belief-forming processes. It details Alvin Goldman's foundational...",
          "source": "raptor"
        },
        {
          "corpus_id": "sep",
          "title": "sep",
          "url": null,
          "score": 0.0,
          "snippet": "The text surveys process reliabilism as a theory of justification, outlining its foundational principles and addressing major objections such as the clairvoyance and generality problems. It examines...",
          "source": "raptor"
        },
        {
          "corpus_id": "sep",
          "title": "sep",
          "url": null,
          "score": 0.0,
          "snippet": "The passages examine criticisms of externalist reliabilism, particularly its tendency to grant unjustified foundational status to beliefs lacking objective reliability or proper grounding. Critics...",
          "source": "raptor"
        },
        {
          "corpus_id": "sep",
          "title": "contextualism-epistemology",
          "url": "https://plato.stanford.edu/entries/contextualism-epistemology/",
          "score": 0.0,
          "snippet": "[Atlas highlights]\nDefining Invariantists about knowledge (contextualism-epistemology): \"hold that such factors in the attributor’s context do not affect the standards that must be met by a true..."
        },
        {
          "corpus_id": "sep",
          "title": "epistemic-paradoxes",
          "url": "https://plato.stanford.edu/entries/epistemic-paradoxes/",
          "score": 0.0,
          "snippet": "[Atlas highlights]\nDefining surprise test paradox (epistemic-paradoxes): \"'Surprise test' is being defined in terms of what can be known. Specifically, a test is a surprise if and only if the student..."
        },
        {
          "corpus_id": "sep",
          "title": "knowledge-analysis",
          "url": "https://plato.stanford.edu/entries/knowledge-analysis/",
          "score": 0.0,
          "snippet": "knowledge-analysis\n\nIn honour of his contribution to the literature, cases like these have come to be known as “Gettier cases”. Since they appear to refute the JTB analysis, many epistemologists..."
        },
        {
          "corpus_id": "sep",
          "title": "epistemology",
          "url": "https://plato.stanford.edu/entries/epistemology/",
          "score": 0.0,
          "snippet": "epistemology\n\nIt turns out, as Edmund Gettier showed, that there are cases of JTB that are not cases of knowledge. JTB, therefore, is not sufficient for knowledge. Cases like that—known as Gettier ..."
        },
        {
          "corpus_id": "sep",
          "title": "epistemology-latin-america",
          "url": "https://plato.stanford.edu/entries/epistemology-latin-america/",
          "score": 0.0,
          "snippet": "[Atlas highlights]\nDefining The trilemma of knowledge (epistemology-latin-america): \"if (1) and (2) are true, then (3) is false... if (1) and (3) are true, then (2) is false... and if (2) and (3) are..."
        },
        {
          "corpus_id": "sep",
          "title": "epistemic-paradoxes",
          "url": "https://plato.stanford.edu/entries/epistemic-paradoxes/",
          "score": 0.0,
          "snippet": "[Atlas highlights]\nArgument: Kyburg's Lottery Paradox Argument [from epistemic-paradoxes]\n  P1. An acceptance rule permits rational belief in any proposition with a probability of at least .99.\n  P2...."
        },
        {
          "corpus_id": "sep",
          "title": "contextualism-epistemology",
          "url": "https://plato.stanford.edu/entries/contextualism-epistemology/",
          "score": 0.0,
          "snippet": "[Atlas highlights]\nDefining Subject Sensitive Invariantism (contextualism-epistemology): \"Whether a subject knows depends upon facts about his/her practical interests (or, depending on the view, what..."
        },
        {
          "corpus_id": "sep",
          "title": "apriori",
          "url": "https://plato.stanford.edu/entries/apriori/",
          "score": 0.0,
          "snippet": "apriori\n\nIf this is a problem for reliabilists about empirical knowledge, it may also be a problem for reliabilists when it comes to a priori knowledge. Mere reliability does not seem sufficient for..."
        },
        {
          "corpus_id": "sep",
          "title": "knowledge-value",
          "url": "https://plato.stanford.edu/entries/knowledge-value/",
          "score": 0.0,
          "snippet": "[Atlas highlights]\nDefining strong conception of knowledge (knowledge-value): \"knowledge requires our justification or reasons to guarantee the truth of the belief. Call such reasons conclusive..."
        },
        {
          "corpus_id": "sep",
          "title": "knowledge-analysis",
          "url": "https://plato.stanford.edu/entries/knowledge-analysis/",
          "score": 0.0,
          "snippet": "[Atlas highlights]\nDefining propositional knowledge (knowledge-analysis): \"By 'propositional knowledge', we mean knowledge of a proposition—for example, if Susan knows that Alyssa is a..."
        },
        {
          "corpus_id": "sep",
          "title": "contextualism-epistemology",
          "url": "https://plato.stanford.edu/entries/contextualism-epistemology/",
          "score": 0.0,
          "snippet": "[Atlas highlights]\n[Epistemic Contextualism (contextualism-epistemology)]: \"EC enables us regard both of relevant claims as expressing truths, albeit different contexts.\"\n[Epistemic Contextualism..."
        },
        {
          "corpus_id": "sep",
          "title": "epistemology-latin-america",
          "url": "https://plato.stanford.edu/entries/epistemology-latin-america/",
          "score": 0.0,
          "snippet": "epistemology-latin-america\n\nThere has also been some discussion of the concept of knowledge in terms of both reliability and fallibility. Let us begin with the former. Succinctly put, reliabilism..."
        },
        {
          "corpus_id": "sep",
          "title": "knowledge-value",
          "url": "https://plato.stanford.edu/entries/knowledge-value/",
          "score": 0.0,
          "snippet": "knowledge-value\n\nLottery cases therefore seem to show that justified true belief, no matter how strong the degree of justification, is not enough for acceptable practical reasoning—instead,..."
        },
        {
          "corpus_id": "sep",
          "title": "reliabilism",
          "url": "https://plato.stanford.edu/entries/reliabilism/",
          "score": 0.0,
          "snippet": "reliabilism\n\nHow do such accounts handle Gettier cases? Sosa 2007: 94–97 discusses Lehrer’s (1965) Nogot/Havit case, in which a subject S truly believes that someone here owns a Ford, but he only..."
        },
        {
          "corpus_id": "sep",
          "title": "epistemology-virtue",
          "url": "https://plato.stanford.edu/entries/epistemology-virtue/",
          "score": 0.0,
          "snippet": "epistemology-virtue\n\nA fourth response is that there is no evidence that knowledge requires the sort of dispositions that epistemic situationism challenges and, moreover, that there is theoretical..."
        },
        {
          "corpus_id": "sep",
          "title": "sriharsa",
          "url": "https://plato.stanford.edu/entries/sriharsa/",
          "score": 0.0,
          "snippet": "sriharsa\n\nFirst of all, Mist and Horns clearly conform to the structure of standard Gettier cases; similar examples are also discussed by classical Indian philosophers such as Dharmottara, Kumārila,..."
        },
        {
          "corpus_id": "sep",
          "title": "epistemology",
          "url": "https://plato.stanford.edu/entries/epistemology/",
          "score": 0.0,
          "snippet": "epistemology\n\nNext, let us consider why reliabilism is an externalist theory. Reliabilism says that the justification of one’s beliefs is a function of the reliability of one’s belief sources..."
        },
        {
          "corpus_id": "sep",
          "title": "closure-epistemic",
          "url": "https://plato.stanford.edu/entries/closure-epistemic/",
          "score": 0.0,
          "snippet": "closure-epistemic\n\nAs for lottery propositions: several theorists suggest that we do not in fact know that they are true because knowing them requires believing them because of something that..."
        },
        {
          "corpus_id": "sep",
          "title": "justep-foundational",
          "url": "https://plato.stanford.edu/entries/justep-foundational/",
          "score": 0.0,
          "snippet": "justep-foundational\n\nThe above is a crude sketch of Goldman’s early reliabilism—he later modified it to deal with a number of objections. But the sketch is enough to bring out the foundationalist..."
        },
        {
          "corpus_id": "sep",
          "title": "metaepistemology",
          "url": "https://plato.stanford.edu/entries/metaepistemology/",
          "score": 0.0,
          "snippet": "metaepistemology\n\nAnother kind of arguably surprising type of result from experimental epistemology concerns “Gettier cases”, and in two distinct ways: first by suggesting the Gettier..."
        },
        {
          "corpus_id": "sep",
          "title": "knowledge-analysis",
          "url": "https://plato.stanford.edu/entries/knowledge-analysis/",
          "score": 0.0,
          "snippet": "knowledge-analysis\n\nIt is not enough merely to pick out the actual extension of knowledge. Even if, in actual fact, all cases of S knowing that p are cases of j, and all cases of the latter are cases..."
        },
        {
          "corpus_id": "sep",
          "title": "knowledge-analysis",
          "url": "https://plato.stanford.edu/entries/knowledge-analysis/",
          "score": 0.0,
          "snippet": "knowledge-analysis\n\nEven a necessary biconditional linking knowledge to some state j would probably not be sufficient for an analysis of knowledge, although just what more is required is a matter of..."
        },
        {
          "corpus_id": "sep",
          "title": "epistemic-paradoxes",
          "url": "https://plato.stanford.edu/entries/epistemic-paradoxes/",
          "score": 0.0,
          "snippet": "epistemic-paradoxes\n\nCommon sense suggests that the students are informed by the announcement. The teacher is assuming that the announcement will enlighten the students. She seems right to assume..."
        },
        {
          "corpus_id": "sep",
          "title": "epistemic-paradoxes",
          "url": "https://plato.stanford.edu/entries/epistemic-paradoxes/",
          "score": 0.0,
          "snippet": "epistemic-paradoxes\n\nScience is about what is the case rather than what ought to be case. This seems to imply that science does not tell us what we ought to believe. The traditional way to fill the..."
        },
        {
          "corpus_id": "sep",
          "title": "contextualism-epistemology",
          "url": "https://plato.stanford.edu/entries/contextualism-epistemology/",
          "score": 0.0,
          "snippet": "contextualism-epistemology\n\nFinally, the potential relevance of social factors to epistemological questions also arose in discussion of Gettier cases. In particular, in response to cases involving..."
        },
        {
          "corpus_id": "sep",
          "title": "epistemology",
          "url": "https://plato.stanford.edu/entries/epistemology/",
          "score": 0.0,
          "snippet": "epistemology\n\nMany epistemologists attempt to explain one kind of cognitive success in terms of other kinds. For instance, Chisholm tries to explain all cognitive success notions in terms of just one..."
        },
        {
          "corpus_id": "sep",
          "title": "epistemology",
          "url": "https://plato.stanford.edu/entries/epistemology/",
          "score": 0.0,
          "snippet": "epistemology\n\nSome philosophers reject the Gettier problem altogether: they reject the aspiration to understand knowledge by trying to add to JTB. Some such philosophers try to explain knowledge in..."
        }
      ],
      "source_score": {
        "matched": [
          "knowledge-analysis",
          "reliabilism",
          "epistemic-paradoxes"
        ],
        "missing": [],
        "total_expected": 3,
        "ratio": 1.0
      },
      "fact_score": {
        "matched": [
          "Gettier",
          "reliabilism",
          "lottery paradox",
          "justified true belief",
          "process reliabilism",
          "safety",
          "sensitivity"
        ],
        "missing": [],
        "total_expected": 7,
        "ratio": 1.0
      },
      "embed_ms": 0,
      "search_ms": 0,
      "corpora_hit": [
        "sep"
      ],
      "vector_eligible": true,
      "synth": {
        "answer": "Reliabilist analyses of knowledge handle Gettier cases by introducing a \"because of\" constraint, requiring that the truth of the belief be non-accidentally linked to the subject's reliable cognitive competence. However, the lottery paradox suggests that reliability is not enough; even highly reliable processes (like statistical inference) do not yield knowledge if they fail modal conditions like safety or sensitivity.\n\n### Reliabilism and Gettier Cases\nThe traditional Justified True Belief (JTB) analysis fails because it allows for epistemic luck [Source: epistemology]. To address this, reliabilists argue that justification depends on the reliability of one’s belief sources [Source: epistemology]. \n\nHowever, simple process reliabilism struggles with Gettier cases where a belief is produced by a generally reliable faculty but happens to be true only due to luck in a specific instance. For example, in the \"barn-facades\" case, Henry uses normal vision—a reliable cognitive process—to identify a barn. He sees the one real barn among many facades and forms a true belief. Yet, his belief does not qualify as knowledge because it was formed merely through luck; had he looked at a facade, he would have been wrong [Source: epistemology].\n\nTo handle such cases, virtue reliabilists (such as Ernest Sosa) refine the analysis by distinguishing between holding a belief *because of* an epistemic competence and having a belief that is correct *because of* that competence [Source: reliabilism]. In Gettier scenarios like Lehrer’s Nogot/Havit case—where a subject believes someone owns a Ford based on misleading testimony—the subject exercises an epistemic competence but fails to be correct due to that competence. The challenge for reliabilists is defining this \"correctness\" relation so it rules out luck without being overly restrictive [Source: reliabilism].\n\n### The Lottery Paradox and Reliability\nThe lottery paradox presents a significant problem for whether reliability alone suffices for knowledge. \n\n**The Structure of the Paradox:**\nIn D.C. Makinson's formulation (originating from Raymond Wilder), if one accepts propositions with high probability, one rationally believes each individual ticket in a 100-ticket lottery will lose. By agglomeration—believing both p and q implies believing p AND q—one arrives at the justified belief that *all* tickets will lose. This contradicts the known fact that one ticket must win [Source: epistemic-paradoxes].\n\n**Implications for Reliabilism:**\nLottery cases suggest that even beliefs formed by highly reliable processes do not constitute knowledge. If an agent forms a belief based on statistical evidence (e.g., reading results in a newspaper or calculating odds), they may have strong justification derived from a generally reliable source. However, as noted regarding lottery propositions, we fail to know them when our only grounds are high probability rather than something that \"establishes\" their truth [Source: closure-epistemic]. \n\nReliabilists like Juan Comesaña argue that reliabilism can handle these problems through probabilistic accounts of reliability [Source: epistemology-latin-america]. Yet, the paradox highlights that mere reliability—defined simply as producing mostly true beliefs—is insufficient if it does not account for modal safety. Knowledge requires believing because of something that safely indicates the truth or rules out relevant alternatives; relying on statistical likelihood in a lottery fails this test because the belief is easily false in nearby possible worlds (where your specific ticket wins) despite being statistically reliable across the population [Source: closure-epistemic][Source: knowledge-value].\n\n### Conclusion\nReliabilists address Gettier cases by demanding that truth be non-accidentally connected to cognitive competence (\"correctness due to competence\"). However, the lottery paradox demonstrates that even highly reliable processes are inadequate for knowledge when they rely solely on high probability rather than safe indication or conclusive reasons. Thus, reliability must be supplemented with modal constraints like safety or sensitivity to fully account for epistemic luck.",
        "reasoning_chars": 0,
        "stream_wall_ms": 61240,
        "total_latency_ms": 57247,
        "intent": "DeepQuery",
        "source_origins": [
          "sep"
        ],
        "retrieved_chunk_count": 35,
        "chunks_fact_score": {
          "matched": [
            "Gettier",
            "reliabilism",
            "lottery paradox",
            "justified true belief",
            "process reliabilism"
          ],
          "missing": [
            "safety",
            "sensitivity"
          ],
          "total_expected": 7,
          "ratio": 0.71428573
        },
        "judge_fact_score": {
          "matched": [
            "Gettier",
            "reliabilism",
            "lottery paradox",
            "justified true belief",
            "process reliabilism",
            "safety",
            "sensitivity"
          ],
          "missing": [],
          "total_expected": 7,
          "ratio": 1.0
        },
        "judge_evidence": [
          {
            "fact": "Gettier",
            "present": true,
            "evidence": "\"Reliabilist analyses of knowledge handle Gettier cases by introducing a 'because of' constraint...\""
          },
          {
            "fact": "reliabilism",
            "present": true,
            "evidence": "\"Reliabilist analyses of knowledge handle Gettier cases by introducing a 'because of' constraint...\""
          },
          {
            "fact": "lottery paradox",
            "present": true,
            "evidence": "\"The lottery paradox presents a significant problem for whether reliability alone suffices for knowledge.\""
          },
          {
            "fact": "justified true belief",
            "present": true,
            "evidence": "\"The traditional Justified True Belief (JTB) analysis fails because it allows for epistemic luck\""
          },
          {
            "fact": "process reliabilism",
            "present": true,
            "evidence": "\"However, simple process reliabilism struggles with Gettier cases where a belief is produced by a generally reliable faculty...\""
          },
          {
            "fact": "safety",
            "present": true,
            "evidence": "...reliability is not enough; even highly reliable processes (like statistical inference) do not yield knowledge if they fail modal conditions like safety or sensitivity."
          },
          {
            "fact": "sensitivity",
            "present": true,
            "evidence": "...reliability must be supplemented with modal constraints like safety or sensitivity to fully account for epistemic luck."
          }
        ]
      }
    },
    {
      "question_id": "argument_internalism_externalism_justification",
      "category": "argument_reconstruction",
      "question": "Reconstruct the new evil demon problem and explain why it is taken as a\nserious challenge to externalist accounts of epistemic justification.\n",
      "retrieved": [
        {
          "corpus_id": "sep",
          "title": "evil",
          "url": "https://plato.stanford.edu/entries/evil/",
          "score": 0.0,
          "snippet": "evil\n\nEssentially, there are three ways in which one might attempt to defend this inference. One is by treating it as a case of instantial generalization. But as we saw in effect in section 3.2.3,..."
        },
        {
          "corpus_id": "sep",
          "title": "epistemic-self-doubt",
          "url": "https://plato.stanford.edu/entries/epistemic-self-doubt/",
          "score": 0.0,
          "snippet": "epistemic-self-doubt\n\nepistemic paradoxes |  evidence |  justification, epistemic: internalist vs. externalist conceptions of |  Lewis, David |  probability, interpretations of"
        },
        {
          "corpus_id": "sep",
          "title": "reliabilism",
          "url": "https://plato.stanford.edu/entries/reliabilism/",
          "score": 0.0,
          "snippet": "reliabilism\n\nThe foregoing responses seek to accommodate the claim that the person in the demon world has justified beliefs (call this the “New Evil Demon Claim”). Another response is to reject..."
        },
        {
          "corpus_id": "sep",
          "title": "epistemology",
          "url": "https://plato.stanford.edu/entries/epistemology/",
          "score": 0.0,
          "snippet": "epistemology\n\nOne challenge for explanatory coherentists is to explain what makes one explanation better than another. Let’s use the evil demon hypothesis to illustrate this challenge. What we need..."
        },
        {
          "corpus_id": "sep",
          "title": "justep-foundational",
          "url": "https://plato.stanford.edu/entries/justep-foundational/",
          "score": 0.0,
          "snippet": "justep-foundational\n\nThe “new evil demon problem” (Lehrer and Cohen 1983; Cohen 1984) challenges the claim that externalist conditions like reliability really are necessary. Suppose that there is..."
        },
        {
          "corpus_id": "sep",
          "title": "basing-epistemic",
          "url": "https://plato.stanford.edu/entries/basing-epistemic/",
          "score": 0.0,
          "snippet": "basing-epistemic\n\nepistemology |  justification, epistemic: foundationalist theories of |  justification, epistemic: internalist vs. externalist conceptions of |  knowledge: analysis of"
        },
        {
          "corpus_id": "sep",
          "title": "justep-intext",
          "url": "https://plato.stanford.edu/entries/justep-intext/",
          "score": 0.0,
          "snippet": "justep-intext\n\nOne way to see the import of the externalist position regarding justification is by means of examples. The case described earlier wherein one gains a great number of justified..."
        },
        {
          "corpus_id": "sep",
          "title": "evil",
          "url": "https://plato.stanford.edu/entries/evil/",
          "score": 0.0,
          "snippet": "evil\n\nIn his 1996 paper, “The Evidential Argument from Evil: A Second Look”, Rowe set aside the problem of attempting to find a satisfactory account of the inductive step involved in direct,..."
        },
        {
          "corpus_id": "sep",
          "title": "perception-episprob",
          "url": "https://plato.stanford.edu/entries/perception-episprob/",
          "score": 0.0,
          "snippet": "perception-episprob\n\nMany of the objections to these views are just specific applications of objections to reliabilism, externalism, and teleological theories more generally. For instance,..."
        },
        {
          "corpus_id": "sep",
          "title": "skeptical-theism",
          "url": "https://plato.stanford.edu/entries/skeptical-theism/",
          "score": 0.0,
          "snippet": "skeptical-theism\n\nconsequentialism |  evil: problem of |  hiddenness of God |  justification, epistemic: foundationalist theories of"
        },
        {
          "corpus_id": "sep",
          "title": "descartes-epistemology",
          "url": "https://plato.stanford.edu/entries/descartes-epistemology/",
          "score": 0.0,
          "snippet": "descartes-epistemology\n\nOne way to divide up theories of justification is in terms of the internalism-externalism distinction. Very roughly: a theory of epistemic justification is internalist insofar..."
        },
        {
          "corpus_id": "sep",
          "title": "moral-epistemology",
          "url": "https://plato.stanford.edu/entries/moral-epistemology/",
          "score": 0.0,
          "snippet": "moral-epistemology\n\nFirst, the entry ignores global skepticism, which doubts the possibility of anyone’s having any knowledge at all. Thus, it ignores the threat of an unstoppable regress in..."
        },
        {
          "corpus_id": "sep",
          "title": "skepticism",
          "url": "https://plato.stanford.edu/entries/skepticism/",
          "score": 0.0,
          "snippet": "skepticism\n\nDescartes, René: epistemology |  epistemic closure |  justification, epistemic: coherentist theories of |  justification, epistemic: foundationalist theories of |  justification,..."
        },
        {
          "corpus_id": "sep",
          "title": "knowledge-value",
          "url": "https://plato.stanford.edu/entries/knowledge-value/",
          "score": 0.0,
          "snippet": "knowledge-value\n\nSo far this discussion has taken it as given that whatever problems reliabilism faces in this regard, there are epistemological theories available—some form of virtue epistemology,..."
        },
        {
          "corpus_id": "sep",
          "title": "epistemology-virtue",
          "url": "https://plato.stanford.edu/entries/epistemology-virtue/",
          "score": 0.0,
          "snippet": "epistemology-virtue\n\ncontextualism, epistemic |  ethics: virtue |  justification, epistemic: coherentist theories of |  justification, epistemic: foundationalist theories of |  justification,..."
        },
        {
          "corpus_id": "sep",
          "title": "knowledge-analysis",
          "url": "https://plato.stanford.edu/entries/knowledge-analysis/",
          "score": 0.0,
          "snippet": "knowledge-analysis\n\ncontextualism, epistemic |  epistemic closure |  epistemology: naturalism in |  epistemology: social |  epistemology: virtue |  justification, epistemic: coherentist theories of |..."
        },
        {
          "corpus_id": "sep",
          "title": "reid",
          "url": "https://plato.stanford.edu/entries/reid/",
          "score": 0.0,
          "snippet": "reid\n\nThe traditional problem of evil focuses on the second definition of ‘evil’. To this Reid offers a soul-making theodicy, and couples it with an emphasis on human epistemic limits. First,..."
        },
        {
          "corpus_id": "sep",
          "title": "higher-order-evidence",
          "url": "https://plato.stanford.edu/entries/higher-order-evidence/",
          "score": 0.0,
          "snippet": "higher-order-evidence\n\ndisagreement |  evidence |  justification, epistemic: coherentist theories of |  justification, epistemic: foundationalist theories of |  justification, epistemic: internalist..."
        },
        {
          "corpus_id": "sep",
          "title": "intuition",
          "url": "https://plato.stanford.edu/entries/intuition/",
          "score": 0.0,
          "snippet": "intuition\n\nInsofar as the normative premise is meant to articulate a necessary truth, it is open to the “new evil demon” counterexample to the necessity of reliability (Cohen 1984) according to..."
        },
        {
          "corpus_id": "sep",
          "title": "justep-intext",
          "url": "https://plato.stanford.edu/entries/justep-intext/",
          "score": 0.0,
          "snippet": "[Atlas highlights]\n[justep-intext]: \"This example indicates that Maud is being both irrational and irresponsible... It fails to be justified precisely because Maud has been intellectually..."
        },
        {
          "corpus_id": "sep",
          "title": "evil",
          "url": "https://plato.stanford.edu/entries/evil/",
          "score": 0.0,
          "snippet": "evil\n\nNeither of these lines of argument is immune from challenge.  As regards the former, one can argue that the examples that are typically advanced of cases where some evil is logically necessary..."
        },
        {
          "corpus_id": "sep",
          "title": "evil",
          "url": "https://plato.stanford.edu/entries/evil/",
          "score": 0.0,
          "snippet": "evil\n\nWhat if one shifts to a slightly less abstract formulation of the argument from evil that is based upon the premise that the world contains a certain amount of evil, or upon the premise that..."
        },
        {
          "corpus_id": "sep",
          "title": "justep-foundational",
          "url": "https://plato.stanford.edu/entries/justep-foundational/",
          "score": 0.0,
          "snippet": "justep-foundational\n\nOne other response is to embrace infinitism and hold that an infinite regress is not necessarily vicious or problematic. Infinitism has a few defenders (e.g., Peter Klein (1998)..."
        },
        {
          "corpus_id": "sep",
          "title": "justep-foundational",
          "url": "https://plato.stanford.edu/entries/justep-foundational/",
          "score": 0.0,
          "snippet": "justep-foundational\n\nMichael Bergmann (2006: chs. 1 and 2) argues, however, that if to avoid regress we drop the strong access requirements that are so dear to some internalists, we also lose the..."
        },
        {
          "corpus_id": "sep",
          "title": "justep-foundational",
          "url": "https://plato.stanford.edu/entries/justep-foundational/",
          "score": 0.0,
          "snippet": "justep-foundational\n\nAlthough opponents of classical foundationalism are not always eager to admit it, we suspect that the primary dissatisfaction with classical foundationalism lies with the..."
        },
        {
          "corpus_id": "sep",
          "title": "reliabilism",
          "url": "https://plato.stanford.edu/entries/reliabilism/",
          "score": 0.0,
          "snippet": "reliabilism\n\nBy now, a number of problems have been raised for process reliabilism. Here we review some of the main challenges, focusing on the three that have received the most attention in the..."
        },
        {
          "corpus_id": "sep",
          "title": "reliabilism",
          "url": "https://plato.stanford.edu/entries/reliabilism/",
          "score": 0.0,
          "snippet": "reliabilism\n\nIn “What is Justified Belief?”, Goldman acknowledged this sort of problem, and suggested adding a “No Defeaters” condition to the theory of epistemic justification. There, he..."
        },
        {
          "corpus_id": "sep",
          "title": "reliabilism",
          "url": "https://plato.stanford.edu/entries/reliabilism/",
          "score": 0.0,
          "snippet": "reliabilism\n\nOne of the main goals of epistemologists is to provide a substantive and explanatory account of the conditions under which a belief has some desirable epistemic status (typically,..."
        },
        {
          "corpus_id": "sep",
          "title": "epistemic-self-doubt",
          "url": "https://plato.stanford.edu/entries/epistemic-self-doubt/",
          "score": 0.0,
          "snippet": "epistemic-self-doubt\n\nIt is possible to direct doubt at oneself over many things. One can doubt one’s own motives, or one’s competence to drive a car. One can doubt that one is up to the..."
        },
        {
          "corpus_id": "sep",
          "title": "epistemic-self-doubt",
          "url": "https://plato.stanford.edu/entries/epistemic-self-doubt/",
          "score": 0.0,
          "snippet": "epistemic-self-doubt\n\nIt might seem that consistency and coherence are not strong enough to tell us what the relation should be between the first order and the second order in cases of epistemic..."
        },
        {
          "corpus_id": "sep",
          "title": "epistemic-self-doubt",
          "url": "https://plato.stanford.edu/entries/epistemic-self-doubt/",
          "score": 0.0,
          "snippet": "epistemic-self-doubt\n\nThe same problem can be seen with Egan and Elga’s treatment of cases of self-attributing less extreme unreliability (such as INP) that they regard as unproblematic. Consider a..."
        }
      ],
      "source_score": {
        "matched": [
          "epistemology",
          "reliabilism",
          "knowledge-analysis"
        ],
        "missing": [],
        "total_expected": 3,
        "ratio": 1.0
      },
      "fact_score": {
        "matched": [
          "new evil demon",
          "externalism",
          "epistemic justification",
          "reliabilism"
        ],
        "missing": [
          "internalism",
          "mentalism",
          "BonJour"
        ],
        "total_expected": 7,
        "ratio": 0.5714286
      },
      "embed_ms": 0,
      "search_ms": 0,
      "corpora_hit": [
        "sep"
      ],
      "vector_eligible": true,
      "synth": {
        "answer": "The \"new evil demon problem\" is a central counterexample in contemporary epistemology, specifically targeting externalist theories of justification such as reliabilism. It was introduced by Keith Lehrer and Stewart Cohen (1983) to challenge the claim that reliability is a necessary condition for justified belief [Source: justep-foundational].\n\n### Reconstruction of the Problem\n\nThe thought experiment posits two subjects who are subjectively indistinguishable from one another but exist in different environments:\n*   **Subject A (Actual World):** This person perceives an ordinary world where their perceptual beliefs are reliably produced by actual environmental objects. Their cognitive processes track truth effectively.\n*   **Subject B (Demon World):** This person is a \"twin\" or counterpart who is internally identical to Subject A in all respects—possessing the exact same experiences, memories, and mental states—but is being deceived by a powerful Cartesian evil demon [Source: justep-foundational]. Consequently, Subject B’s beliefs about the external world are systematically false; they are not reliable because there is no mind-independent reality corresponding to them [Source: justep-foundational].\n\nThe core intuition driving the problem is that despite this radical difference in reliability, Subject B appears to be as justified in their beliefs as Subject A is. As stated in the sources, \"Intuitively, your twin is no less justified than you are\" [Source: justep-foundational]. This intuitive judgment is referred to as the **\"New Evil Demon Claim\"** [Source: reliabilism].\n\n### Why It Challenges Externalist Accounts (Reliabilism)\n\nExternalist theories of justification—most notably **process reliabilism**—argue that a belief is justified if and only if it is produced by cognitive processes that are objectively reliable (truth-conducive). The new evil demon problem challenges this view on two fronts:\n\n1.  **The Necessity of Reliability:**\n    If reliabilism were correct, Subject A’s beliefs would be justified because they result from reliable processes, while Subject B’s beliefs would *not* be justified because their processes are unreliable (due to the deception). However, since we intuitively judge both subjects to have equal epistemic standing (\"no less justified\"), the case suggests that reliability cannot be a necessary condition for justification [Source: justep-foundational]. As noted in discussions of intuition and normative premises, [unverified excerpt: this is taken by many to demonstrate that reliability... is not a necessary condition of justified belief] [Source: intuition].\n\n2.  **The Internal/External Divide:**\n    The problem highlights a conflict between internal accessibility and external facts. Externalism denies that justifying factors must be accessible to the knower’s conscious awareness; it relies on objective features like causal connection or truth-tracking [Source: descartes-epistemology]. However, because Subject A and Subject B share all *internal* states (evidence, experiences), an internalist argues they deserve equal epistemic status. By denying this equality, reliabilists are forced to say that two people with identical rational perspectives have different justificatory statuses based solely on environmental luck—a conclusion many find counterintuitive [Source: justep-foundational].\n\n### Responses from Reliabilists\n\nReliabilists generally offer three types of responses to this challenge:\n1.  **Accepting the Claim:** Some seek to accommodate the New Evil Demon Claim by refining externalism (e.g., focusing on \"properly functioning\" faculties in normal environments rather than strict statistical reliability) [Source: reliabilism].\n2.  **Rejecting the Premise:** Others reject the premise that Subject B has the same evidence as Subject A. For instance, Timothy Williamson’s knowledge-first epistemology suggests that evidence is identical to knowledge; since Subject B lacks knowledge due to deception, they have less evidence than we do [Source: reliabilism].\n3.  **Denying Intuition:** Finally, some argue against the intuition itself, though this is rare given how strong the intuitive pull of the scenario is [Source: justep-foundational].\n\nIn summary, the new evil demon problem remains a serious challenge because it forces externalists to either abandon the necessity of reliability for justification or accept counterintuitive conclusions about the justificatory status of deceived subjects who are internally indistinguishable from us.\n\n---\n*Verification note: these statements could not be confirmed against your sources — treat them as unverified:*\n- new evil demon problem",
        "reasoning_chars": 0,
        "stream_wall_ms": 50150,
        "total_latency_ms": 47050,
        "intent": "DeepQuery",
        "source_origins": [
          "sep"
        ],
        "retrieved_chunk_count": 31,
        "chunks_fact_score": {
          "matched": [
            "new evil demon",
            "internalism",
            "externalism",
            "epistemic justification",
            "reliabilism"
          ],
          "missing": [
            "mentalism",
            "BonJour"
          ],
          "total_expected": 7,
          "ratio": 0.71428573
        },
        "judge_fact_score": {
          "matched": [
            "new evil demon",
            "internalism",
            "externalism",
            "epistemic justification",
            "reliabilism"
          ],
          "missing": [
            "mentalism",
            "BonJour"
          ],
          "total_expected": 7,
          "ratio": 0.71428573
        },
        "judge_evidence": [
          {
            "fact": "new evil demon",
            "present": true,
            "evidence": "\"The 'new evil demon problem' is a central counterexample in contemporary epistemology...\""
          },
          {
            "fact": "internalism",
            "present": true,
            "evidence": "\"However, because Subject A and Subject B share all *internal* states (evidence, experiences), an internalist argues they deserve equal epistemic status.\""
          },
          {
            "fact": "externalism",
            "present": true,
            "evidence": "\"specifically targeting externalist theories of justification such as reliabilism.\""
          },
          {
            "fact": "epistemic justification",
            "present": true,
            "evidence": "\"The core intuition driving the problem is that despite this radical difference in reliability, Subject B appears to be as justified in their beliefs as Subject A is.\""
          },
          {
            "fact": "reliabilism",
            "present": true,
            "evidence": "\"specifically targeting externalist theories of justification such as reliabilism\""
          },
          {
            "fact": "mentalism",
            "present": false,
            "evidence": "(absent)"
          },
          {
            "fact": "BonJour",
            "present": false,
            "evidence": "(absent)"
          }
        ]
      }
    },
    {
      "question_id": "concept_qualia_physicalism",
      "category": "concept_distinction",
      "question": "What is the distinction between phenomenal and access consciousness, and\nwhy does it matter for the knowledge argument against physicalism?\n",
      "retrieved": [
        {
          "corpus_id": "sep",
          "title": "sep",
          "url": null,
          "score": 0.0,
          "snippet": "The Knowledge Argument, primarily formulated by Frank Jackson using the thought experiment of Mary the neurophysiologist, claims that physicalism is false because it cannot account for all facts...",
          "source": "raptor"
        },
        {
          "corpus_id": "sep",
          "title": "sep",
          "url": null,
          "score": 0.0,
          "snippet": "The text examines the knowledge argument, primarily through Frank Jackson's Mary thought experiment and related cases like Fred, to explore whether physical facts entail phenomenal knowledge. It...",
          "source": "raptor"
        },
        {
          "corpus_id": "sep",
          "title": "sep",
          "url": null,
          "score": 0.0,
          "snippet": "The text examines the Mary's Room thought experiment to argue that physicalism faces challenges in explaining how acquiring new phenomenal knowledge does not entail learning new physical facts. It...",
          "source": "raptor"
        },
        {
          "corpus_id": "sep",
          "title": "sep",
          "url": null,
          "score": 0.0,
          "snippet": "The Knowledge Argument, prominently formulated by Frank Jackson and influenced by Thomas Nagel, posits that complete physical knowledge does not entail knowledge of phenomenal experience, thereby...",
          "source": "raptor"
        },
        {
          "corpus_id": "sep",
          "title": "sep",
          "url": null,
          "score": 0.0,
          "snippet": "Frank Jackson's Knowledge Argument contends that physicalism is false because Mary the neurophysiologist acquires non-physical knowledge upon experiencing color for the first time. While Jackson...",
          "source": "raptor"
        },
        {
          "corpus_id": "sep",
          "title": "sep",
          "url": null,
          "score": 0.0,
          "snippet": "Frank Jackson's Knowledge Argument asserts that possessing complete physical information does not equate to knowing what phenomenal experience is like, thereby challenging the validity of...",
          "source": "raptor"
        },
        {
          "corpus_id": "sep",
          "title": "sep",
          "url": null,
          "score": 0.0,
          "snippet": "The passages argue that physicalism faces significant challenges from thought experiments involving Mary's Room and philosophical zombies, which suggest a gap between physical facts and phenomenal...",
          "source": "raptor"
        },
        {
          "corpus_id": "sep",
          "title": "sep",
          "url": null,
          "score": 0.0,
          "snippet": "The text distinguishes between first-order sensory qualities and higher-order phenomenal properties, arguing that the latter are ineffable and distinct from publicly describable attributes. This...",
          "source": "raptor"
        },
        {
          "corpus_id": "sep",
          "title": "consciousness",
          "url": "https://plato.stanford.edu/entries/consciousness/",
          "score": 0.0,
          "snippet": "[Atlas highlights]\n[Integrated Information Theory (consciousness)]: \"information integration of the relevant sort is both necessary and sufficient for consciousness regardless of the substrate in..."
        },
        {
          "corpus_id": "sep",
          "title": "consciousness",
          "url": "https://plato.stanford.edu/entries/consciousness/",
          "score": 0.0,
          "snippet": "consciousness\n\nThis particular role is most directly and definitionally tied to the notion of access consciousness (Block 1995), but meta-mental consciousness as well as the phenomenal and..."
        },
        {
          "corpus_id": "sep",
          "title": "consciousness",
          "url": "https://plato.stanford.edu/entries/consciousness/",
          "score": 0.0,
          "snippet": "consciousness\n\nMost eliminativists are more qualified in their negative assessment. Rather than rejecting the notion outright, they take issue only with some of the prominent features that it is..."
        },
        {
          "corpus_id": "sep",
          "title": "consciousness-animal",
          "url": "https://plato.stanford.edu/entries/consciousness-animal/",
          "score": 0.0,
          "snippet": "consciousness-animal\n\nAlso important has been a line of argumentation by philosophers that the subjective nature of consciousness makes it inherently difficult to study. Block's (1995) influential..."
        },
        {
          "corpus_id": "sep",
          "title": "physicalism",
          "url": "https://plato.stanford.edu/entries/physicalism/",
          "score": 0.0,
          "snippet": "physicalism\n\nAs with the knowledge argument, the issues surrounding Kripke’s argument are very much wide open. But it is important to note that most philosophers don’t consider the issues of..."
        },
        {
          "corpus_id": "sep",
          "title": "consciousness-intentionality",
          "url": "https://plato.stanford.edu/entries/consciousness-intentionality/",
          "score": 0.0,
          "snippet": "consciousness-intentionality\n\nBut what is the relationship between various kinds of information access and consciousness in the phenomenal, experiential sense? Block distinguishes the notions of..."
        },
        {
          "corpus_id": "sep",
          "title": "consciousness-higher",
          "url": "https://plato.stanford.edu/entries/consciousness-higher/",
          "score": 0.0,
          "snippet": "consciousness-higher\n\nTurning now to the notion of mental-state consciousness, the major distinction here is between phenomenal consciousness, on the one hand—which is a property of states that it..."
        },
        {
          "corpus_id": "sep",
          "title": "phenomenal-intentionality",
          "url": "https://plato.stanford.edu/entries/phenomenal-intentionality/",
          "score": 0.0,
          "snippet": "phenomenal-intentionality\n\nPhenomenal consciousness has various epistemic markers: It gives rise to (at least the appearance of) an explanatory gap (see Levine 1983 and the entry on  consciousness), ..."
        },
        {
          "corpus_id": "sep",
          "title": "qualia-knowledge",
          "url": "https://plato.stanford.edu/entries/qualia-knowledge/",
          "score": 0.0,
          "snippet": "qualia-knowledge\n\nThe differences between variants of the New Knowledge/Old Fact View concern the theoretical (physicalist) account of (a) phenomenal character, (b) phenomenal concepts of phenomenal..."
        },
        {
          "corpus_id": "sep",
          "title": "consciousness-neuroscience",
          "url": "https://plato.stanford.edu/entries/consciousness-neuroscience/",
          "score": 0.0,
          "snippet": "consciousness-neuroscience\n\nIntrospection illustrates a type of cognitive access, for a state that is introspected is access conscious. This raises a question that has epistemic implications: is..."
        },
        {
          "corpus_id": "sep",
          "title": "qt-consciousness",
          "url": "https://plato.stanford.edu/entries/qt-consciousness/",
          "score": 0.0,
          "snippet": "qt-consciousness\n\nDual-aspect approaches consider mental and material domains of reality as aspects, or manifestations, of one underlying reality in which mind and matter are unseparated. In such a..."
        },
        {
          "corpus_id": "sep",
          "title": "dualism",
          "url": "https://plato.stanford.edu/entries/dualism/",
          "score": 0.0,
          "snippet": "dualism\n\nOne category of arguments for dualism is constituted by the standard objections against physicalism. Prime examples are those based on the existence of qualia, the most important of which is..."
        },
        {
          "corpus_id": "sep",
          "title": "intentionality",
          "url": "https://plato.stanford.edu/entries/intentionality/",
          "score": 0.0,
          "snippet": "intentionality\n\nMany of the philosophers who accept a version of Brentano’s thesis that all mental states exhibit intentionality try to show that the mysteries of phenomenal consciousness can..."
        },
        {
          "corpus_id": "sep",
          "title": "epiphenomenalism",
          "url": "https://plato.stanford.edu/entries/epiphenomenalism/",
          "score": 0.0,
          "snippet": "epiphenomenalism\n\nDavid Lewis (1988) undertakes a thorough response to the knowledge argument. Among Lewis’s many considerations, there is one that seeks to enforce a connection between phenomenal..."
        },
        {
          "corpus_id": "sep",
          "title": "mental-representation",
          "url": "https://plato.stanford.edu/entries/mental-representation/",
          "score": 0.0,
          "snippet": "mental-representation\n\nAnother sort of representation appealed to by some phenomenalists (e.g., Chalmers (2003), Block (2003)) is what Chalmers calls a “pure phenomenal concept.” A phenomenal..."
        },
        {
          "corpus_id": "sep",
          "title": "consciousness-unity",
          "url": "https://plato.stanford.edu/entries/consciousness-unity/",
          "score": 0.0,
          "snippet": "consciousness-unity\n\nSimilarly, Bayne and Chalmers (2003: 24–7) distinguish objectual unity (a matter of two conscious experiences of one object, so different from Tye’s object unity), spatial..."
        },
        {
          "corpus_id": "sep",
          "title": "russellian-monism",
          "url": "https://plato.stanford.edu/entries/russellian-monism/",
          "score": 0.0,
          "snippet": "russellian-monism\n\nSome traditional physicalist theories conflict with other aspects of Russellian monism. For example, (physicalist) analytic functionalism (Armstrong 1968; Lewis 1966, 1972, 1980)..."
        },
        {
          "corpus_id": "sep",
          "title": "consciousness-representational",
          "url": "https://plato.stanford.edu/entries/consciousness-representational/",
          "score": 0.0,
          "snippet": "consciousness-representational\n\nThe Conceivability argument (Chalmers 1996, 2003) has it that “zombies” are conceivable—physical duplicates of ordinary human beings, that share all the human..."
        },
        {
          "corpus_id": "sep",
          "title": "properties-emergent",
          "url": "https://plato.stanford.edu/entries/properties-emergent/",
          "score": 0.0,
          "snippet": "properties-emergent\n\nSome accept this claim regarding these “phenomenal” qualities of conscious experience, but think that there is no corresponding deep challenge to physicalism with regards to..."
        },
        {
          "corpus_id": "sep",
          "title": "materialism-eliminative",
          "url": "https://plato.stanford.edu/entries/materialism-eliminative/",
          "score": 0.0,
          "snippet": "materialism-eliminative\n\nA somewhat similar outlook has been proposed by Keith Frankish and others, and is commonly referred to as “Illusionism” about consciousness, a label designed to help..."
        },
        {
          "corpus_id": "sep",
          "title": "consciousness",
          "url": "https://plato.stanford.edu/entries/consciousness/",
          "score": 0.0,
          "snippet": "consciousness\n\nThe noun “consciousness” has an equally diverse range of meanings that largely parallel those of the adjective “conscious”. Distinctions can be drawn between creature and state..."
        },
        {
          "corpus_id": "sep",
          "title": "consciousness-animal",
          "url": "https://plato.stanford.edu/entries/consciousness-animal/",
          "score": 0.0,
          "snippet": "consciousness-animal\n\nMany philosophers and scientists have either argued or assumed that consciousness is inherently private, and hence that one's own experience is unknowable to others. While..."
        },
        {
          "corpus_id": "sep",
          "title": "consciousness-animal",
          "url": "https://plato.stanford.edu/entries/consciousness-animal/",
          "score": 0.0,
          "snippet": "consciousness-animal\n\nThe remainder of this article deals primarily with the attribution of consciousness in its phenomenal sense to animals, although there will be some discussion of access..."
        },
        {
          "corpus_id": "sep",
          "title": "consciousness-animal",
          "url": "https://plato.stanford.edu/entries/consciousness-animal/",
          "score": 0.0,
          "snippet": "consciousness-animal\n\nTwo millennia after Aristotle, Descartes' mechanistic philosophy introduced the idea of a reflex to explain the behavior of nonhuman animals.  Although his conception of animals..."
        },
        {
          "corpus_id": "sep",
          "title": "physicalism",
          "url": "https://plato.stanford.edu/entries/physicalism/",
          "score": 0.0,
          "snippet": "physicalism\n\nSome philosophers suggest that ‘physicalism’ is distinct from ‘materialism’ for a reason quite unrelated to the one emphasized by Neurath and Carnap. As the name suggests,..."
        },
        {
          "corpus_id": "sep",
          "title": "physicalism",
          "url": "https://plato.stanford.edu/entries/physicalism/",
          "score": 0.0,
          "snippet": "physicalism\n\nSetting aside what it is properly called, the thesis of physicalism is often described as an extremely old, even ancient, thesis. The first sentence of  Friedrich Lange’s  The History..."
        },
        {
          "corpus_id": "sep",
          "title": "physicalism",
          "url": "https://plato.stanford.edu/entries/physicalism/",
          "score": 0.0,
          "snippet": "physicalism\n\nHow to respond to the sufficiency problem? Some respond by denying the coherence of the position that causes the problem. Necessitation dualism as we have just described it violates..."
        },
        {
          "corpus_id": "sep",
          "title": "consciousness-intentionality",
          "url": "https://plato.stanford.edu/entries/consciousness-intentionality/",
          "score": 0.0,
          "snippet": "consciousness-intentionality\n\nThis raises the question of just how a “possession of content” conception of intentionality may be coordinated with the conditions of satisfaction conception. It is..."
        },
        {
          "corpus_id": "sep",
          "title": "consciousness-intentionality",
          "url": "https://plato.stanford.edu/entries/consciousness-intentionality/",
          "score": 0.0,
          "snippet": "consciousness-intentionality\n\nThough Block’s proposed threefold distinction has proven influential, some would balk at proceeding on its basis. John Searle, for example, would recognize phenomenal..."
        },
        {
          "corpus_id": "sep",
          "title": "consciousness-intentionality",
          "url": "https://plato.stanford.edu/entries/consciousness-intentionality/",
          "score": 0.0,
          "snippet": "consciousness-intentionality\n\nIn telling this story, we have to acknowledge (and traverse) the divide in twentieth century western philosophy between so-called “analytic” and “continental”..."
        }
      ],
      "source_score": {
        "matched": [
          "consciousness",
          "qualia-knowledge",
          "physicalism"
        ],
        "missing": [],
        "total_expected": 3,
        "ratio": 1.0
      },
      "fact_score": {
        "matched": [
          "Block",
          "phenomenal consciousness",
          "access consciousness",
          "Jackson",
          "what it is like",
          "knowledge argument"
        ],
        "missing": [
          "Mary's room"
        ],
        "total_expected": 7,
        "ratio": 0.85714287
      },
      "embed_ms": 0,
      "search_ms": 0,
      "corpora_hit": [
        "sep"
      ],
      "vector_eligible": true,
      "synth": {
        "answer": "The distinction between phenomenal and access consciousness, primarily articulated by Ned Block (1995), is central to the debate over physicalism because it clarifies exactly what kind of knowledge Frank Jackson’s \"Mary\" lacks in his famous thought experiment [Source: consciousness-animal; Source: consciousness-intentionality].\n\n### The Distinction\n*   **Phenomenal Consciousness:** This refers to states that have a distinctive subjective feel or qualitative character—what it is like for the subject to be in those states. It is defined by its intrinsic nature rather than its function [Source: consciousness-higher]. Phenomenal consciousness gives rise to qualia and creates an explanatory gap between objective physical facts and subjective experience [Source: phenomenal-intentionality].\n*   **Access Consciousness:** This refers to information within a mental state that is \"poised\" or available for use in reasoning, rational control of action, and verbal report. It concerns the functional availability of information to cognitive systems (such as working memory) [Source: consciousness-animal; Source: consciousness-intentionality].\n\nBlock argues these two are distinct because access does not guarantee phenomenology—a mental representation can be broadcast for behavioral control without there being anything it feels like to have that representation [Source: consciousness-intentionality]. Conversely, some theorists suggest phenomenal states might exist even if they do not overflow into access consciousness (a phenomenon known as \"phenomenal overflow\") [Source: consciousness-neuroscience].\n\n### Why It Matters for the Knowledge Argument\nThe distinction matters because physicalists often attempt to defend their position by arguing that Mary only lacks *access* to certain information. \n\n1.  **Defining the Gap:** The knowledge argument asserts that complete physical knowledge of color vision is insufficient to know what seeing red actually feels like [Source: qualia-knowledge; Source: sep]. By distinguishing between the two types of consciousness, philosophers can pinpoint whether this missing piece is a functional gap or an ontological one. \n2.  **Physicalist Counter-Arguments (Conceptual Independence):** Physicalists argue that while Mary knows all the *physical facts*, she lacks \"phenomenal concepts\"—concepts whose denotation is a phenomenal property and which require actual experience to form [Source: mental-representation]. Because physical concepts and phenomenal concepts are cognitively independent, it is impossible for her to deduce the latter from the former without experiencing them [Source: qualia-knowledge].\n3.  **The Epiphenomenalism Trap:** If Mary’s new knowledge upon release is strictly about non-functional, purely qualitative properties (phenomena) rather than functional information processing (access), this raises the specter of epiphenomenalism—the idea that these subjective experiences have no causal power over our physical actions or reports [Source: epiphenomenalism; Source: consciousness-intentionality]. David Lewis argued that if one accepts irreducibly different \"phenomenal information,\" one must accept a form of epiphenomenalism, which he rejected as false to argue against the existence of such phenomenal facts in the first place [Source: epiphenomenalism].\n\nIn short, separating access from phenomenal consciousness allows critics to demonstrate that even if Mary gains full *functional* and *informational* (access) control upon seeing red for the first time, she still acquires new knowledge about its subjective nature. This suggests that physicalism—which claims all facts are physical—fails because it cannot account for these non-physical, qualitative properties [Source: qualia-knowledge; Source: sep].\n\n---\n*Verification note: these statements could not be confirmed against your sources — treat them as unverified:*\n- The distinction matters because physicalists often attempt to defend their position by arguing that Mary only lacks *access* to certain information.",
        "reasoning_chars": 0,
        "stream_wall_ms": 54762,
        "total_latency_ms": 51514,
        "intent": "DeepQuery",
        "source_origins": [
          "sep"
        ],
        "retrieved_chunk_count": 38,
        "chunks_fact_score": {
          "matched": [
            "Block",
            "phenomenal consciousness",
            "access consciousness",
            "Mary's room",
            "Jackson",
            "what it is like",
            "knowledge argument"
          ],
          "missing": [],
          "total_expected": 7,
          "ratio": 1.0
        },
        "judge_fact_score": {
          "matched": [
            "Block",
            "phenomenal consciousness",
            "access consciousness",
            "Jackson",
            "what it is like",
            "knowledge argument"
          ],
          "missing": [
            "Mary's room"
          ],
          "total_expected": 7,
          "ratio": 0.85714287
        },
        "judge_evidence": [
          {
            "fact": "Block",
            "present": true,
            "evidence": "The distinction between phenomenal and access consciousness, primarily articulated by Ned Block (1995)..."
          },
          {
            "fact": "phenomenal consciousness",
            "present": true,
            "evidence": "\"The distinction between phenomenal and access consciousness...\" \"Phenomenal Consciousness: This refers to states that have a distinctive subjective feel\""
          },
          {
            "fact": "access consciousness",
            "present": true,
            "evidence": "\"Access Consciousness: This refers to information within a mental state that is 'poised' or available for use in reasoning, rational control of action, and verbal report.\""
          },
          {
            "fact": "Mary's room",
            "present": false,
            "evidence": "(absent)"
          },
          {
            "fact": "Jackson",
            "present": true,
            "evidence": "\"clarifies exactly what kind of knowledge Frank Jackson's 'Mary' lacks in his famous thought experiment\""
          },
          {
            "fact": "what it is like",
            "present": true,
            "evidence": "\"what it is like for the subject to be in those states\""
          },
          {
            "fact": "knowledge argument",
            "present": true,
            "evidence": "\"Why It Matters for the Knowledge Argument\" ... \"The knowledge argument asserts that complete physical knowledge of color vision is insufficient to know what seeing red actually feels like\""
          }
        ]
      }
    },
    {
      "question_id": "position_summary_hard_problem_illusionism",
      "category": "position_summary",
      "question": "What is Chalmers's hard problem of consciousness, and how does\nillusionism propose to dissolve rather than solve it?\n",
      "retrieved": [
        {
          "corpus_id": "sep",
          "title": "sep",
          "url": null,
          "score": 0.0,
          "snippet": "The Problem of Perception challenges direct realism by highlighting the tension between ordinary experience and non-veridical phenomena like illusion and hallucination. Philosophers propose various...",
          "source": "raptor"
        },
        {
          "corpus_id": "sep",
          "title": "sep",
          "url": null,
          "score": 0.0,
          "snippet": "The Problem of Perception arises from the possibility that illusions and hallucinations render ordinary perceptual experience impossible, a challenge addressed through various theoretical frameworks....",
          "source": "raptor"
        },
        {
          "corpus_id": "sep",
          "title": "sep",
          "url": null,
          "score": 0.0,
          "snippet": "The Problem of Perception arises from the tension between our ordinary direct realist conception of experience and the phenomena of illusion and hallucination, which suggest that perceptual content...",
          "source": "raptor"
        },
        {
          "corpus_id": "sep",
          "title": "sep",
          "url": null,
          "score": 0.0,
          "snippet": "Panpsychism is presented as a viable solution to the hard problem of consciousness by positing that fundamental entities possess intrinsic mental properties, thereby avoiding the explanatory gaps...",
          "source": "raptor"
        },
        {
          "corpus_id": "sep",
          "title": "sep",
          "url": null,
          "score": 0.0,
          "snippet": "Representationalist theories of consciousness argue that phenomenal character is identical to or constituted by representational content, often supported by the transparency argument which suggests...",
          "source": "raptor"
        },
        {
          "corpus_id": "sep",
          "title": "sep",
          "url": null,
          "score": 0.0,
          "snippet": "Eliminativist philosophers argue that introspective evidence regarding the mind is unreliable and challenge the existence of qualitative states or phenomenal consciousness. Thinkers such as Dennett,...",
          "source": "raptor"
        },
        {
          "corpus_id": "sep",
          "title": "sep",
          "url": null,
          "score": 0.0,
          "snippet": "The argument from hallucination challenges naive realism by asserting that veridical and indistinguishable hallucinatory experiences share a common nature, thereby supporting the Common Kind Claim....",
          "source": "raptor"
        },
        {
          "corpus_id": "sep",
          "title": "sep",
          "url": null,
          "score": 0.0,
          "snippet": "The text advances the strong representational theory of consciousness, arguing that sensory qualities supervene on representational content and refuting rival views such as sense-data and...",
          "source": "raptor"
        },
        {
          "corpus_id": "sep",
          "title": "consciousness",
          "url": "https://plato.stanford.edu/entries/consciousness/",
          "score": 0.0,
          "snippet": "consciousness\n\nThis particular role is most directly and definitionally tied to the notion of access consciousness (Block 1995), but meta-mental consciousness as well as the phenomenal and..."
        },
        {
          "corpus_id": "sep",
          "title": "consciousness",
          "url": "https://plato.stanford.edu/entries/consciousness/",
          "score": 0.0,
          "snippet": "[Atlas highlights]\n[Global Workspace theories (consciousness)]: \"consciousness in both the access and phenomenal sense occurs when and only when the relevant content enters the larger global network..."
        },
        {
          "corpus_id": "sep",
          "title": "consciousness",
          "url": "https://plato.stanford.edu/entries/consciousness/",
          "score": 0.0,
          "snippet": "consciousness\n\nStandard accounts of skill acquisition stress the importance of conscious awareness during the initial learning phase, which gradually gives way to more automatic processes of the sort..."
        },
        {
          "corpus_id": "sep",
          "title": "consciousness-neuroscience",
          "url": "https://plato.stanford.edu/entries/consciousness-neuroscience/",
          "score": 0.0,
          "snippet": "consciousness-neuroscience\n\nDavid Chalmers presents the hard problem as follows:"
        },
        {
          "corpus_id": "sep",
          "title": "panpsychism",
          "url": "https://plato.stanford.edu/entries/panpsychism/",
          "score": 0.0,
          "snippet": "panpsychism\n\nThis is the problem David Chalmers (1995, 1996) famously named “the hard problem of consciousness”.[18] Some think the alleged problem involves a confusion, although anyone who..."
        },
        {
          "corpus_id": "sep",
          "title": "materialism-eliminative",
          "url": "https://plato.stanford.edu/entries/materialism-eliminative/",
          "score": 0.0,
          "snippet": "materialism-eliminative\n\nA somewhat similar outlook has been proposed by Keith Frankish and others, and is commonly referred to as “Illusionism” about consciousness, a label designed to help..."
        },
        {
          "corpus_id": "sep",
          "title": "consciousness-representational",
          "url": "https://plato.stanford.edu/entries/consciousness-representational/",
          "score": 0.0,
          "snippet": "consciousness-representational\n\nIllusionism is criticized by Strawson (2006), Prinz (2016), Balog (2016), Nida-Rümelin (2016), Schwitzgebel (2016), and Chalmers (2018). Though highly sympathetic to..."
        },
        {
          "corpus_id": "sep",
          "title": "consciousness-17th",
          "url": "https://plato.stanford.edu/entries/consciousness-17th/",
          "score": 0.0,
          "snippet": "consciousness-17th\n\nShelley Weinberg has argued for an interpretation of Locke’s theory of consciousness that she thinks solves many of the most pressing problems of interpretation. According to..."
        },
        {
          "corpus_id": "sep",
          "title": "qt-consciousness",
          "url": "https://plato.stanford.edu/entries/qt-consciousness/",
          "score": 0.0,
          "snippet": "qt-consciousness\n\nBefore proceeding further, it should be emphasized that many present-day approaches prefer to distinguish between first-person and third-person perspectives rather than mental and..."
        },
        {
          "corpus_id": "sep",
          "title": "perception-problem",
          "url": "https://plato.stanford.edu/entries/perception-problem/",
          "score": 0.0,
          "snippet": "perception-problem\n\nSense-datum theorists have developed more positive Problem of Perception style reasoning to support these additional ideas. For instance, Macpherson (2013: 12–13) outlines a..."
        },
        {
          "corpus_id": "sep",
          "title": "social-ontology",
          "url": "https://plato.stanford.edu/entries/social-ontology/",
          "score": 0.0,
          "snippet": "social-ontology\n\nDualism has seen a resurgence among some philosophers of mind, e.g., Chalmers 1996. It is not clear, however, that the sorts of argument marshalled in favor of mental dualism could..."
        },
        {
          "corpus_id": "sep",
          "title": "neuroscience",
          "url": "https://plato.stanford.edu/entries/neuroscience/",
          "score": 0.0,
          "snippet": "neuroscience\n\nDavid Chalmers (1996) famously argued that any possible brain-process account of consciousness will leave open an “explanatory gap” between the brain process and properties of the..."
        },
        {
          "corpus_id": "sep",
          "title": "consciousness-unity",
          "url": "https://plato.stanford.edu/entries/consciousness-unity/",
          "score": 0.0,
          "snippet": "consciousness-unity\n\nAs we saw, the notion of a unified experience subsuming simpler experiences is central to Bayne’s and Chalmers’ (2003; see Bayne 2010) account of the unity of consciousness...."
        },
        {
          "corpus_id": "sep",
          "title": "mind-identity",
          "url": "https://plato.stanford.edu/entries/mind-identity/",
          "score": 0.0,
          "snippet": "mind-identity\n\nPeople often think that even if a robot could scan its own perceptual processes this would not mean that the robot was conscious. This appeals to our intuitions, but perhaps we could..."
        },
        {
          "corpus_id": "sep",
          "title": "russellian-monism",
          "url": "https://plato.stanford.edu/entries/russellian-monism/",
          "score": 0.0,
          "snippet": "russellian-monism\n\nA second argument for Russellian monism is based on the claim that this theory offers an elegant, unified solution to two distinct philosophical problems (Lockwood 1989, 1992;..."
        },
        {
          "corpus_id": "sep",
          "title": "qualia",
          "url": "https://plato.stanford.edu/entries/qualia/",
          "score": 0.0,
          "snippet": "qualia\n\nThis position is not easy to take seriously; for what could be more obvious than the existence of conscious experience? Adherents of the view may respond that introspection simply leads us..."
        },
        {
          "corpus_id": "sep",
          "title": "substance",
          "url": "https://plato.stanford.edu/entries/substance/",
          "score": 0.0,
          "snippet": "substance\n\nThis solution, as Bennett recognises, makes substancehood a function of how we operate on the properties we perceive. It is, in that sense, more Kantian than realist. As what it recognises..."
        },
        {
          "corpus_id": "sep",
          "title": "panpsychism",
          "url": "https://plato.stanford.edu/entries/panpsychism/",
          "score": 0.0,
          "snippet": "panpsychism\n\nIn David Chalmers’ (2016) taxonomy of the combination problem, there are three dimensions of difficulty:"
        },
        {
          "corpus_id": "sep",
          "title": "tropes",
          "url": "https://plato.stanford.edu/entries/tropes/",
          "score": 0.0,
          "snippet": "tropes\n\nAccording to the trope proponent, if you accept the existence of tropes, you have the means available to solve or to dissolve a number of serious problems, not just in metaphysics but in..."
        },
        {
          "corpus_id": "sep",
          "title": "nominalism-mathematics",
          "url": "https://plato.stanford.edu/entries/nominalism-mathematics/",
          "score": 0.0,
          "snippet": "nominalism-mathematics\n\nOf the nominalist views discussed in this essay, deflationary nominalism is the view that comes closest to solving (or, in some cases, dissolving) the five problems that have..."
        },
        {
          "corpus_id": "sep",
          "title": "consciousness",
          "url": "https://plato.stanford.edu/entries/consciousness/",
          "score": 0.0,
          "snippet": "consciousness\n\nQualia problems in many forms—Can there be inverted qualia? (Block 1980a 1980b, Shoemaker 1981, 1982) Are qualia epiphenomenal? (Jackson 1982, Chalmers 1996) How could neural states..."
        },
        {
          "corpus_id": "sep",
          "title": "panpsychism",
          "url": "https://plato.stanford.edu/entries/panpsychism/",
          "score": 0.0,
          "snippet": "panpsychism\n\nBy taking human and animal consciousness to be fundamental, rather than somehow made up of more basic forms of consciousness, emergentists avoid some forms of the combination problem..."
        },
        {
          "corpus_id": "sep",
          "title": "panpsychism",
          "url": "https://plato.stanford.edu/entries/panpsychism/",
          "score": 0.0,
          "snippet": "panpsychism\n\nTo get around this problem, a fuller definition of “protophenomenal properties” would define them as properties that in certain combinations transparently account for the existence..."
        },
        {
          "corpus_id": "sep",
          "title": "consciousness-neuroscience",
          "url": "https://plato.stanford.edu/entries/consciousness-neuroscience/",
          "score": 0.0,
          "snippet": "consciousness-neuroscience\n\nThere are different responses to the hard problem. One response is to sharpen the explanatory targets of neuroscience by focusing on what Chalmers calls structural..."
        },
        {
          "corpus_id": "sep",
          "title": "consciousness-neuroscience",
          "url": "https://plato.stanford.edu/entries/consciousness-neuroscience/",
          "score": 0.0,
          "snippet": "consciousness-neuroscience\n\nThe Hard Problem can be specified in terms of generic and specific consciousness (Chalmers 1996). In both cases, Chalmers argues that there is an inherent limitation to..."
        },
        {
          "corpus_id": "sep",
          "title": "consciousness-neuroscience",
          "url": "https://plato.stanford.edu/entries/consciousness-neuroscience/",
          "score": 0.0,
          "snippet": "consciousness-neuroscience\n\nIt is undeniable that some organisms are subjects of experience. But the question of how it is that these systems are subjects of experience is perplexing. Why is it that..."
        },
        {
          "corpus_id": "sep",
          "title": "consciousness-representational",
          "url": "https://plato.stanford.edu/entries/consciousness-representational/",
          "score": 0.0,
          "snippet": "consciousness-representational\n\nAccording to the adverbial theory, Bertie’s experience involves no thing, either actual or nonactual, that is green. Rather, Bertie senses greenly, greenly-sensing..."
        },
        {
          "corpus_id": "sep",
          "title": "consciousness-representational",
          "url": "https://plato.stanford.edu/entries/consciousness-representational/",
          "score": 0.0,
          "snippet": "consciousness-representational\n\nSo much is familiar and not very controversial. But problems of consciousness are generally felt to be less tractable than matters of intentionality. The aim of a..."
        },
        {
          "corpus_id": "sep",
          "title": "consciousness-representational",
          "url": "https://plato.stanford.edu/entries/consciousness-representational/",
          "score": 0.0,
          "snippet": "consciousness-representational\n\nThe notions of consciousness most commonly addressed by philosophers are the following: (1) Conscious awareness of one’s own mental states, and “conscious..."
        }
      ],
      "source_score": {
        "matched": [
          "consciousness"
        ],
        "missing": [
          "qualia-knowledge",
          "physicalism"
        ],
        "total_expected": 3,
        "ratio": 0.33333334
      },
      "fact_score": {
        "matched": [
          "hard problem",
          "Chalmers",
          "illusionism",
          "Frankish",
          "phenomenal consciousness",
          "explanatory gap",
          "easy problems"
        ],
        "missing": [],
        "total_expected": 7,
        "ratio": 1.0
      },
      "embed_ms": 0,
      "search_ms": 0,
      "corpora_hit": [
        "sep"
      ],
      "vector_eligible": true,
      "synth": {
        "answer": "Chalmers’s hard problem of consciousness is the question of why and how physical processing in the brain gives rise to a rich inner life [Source: consciousness-neuroscience]. It asks \"why there is something it is like to entertain a mental image, or to experience an emotion\" when cognitive systems engage in information-processing [Source: consciousness-neuroscience]. Chalmers argues that while we can explain the structural and functional aspects of these processes (the \"easy problems\"), empirical explanations will always leave out the essential ingredient—the subjective quality itself—because phenomenal consciousness cannot be reduced to purely structural or functional descriptions [Source: consciousness-neuroscience]. This creates what he calls an \"explanatory gap,\" where one can imagine creatures with identical brain processes but completely lacking conscious experience (zombies) [Source: neuroscience; consciousness-representational].\n\nIllusionism proposes to dissolve this problem rather than solve it by arguing that the very phenomenon Chalmers is asking about does not exist. Proponents like Keith Frankish argue that introspection yields representations that substantially misrepresent our inner experience, much like sensory illusions misrepresent the outer world [Source: materialism-eliminative]. Introspection tricks us into believing we have phenomenal properties—the intrinsic \"what-it-is-likeness\" of qualitative states—but these properties are actually illusory [Source: materialism-eliminative]. \n\nInstead of solving how physical processes create non-physical qualia (which would require bridging an impossible gap), illusionists claim there are only \"quasi-phenomenal properties\"—non-phenomenal properties of inner states detected by introspection but misrepresented as having a magical subjective quality [Source: materialism-eliminative]. By eliminating the existence of true phenomenal consciousness, illusionism removes the need to explain its origin. The hard problem is dissolved because it is based on a conceptual confusion or misapprehension; we do not need to explain why brain processes produce what-it-is-likeness, because that property does not exist in reality [Source: materialism-eliminative].\n\n---\n*Verification note: these statements could not be confirmed against your sources — treat them as unverified:*\n- Chalmers argues that empirical explanations leave out the essential ingredient of subjective quality because phenomenal consciousness cannot be reduced to struc…",
        "reasoning_chars": 0,
        "stream_wall_ms": 37790,
        "total_latency_ms": 33714,
        "intent": "DeepQuery",
        "source_origins": [
          "sep"
        ],
        "retrieved_chunk_count": 37,
        "chunks_fact_score": {
          "matched": [
            "hard problem",
            "Chalmers",
            "illusionism",
            "Frankish",
            "phenomenal consciousness",
            "explanatory gap",
            "easy problems"
          ],
          "missing": [],
          "total_expected": 7,
          "ratio": 1.0
        },
        "judge_fact_score": {
          "matched": [
            "hard problem",
            "Chalmers",
            "illusionism",
            "Frankish",
            "phenomenal consciousness",
            "explanatory gap",
            "easy problems"
          ],
          "missing": [],
          "total_expected": 7,
          "ratio": 1.0
        },
        "judge_evidence": [
          {
            "fact": "hard problem",
            "present": true,
            "evidence": "\"Chalmers's hard problem of consciousness is the question...\""
          },
          {
            "fact": "Chalmers",
            "present": true,
            "evidence": "\"Chalmers's hard problem of consciousness is the question...\""
          },
          {
            "fact": "illusionism",
            "present": true,
            "evidence": "\"Illusionism proposes to dissolve this problem rather than solve it by arguing that the very phenomenon Chalmers is asking about does not exist.\""
          },
          {
            "fact": "Frankish",
            "present": true,
            "evidence": "Proponents like Keith Frankish argue that introspection yields representations..."
          },
          {
            "fact": "phenomenal consciousness",
            "present": true,
            "evidence": "\"phenomenal consciousness cannot be reduced to purely structural or functional descriptions\""
          },
          {
            "fact": "explanatory gap",
            "present": true,
            "evidence": "\"This creates what he calls an 'explanatory gap,' where one can imagine creatures with identical brain processes but completely lacking conscious experience (zombies)\""
          },
          {
            "fact": "easy problems",
            "present": true,
            "evidence": "\"Chalmers argues that while we can explain the structural and functional aspects of these processes (the 'easy problems')...\""
          }
        ]
      }
    },
    {
      "question_id": "dialectical_content_narrow_wide_burge",
      "category": "dialectical",
      "question": "Compare narrow and wide content, and explain how Burge's arthritis\nthought experiment is supposed to show that mental content is partly\nconstituted by social and linguistic facts external to the individual.\n",
      "retrieved": [
        {
          "corpus_id": "sep",
          "title": "sep",
          "url": null,
          "score": 0.0,
          "snippet": "Burge utilizes the arthritis example to illustrate how an individual can possess a concept despite holding false beliefs about its specific application, such as locating it in non-joint areas. This...",
          "source": "raptor"
        },
        {
          "corpus_id": "sep",
          "title": "sep",
          "url": null,
          "score": 0.0,
          "snippet": "The passages explore the philosophical concept of narrow content, contrasting it with broad content through thought experiments like Putnam's Twin Earth and Fodor's mapping conception. Narrow content...",
          "source": "raptor"
        },
        {
          "corpus_id": "sep",
          "title": "sep",
          "url": null,
          "score": 0.0,
          "snippet": "The text argues that narrow mental content is determined solely by an individual's intrinsic properties, distinct from broad content which depends on external factors like the environment. Using...",
          "source": "raptor"
        },
        {
          "corpus_id": "sep",
          "title": "sep",
          "url": null,
          "score": 0.0,
          "snippet": "Content externalism posits that mental content depends on individuation factors outside the individual, a view historically contextualized by figures like Sartre and Wittgenstein but most famously...",
          "source": "raptor"
        },
        {
          "corpus_id": "sep",
          "title": "sep",
          "url": null,
          "score": 0.0,
          "snippet": "The passages examine the philosophical debate between narrow mental content, defined by intrinsic properties independent of environment, and broad externalist views advanced by Hilary Putnam and...",
          "source": "raptor"
        },
        {
          "corpus_id": "sep",
          "title": "sep",
          "url": null,
          "score": 0.0,
          "snippet": "The passages advance the claim that phenomenal intentionality is necessary to explain aspects of mental content, such as aspectual shapes and determinacy, which cannot be fully accounted for by...",
          "source": "raptor"
        },
        {
          "corpus_id": "sep",
          "title": "sep",
          "url": null,
          "score": 0.0,
          "snippet": "The text examines various philosophical arguments concerning narrow versus broad content, highlighting debates over causal explanation and the intrinsic nature of mental properties. It evaluates...",
          "source": "raptor"
        },
        {
          "corpus_id": "sep",
          "title": "sep",
          "url": null,
          "score": 0.0,
          "snippet": "The text examines the philosophical debate surrounding narrow mental content, which is defined as content independent of environmental factors, contrasting it with broad externalist views advanced by...",
          "source": "raptor"
        },
        {
          "corpus_id": "sep",
          "title": "content-narrow",
          "url": "https://plato.stanford.edu/entries/content-narrow/",
          "score": 0.0,
          "snippet": "[Atlas highlights]\nDefining anti-individualism (content-narrow): \"The idea that mental content is broad is the idea that it is not determined entirely by an individual’s intrinsic properties, but..."
        },
        {
          "corpus_id": "sep",
          "title": "content-teleological",
          "url": "https://plato.stanford.edu/entries/content-teleological/",
          "score": 0.0,
          "snippet": "[Atlas highlights]\n[teleological theories of mental content (content-teleological)]: \"Proponents... usually understand these functions to be what the items with the functions were selected..."
        },
        {
          "corpus_id": "sep",
          "title": "perception-contents",
          "url": "https://plato.stanford.edu/entries/perception-contents/",
          "score": 0.0,
          "snippet": "[Atlas highlights]\nDefining existentially quantified content (perception-contents): \"(3): Some philosophers argue against this proposal on the grounds that it is not adequate to the phenomenology of..."
        },
        {
          "corpus_id": "sep",
          "title": "computational-mind",
          "url": "https://plato.stanford.edu/entries/computational-mind/",
          "score": 0.0,
          "snippet": "[Atlas highlights]\nDefining Narrow Content (computational-mind): \"Narrow content is what remains of mental content when one factors out all external elements.\"\n\ncomputational-mind\n\nPutnam’s..."
        },
        {
          "corpus_id": "sep",
          "title": "content-narrow",
          "url": "https://plato.stanford.edu/entries/content-narrow/",
          "score": 0.0,
          "snippet": "[Atlas highlights]\nDefining narrow mental content (content-narrow): \"A narrow content of a particular state is a content of that state that is completely determined by the individual’s intrinsic..."
        },
        {
          "corpus_id": "sep",
          "title": "content-narrow",
          "url": "https://plato.stanford.edu/entries/content-narrow/",
          "score": 0.0,
          "snippet": "[Atlas highlights]\n[Tyler Burge (content-narrow)]: \"Against the argument that causal powers must be intrinsics because causation is local, Burge (1986, 1989) has argued that local causation is..."
        },
        {
          "corpus_id": "sep",
          "title": "content-externalism",
          "url": "https://plato.stanford.edu/entries/content-externalism/",
          "score": 0.0,
          "snippet": "[Atlas highlights]\n[Burge, Tyler (content-externalism)]: \"Burge (1979) believes that externalism refutes individualistic theorys of intentional mental states.\"\n\ncontent-externalism\n\nMental content is..."
        },
        {
          "corpus_id": "sep",
          "title": "functionalism",
          "url": "https://plato.stanford.edu/entries/functionalism/",
          "score": 0.0,
          "snippet": "[Atlas highlights]\n[Tyler Burge (functionalism)]: \"they mean different thingsby their terms and must be regarded ashaving different beliefs.\"\n\nfunctionalism\n\nThe same problem, moreover, appears to..."
        },
        {
          "corpus_id": "sep",
          "title": "consciousness-intentionality",
          "url": "https://plato.stanford.edu/entries/consciousness-intentionality/",
          "score": 0.0,
          "snippet": "[Atlas highlights]\n[Saul Kripke (consciousness-intentionality)]: \"the content of ones thought is also not determined individualistically. Rather it is necessarily bound up with ones causal relations..."
        },
        {
          "corpus_id": "sep",
          "title": "content-externalism",
          "url": "https://plato.stanford.edu/entries/content-externalism/",
          "score": 0.0,
          "snippet": "[Atlas highlights]\nArgument: Arthritis Argument (Burge) [from content-externalism]\n  P1. Larry believes he has arthritis in his thigh; this belief is false because arthritis affects joints only.\n ..."
        },
        {
          "corpus_id": "sep",
          "title": "mental-representation",
          "url": "https://plato.stanford.edu/entries/mental-representation/",
          "score": 0.0,
          "snippet": "mental-representation\n\nThis issue is widely taken to be of central importance, since psychological explanation, whether commonsense or scientific, is supposed to be both causal and content-based...."
        },
        {
          "corpus_id": "sep",
          "title": "content-teleological",
          "url": "https://plato.stanford.edu/entries/content-teleological/",
          "score": 0.0,
          "snippet": "content-teleological\n\nFurther, the proponents of teleological theories rarely believe that referential content is a kind of narrow content, and so they are not usually offering theories of narrow..."
        },
        {
          "corpus_id": "sep",
          "title": "self-knowledge-externalism",
          "url": "https://plato.stanford.edu/entries/self-knowledge-externalism/",
          "score": 0.0,
          "snippet": "self-knowledge-externalism\n\nNevertheless, it can be debated whether EXT entails the “shifty” theory of memory. When Burge first presented his Twin Earth experiment, he conceded that it does not..."
        },
        {
          "corpus_id": "sep",
          "title": "content-causal",
          "url": "https://plato.stanford.edu/entries/content-causal/",
          "score": 0.0,
          "snippet": "content-causal\n\nconsciousness: representational theories of |  externalism about the mind |  intentionality |  language of thought hypothesis |  meaning, theories of |  mental content: narrow | ..."
        },
        {
          "corpus_id": "sep",
          "title": "consciousness-intentionality",
          "url": "https://plato.stanford.edu/entries/consciousness-intentionality/",
          "score": 0.0,
          "snippet": "consciousness-intentionality\n\nReaction to the Fregean picture has determined the character of analytic discussions of intentionality or content in another major way. It may be granted that the..."
        },
        {
          "corpus_id": "sep",
          "title": "computational-mind",
          "url": "https://plato.stanford.edu/entries/computational-mind/",
          "score": 0.0,
          "snippet": "computational-mind\n\nBurge (2007, 2010a) defends externalism by analyzing current cognitive science. He argues that many branches of scientific psychology (especially perceptual psychology)..."
        },
        {
          "corpus_id": "sep",
          "title": "functionalism",
          "url": "https://plato.stanford.edu/entries/functionalism/",
          "score": 0.0,
          "snippet": "functionalism\n\nThe same problem, moreover, appears to arise for other sorts of belief as well. Tyler Burge (1979) presents cases in which it seems intuitive that a person, Oscar, and his functionally..."
        },
        {
          "corpus_id": "sep",
          "title": "meaning",
          "url": "https://plato.stanford.edu/entries/meaning/",
          "score": 0.0,
          "snippet": "meaning\n\nThe two sorts of mentalist theories sketched above both try to explain meaning in terms of the relationship between linguistic expressions and propositional attitudes of users of the..."
        },
        {
          "corpus_id": "sep",
          "title": "culture-cogsci",
          "url": "https://plato.stanford.edu/entries/culture-cogsci/",
          "score": 0.0,
          "snippet": "culture-cogsci\n\nThis core idea has been developed in several ways. Initial versions of externalism focused on semantics and mental content, holding that what some intentional mental states are about..."
        },
        {
          "corpus_id": "sep",
          "title": "perception-contents",
          "url": "https://plato.stanford.edu/entries/perception-contents/",
          "score": 0.0,
          "snippet": "perception-contents\n\nBoth kinds of theories are externalist: according to them, what makes it the case that a subject’s mental state has the content it does is in part facts about the subject’s..."
        },
        {
          "corpus_id": "sep",
          "title": "content-narrow",
          "url": "https://plato.stanford.edu/entries/content-narrow/",
          "score": 0.0,
          "snippet": "content-narrow\n\nThe idea that mental content is broad is the idea that it is not determined entirely by an individual’s intrinsic properties, but is determined in part by features of the..."
        },
        {
          "corpus_id": "sep",
          "title": "content-teleological",
          "url": "https://plato.stanford.edu/entries/content-teleological/",
          "score": 0.0,
          "snippet": "content-teleological\n\nConsider, for example, the thought that blossoms are forming. On a representational theory of thought, this involves a representation of blossoms forming. A theory of mental..."
        },
        {
          "corpus_id": "sep",
          "title": "content-teleological",
          "url": "https://plato.stanford.edu/entries/content-teleological/",
          "score": 0.0,
          "snippet": "content-teleological\n\nOne important aspect of mental representations that a theory of mental content needs to account for is their so-called “normative” nature. We may evaluate beliefs as true or..."
        },
        {
          "corpus_id": "sep",
          "title": "computational-mind",
          "url": "https://plato.stanford.edu/entries/computational-mind/",
          "score": 0.0,
          "snippet": "computational-mind\n\nCould a machine think? Could the mind itself be a thinking machine? The computer revolution transformed discussion of these questions, offering our best prospects yet for machines..."
        },
        {
          "corpus_id": "sep",
          "title": "computational-mind",
          "url": "https://plato.stanford.edu/entries/computational-mind/",
          "score": 0.0,
          "snippet": "computational-mind\n\nAnother problem for machine functionalism, also highlighted by Block and Fodor (1972), concerns the systematicity of thought. An ability to entertain one proposition is correlated..."
        },
        {
          "corpus_id": "sep",
          "title": "perception-contents",
          "url": "https://plato.stanford.edu/entries/perception-contents/",
          "score": 0.0,
          "snippet": "perception-contents\n\nBeliefs are often thought to be relations to contents, and contents of beliefs are often thought to be contents that one can stand in other relations toward, besides belief. Such..."
        },
        {
          "corpus_id": "sep",
          "title": "perception-contents",
          "url": "https://plato.stanford.edu/entries/perception-contents/",
          "score": 0.0,
          "snippet": "perception-contents\n\nThe first position is the view that experiences are raw feels, or sensory affectations of the subject, that do not purport to represent the world in any way at all. The..."
        }
      ],
      "source_score": {
        "matched": [
          "content-narrow",
          "content-externalism"
        ],
        "missing": [
          "intentionality"
        ],
        "total_expected": 3,
        "ratio": 0.6666667
      },
      "fact_score": {
        "matched": [
          "narrow content",
          "wide content",
          "Burge",
          "arthritis",
          "content externalism",
          "twin earth"
        ],
        "missing": [
          "individualism"
        ],
        "total_expected": 7,
        "ratio": 0.85714287
      },
      "embed_ms": 0,
      "search_ms": 0,
      "corpora_hit": [
        "sep"
      ],
      "vector_eligible": true,
      "synth": {
        "answer": "**Narrow vs. Wide Content: The Distinction and Burge’s Arthritis Argument**\n\nThe distinction between narrow and wide (or broad) content is central to the debate over whether mental states are determined entirely by what happens \"inside the head\" or if they depend on external factors like the physical environment and social community. Tyler Burge’s arthritis thought experiment is a primary argument for **content externalism**, demonstrating that even when an individual lacks specific knowledge about their own concepts, those concepts—and thus their mental contents—are partly constituted by facts outside of them.\n\n### 1. Narrow Content\n**Narrow content** is defined as the component of a mental state's content that is completely determined by the individual’s intrinsic properties [Source: content-narrow]. It represents what remains of mental content once all external elements—such as environmental features, causal relations to substances, or linguistic practices—are factored out [Source: computational-mind; Source: mental-representation]. \n\nProponents of narrow content often argue from introspection and cognitive science. For instance, because two physically identical individuals (like Oscar on Earth and his duplicate Twin Oscar) would have indistinguishable internal experiences, they must share some common psychological content [Source: content-teleological; Source: self-knowledge-externalism]. Narrow content attempts to capture this shared \"internal\" aspect that allows for the same functional role or cognitive processing regardless of what is actually in the world outside the individual's skin [Source: content-narrow; Source: sep].\n\n### 2. Wide (Broad) Content\n**Wide content**, by contrast, is not determined entirely by an individual’s intrinsic properties but is instead determined in part by features of their environment [Source: content-narrow]. This includes both physical factors (like the chemical composition of water on Twin Earth) and social/linguistic factors (like how a community uses specific terms). \n\nAccording to wide content theories, mental states are individuated externally. If two individuals have identical internal brain states but belong to different linguistic communities or environments, they can be attributed with *different* beliefs because the meanings of the words they use—and thus what those words refer to—differ based on external usage [Source: functionalism; Source: consciousness-intentionality].\n\n### 3. Burge’s Arthritis Thought Experiment\nTyler Burge’s arthritis argument is designed to show that **mental content depends on community usage and social environment**, not just intrinsic properties [Source: content-narrow]. The thought experiment proceeds as follows:\n\n1.  **The Subject:** Consider a subject (often named Larry) who believes he has \"arthritis\" in his thigh. \n2.  **The Error:** In reality, medical experts define arthritis strictly as an inflammatory disease of the joints; therefore, it is impossible for one to have arthritis in the thigh. Consequently, the subject's belief is false [Source: content-externalism; Source: consciousness-intentionality].\n3.  **The Counterfactual Scenario:** Imagine a counterfactual world where all the *intrinsic* facts about this person are exactly identical to our own—his brain state and physical sensations are unchanged—but the linguistic community uses the term 'arthritis' differently. Specifically, suppose that in this other community, 'arthritis' denotes rheumatoid ailments generally (including those in the thigh) rather than just joint inflammation [Source: content-narrow; Source: functionalism].\n4.  **The Resulting Content Difference:** In this counterfactual scenario, because of the shift in social/linguistic usage, the subject’s belief would be considered *true*. He would genuinely have a rheumatoid ailment in his thigh. \n\n**Conclusion:** Because the truth conditions of the belief change solely due to external factors (the definition used by the linguistic community), Burge concludes that the mental state itself is different. The individual cannot possess the concept \"arthritis\" and hold a false belief about it without relying on an external standard provided by experts [Source: content-narrow; Source: sep].\n\n### How This Shows Social Constitution\nBurge's argument demonstrates that mental content is partly constituted by **social and linguistic facts** through two main mechanisms:\n\n*   **Semantic Deference:** Individuals often lack full expertise regarding their own concepts (e.g., they do not know arthritis only affects joints). They rely on a \"division of labor\" where meaning is fixed by the practices of the community or its designated experts, rather than by the speaker’s internal grasp alone [Source: content-narrow; Source: sep]. \n*   **External Individuation:** Since the subject in our world has a *false* belief while his intrinsic duplicate in the counterfactual world has a *true* belief about what feels exactly the same to him, we must conclude that their beliefs are different. Therefore, intentional states cannot be individuated solely by neurophysiology or internal psychology; they require reference to external linguistic norms [Source: functionalism; Source: consciousness-intentionality].\n\nIn short, Burge argues against individualistic theories of mind by showing that even if you stay \"qualitatively the same\" internally, your thoughts change meaning—and thus become true rather than false—simply because the social environment around you changes its definitions [Source: content-externalism; Source: consciousness-intentionality].",
        "reasoning_chars": 0,
        "stream_wall_ms": 74679,
        "total_latency_ms": 70380,
        "intent": "DeepQuery",
        "source_origins": [
          "sep"
        ],
        "retrieved_chunk_count": 35,
        "chunks_fact_score": {
          "matched": [
            "narrow content",
            "wide content",
            "Burge",
            "arthritis",
            "content externalism",
            "twin earth",
            "individualism"
          ],
          "missing": [],
          "total_expected": 7,
          "ratio": 1.0
        },
        "judge_fact_score": {
          "matched": [
            "narrow content",
            "wide content",
            "Burge",
            "arthritis",
            "content externalism"
          ],
          "missing": [
            "twin earth",
            "individualism"
          ],
          "total_expected": 7,
          "ratio": 0.71428573
        },
        "judge_evidence": [
          {
            "fact": "narrow content",
            "present": true,
            "evidence": "**Narrow content** is defined as the component of a mental state's content that is completely determined by the individual's intrinsic properties"
          },
          {
            "fact": "wide content",
            "present": true,
            "evidence": "**Wide (Broad) Content**\n\nAccording to wide content theories, mental states are individuated externally."
          },
          {
            "fact": "Burge",
            "present": true,
            "evidence": "\"Tyler Burge's arthritis thought experiment is a primary argument for content externalism...\""
          },
          {
            "fact": "arthritis",
            "present": true,
            "evidence": "\"Tyler Burge's arthritis thought experiment is a primary argument for content externalism...\""
          },
          {
            "fact": "content externalism",
            "present": true,
            "evidence": "\"Tyler Burge's arthritis thought experiment is a primary argument for content externalism, demonstrating that even when an individual lacks specific knowledge about their own concepts, those concepts—and thus their mental contents—are partly constituted by facts outside of them.\""
          },
          {
            "fact": "twin earth",
            "present": false,
            "evidence": "(absent)"
          },
          {
            "fact": "individualism",
            "present": false,
            "evidence": "(absent)"
          }
        ]
      }
    },
    {
      "question_id": "contested_trolley_doctrine_double_effect",
      "category": "contested",
      "question": "What are the main positions on whether the doctrine of double effect can\njustify the asymmetry between the trolley and footbridge cases?\n",
      "retrieved": [
        {
          "corpus_id": "sep",
          "title": "double-effect",
          "url": "https://plato.stanford.edu/entries/double-effect/",
          "score": 0.0,
          "snippet": "double-effect\n\nIf we are more inclined to call a harmful result a merely foreseen side effect when we believe that it is permissibly brought about, and if we are more inclined to describe a harmful..."
        },
        {
          "corpus_id": "sep",
          "title": "double-effect",
          "url": "https://plato.stanford.edu/entries/double-effect/",
          "score": 0.0,
          "snippet": "[Atlas highlights]\n[double-effect — contested]: \"Some critics... have maintained that when double effect has been invoked, substantive independent justifications... are in fact, doing all of the..."
        },
        {
          "corpus_id": "sep",
          "title": "intuitionism-ethics",
          "url": "https://plato.stanford.edu/entries/intuitionism-ethics/",
          "score": 0.0,
          "snippet": "intuitionism-ethics\n\nPeople tend to say that they should pull the lever in Switch, but that they ought not to push the man off the bridge in Bridge. Bridge looks similar to Switch in that you would..."
        },
        {
          "corpus_id": "sep",
          "title": "doing-allowing",
          "url": "https://plato.stanford.edu/entries/doing-allowing/",
          "score": 0.0,
          "snippet": "doing-allowing\n\nAt this point, it is worth discussing the relationship between the doing/allowing distinction and the famous Trolley Problem. The Trolley Problem dates back to Philippa Foot’s..."
        },
        {
          "corpus_id": "sep",
          "title": "morality-biology",
          "url": "https://plato.stanford.edu/entries/morality-biology/",
          "score": 0.0,
          "snippet": "morality-biology\n\nMost people respond to these cases by saying that Trolley is permissible while Bridge is not. But what explains this difference in moral response? Many philosophers have argued for..."
        },
        {
          "corpus_id": "sep",
          "title": "philippa-foot",
          "url": "https://plato.stanford.edu/entries/philippa-foot/",
          "score": 0.0,
          "snippet": "philippa-foot\n\nIn “The Problem of Abortion and the Doctrine of Double Effect”, (1967) Foot raises a related case that has been the subject of much subsequent discussion: a runaway trolley is..."
        },
        {
          "corpus_id": "sep",
          "title": "contractualism",
          "url": "https://plato.stanford.edu/entries/contractualism/",
          "score": 0.0,
          "snippet": "contractualism\n\nMost people agree that switching the trolley is permissible in Loop even though “one switches the trolley only because it will, by hitting the one person, be prevented from hitting..."
        },
        {
          "corpus_id": "sep",
          "title": "intuitionism-ethics",
          "url": "https://plato.stanford.edu/entries/intuitionism-ethics/",
          "score": 0.0,
          "snippet": "intuitionism-ethics\n\nSwitch seems to be a case where the bad outcome is foreseen, but not intended. Bridge seems to be a case where the bad outcome is intended as a means of saving the five. So one..."
        },
        {
          "corpus_id": "sep",
          "title": "ethics-deontological",
          "url": "https://plato.stanford.edu/entries/ethics-deontological/",
          "score": 0.0,
          "snippet": "ethics-deontological\n\nDeontologists of this stripe are committed to something like the doctrine of double effect, a long-established doctrine of Catholic theology (Woodward 2001). The Doctrine in its..."
        },
        {
          "corpus_id": "sep",
          "title": "euthanasia-voluntary",
          "url": "https://plato.stanford.edu/entries/euthanasia-voluntary/",
          "score": 0.0,
          "snippet": "euthanasia-voluntary\n\nOn the most plausible reading, the doctrine of double effect can be relevant to the permissibility of voluntary euthanasia only when a person’s death is bad for her or, to put..."
        },
        {
          "corpus_id": "sep",
          "title": "ethics-ai",
          "url": "https://plato.stanford.edu/entries/ethics-ai/",
          "score": 0.0,
          "snippet": "ethics-ai\n\nThere is some discussion of “trolley problems” in this context. In the classic “trolley problems” (Thomson 1976; Woollard and Howard-Snyder 2016: section 2) various dilemmas are..."
        },
        {
          "corpus_id": "sep",
          "title": "anscombe",
          "url": "https://plato.stanford.edu/entries/anscombe/",
          "score": 0.0,
          "snippet": "anscombe\n\nA philosophical understanding of intention (and thus not just Catholic doctrine) is needed to show that killing innocent people as a means to ending a war (or whatever) just is..."
        },
        {
          "corpus_id": "sep",
          "title": "nonidentity-problem",
          "url": "https://plato.stanford.edu/entries/nonidentity-problem/",
          "score": 0.0,
          "snippet": "nonidentity-problem\n\nThe conceptual concerns arise when attempts are made to explain the Asymmetry by reference to principles that assign a special moral status to actual people (or people who will..."
        },
        {
          "corpus_id": "sep",
          "title": "embodied-cognition",
          "url": "https://plato.stanford.edu/entries/embodied-cognition/",
          "score": 0.0,
          "snippet": "embodied-cognition\n\nDual process theories of moral psychology reject the moral sentimentalism claim that all moral judgments are made in the same way.  Dual process theories maintain that we have two..."
        },
        {
          "corpus_id": "sep",
          "title": "self-defense",
          "url": "https://plato.stanford.edu/entries/self-defense/",
          "score": 0.0,
          "snippet": "self-defense\n\nTrolley: A runaway trolley is lethally heading towards five innocent people. A bystander, Engineer, can divert the trolley away from the five down a side-track. The diverted trolley..."
        },
        {
          "corpus_id": "sep",
          "title": "causation-physics",
          "url": "https://plato.stanford.edu/entries/causation-physics/",
          "score": 0.0,
          "snippet": "causation-physics\n\nDavid Lewis proposes an answer to this concern, arguing that the time-asymmetry of counterfactuals is secured by an asymmetric overdetermination of the present by the future (Lewis..."
        },
        {
          "corpus_id": "sep",
          "title": "decision-causal",
          "url": "https://plato.stanford.edu/entries/decision-causal/",
          "score": 0.0,
          "snippet": "decision-causal\n\nMost texts on decision theory are consistent with causal decision theory. Many do not treat the special cases, such as Newcomb’s problem, that motivate a distinction between causal..."
        },
        {
          "corpus_id": "sep",
          "title": "vegetarianism",
          "url": "https://plato.stanford.edu/entries/vegetarianism/",
          "score": 0.0,
          "snippet": "vegetarianism\n\nIf buying wrongfully-produced meat is wrong because it produces more wrongfully-produced meat, is it wrong to pay rent in the rent case? Is it wrong to buy a vegetarian meal at a..."
        },
        {
          "corpus_id": "sep",
          "title": "religion-politics",
          "url": "https://plato.stanford.edu/entries/religion-politics/",
          "score": 0.0,
          "snippet": "religion-politics\n\nThe standard view among political theorists, such as Robert Audi, Jürgen Habermas, Charles Larmore, Steven Macedo, Martha Nussbaum, and John Rawls is that religious reasons can..."
        },
        {
          "corpus_id": "sep",
          "title": "doing-allowing",
          "url": "https://plato.stanford.edu/entries/doing-allowing/",
          "score": 0.0,
          "snippet": "[Atlas highlights]\n[Judith Jarvis Thomson (doing-allowing)]: \"If so, she argues, we are not entitled to turn the trolley onto a stranger. Doing so would be like stealing someone’s wallet to give to..."
        },
        {
          "corpus_id": "sep",
          "title": "double-effect",
          "url": "https://plato.stanford.edu/entries/double-effect/",
          "score": 0.0,
          "snippet": "double-effect\n\nDouble effect might also be part of a secular and non-absolutist view according to which a justification adequate for causing a certain harm as a side effect might not be adequate for..."
        },
        {
          "corpus_id": "sep",
          "title": "double-effect",
          "url": "https://plato.stanford.edu/entries/double-effect/",
          "score": 0.0,
          "snippet": "double-effect\n\nNevertheless, many criticisms of the principle of double effect do not proceed from consequentialist assumptions or skepticism about the distinction between intended and merely..."
        },
        {
          "corpus_id": "sep",
          "title": "intuitionism-ethics",
          "url": "https://plato.stanford.edu/entries/intuitionism-ethics/",
          "score": 0.0,
          "snippet": "intuitionism-ethics\n\nEmpirical psychology has recently cast doubt on the reliability of at least some of our moral intuitions. Since a self-evident proposition is one of which a clear intuition..."
        },
        {
          "corpus_id": "sep",
          "title": "intuitionism-ethics",
          "url": "https://plato.stanford.edu/entries/intuitionism-ethics/",
          "score": 0.0,
          "snippet": "intuitionism-ethics\n\nLike other epistemic foundationalists, Price insists that all reasoning and knowledge must ultimately rest on propositions that are not inferred from other premises. For ethical..."
        },
        {
          "corpus_id": "sep",
          "title": "doing-allowing",
          "url": "https://plato.stanford.edu/entries/doing-allowing/",
          "score": 0.0,
          "snippet": "doing-allowing\n\n(iv) Finally, the distinction between doing and allowing harm is sometimes thought to have, as part of its conceptual content, a moral element. This thought is rarely made explicit,..."
        },
        {
          "corpus_id": "sep",
          "title": "doing-allowing",
          "url": "https://plato.stanford.edu/entries/doing-allowing/",
          "score": 0.0,
          "snippet": "doing-allowing\n\n22 years after putting forward the bystander version of the trolley case, Thomson (2008) changed her mind and argued that the consensus that it is permissible for the bystander to..."
        },
        {
          "corpus_id": "sep",
          "title": "philippa-foot",
          "url": "https://plato.stanford.edu/entries/philippa-foot/",
          "score": 0.0,
          "snippet": "philippa-foot\n\nOn Foot’s view, we are generally not permitted to do something to someone that would interfere with someone’s negative rights, for example, we may not steal someone’s property;..."
        },
        {
          "corpus_id": "sep",
          "title": "philippa-foot",
          "url": "https://plato.stanford.edu/entries/philippa-foot/",
          "score": 0.0,
          "snippet": "philippa-foot\n\nThe term ‘hypothetical imperative’ comes from Immanuel Kant’s moral philosophy, in which it is contrasted with the ‘categorical imperative’. A hypothetical imperative is a..."
        },
        {
          "corpus_id": "sep",
          "title": "philippa-foot",
          "url": "https://plato.stanford.edu/entries/philippa-foot/",
          "score": 0.0,
          "snippet": "philippa-foot\n\nConsider a pair of scenarios called Rescue I and Rescue II (1984 [MD 80]). In both cases, we are driving a jeep along a sea shore and have the chance to save various configurations of..."
        }
      ],
      "source_score": {
        "matched": [
          "double-effect",
          "doing-allowing",
          "philippa-foot",
          "ethics-deontological"
        ],
        "missing": [
          "consequentialism"
        ],
        "total_expected": 5,
        "ratio": 0.8
      },
      "fact_score": {
        "matched": [
          "doctrine of double effect",
          "trolley problem",
          "footbridge",
          "intended versus foreseen",
          "Foot",
          "Thomson",
          "deontological"
        ],
        "missing": [],
        "total_expected": 7,
        "ratio": 1.0
      },
      "embed_ms": 0,
      "search_ms": 0,
      "corpora_hit": [
        "sep"
      ],
      "vector_eligible": true,
      "synth": {
        "answer": "The doctrine of double effect (DDE) is frequently invoked to explain the intuitive asymmetry between the \"Trolley\" case (permissible to divert a trolley onto one track, killing one person, to save five) and the \"Footbridge\" case (impermissible to push a large man off a bridge to stop the trolley). However, whether DDE can successfully justify this asymmetry is heavily contested.\n\n**Arguments for Justification via Intention vs. Foresight**\nProponents argue that the two cases differ in how the harm relates to the agent’s intention:\n*   **Means vs. Side Effect:** In *Switch*, the death of the one is merely foreseen as a side effect; it is not intended as a means to saving the five [Source: intuitionism-ethics]. In *Bridge*, pushing the man makes his death an intentional part of the plan (a means) because he must be used to derail the train [Source: intuitionism-ethics]. DDE holds that causing harm as a mere side effect can be permissible, whereas intending harm as a means is forbidden [Source: morality-biology], [Source: ethics-deontological].\n*   **Direct vs. Indirect Agency:** Warren Quinn recasts this distinction in terms of agency rather than intention alone. He argues that moral significance lies in \"direct\" versus \"indirect\" harmful agency. Direct agency involves deliberately involving victims in something precisely by way of their being so involved (as intended objects). In *Bridge*, the man is directly harmed; in *Trolley*, he is indirectly affected [Source: double-effect].\n\n**Arguments Against Justification via DDE**\nCritics argue that DDE fails to adequately explain or justify our intuitions, often because it relies on unstable distinctions or ignores independent moral considerations:\n*   **The Loop Variant Problem:** A variant called \"Loop Switch\" places a large man on a spur track where his body stops the trolley before it loops back and kills the five. Here, pulling the lever uses the man as a means (just like pushing him off the bridge), yet most people still judge switching the trolley permissible while judging pushing impermissible. This suggests that intention/means-foreseen cannot fully account for the asymmetry [Source: intuitionism-ethics]. Furthermore, in *Loop*, Scanlon notes that we switch precisely to hit one person to prevent hitting five; this clearly violates DDE's prohibition against intending harm as a means, yet is widely considered permissible [Source: contractualism].\n*   **Independent Justifications:** Critics such as Davis (1984) and McIntyre (2001) argue that when DDE appears to justify an action, it is actually relying on \"substantive independent justifications\" rather than the distinction between intended and foreseen consequences. The moral weight comes from these underlying considerations, not the structural features of intention [Source: double-effect]. Samuel Rickless adds that while direct agency requires stronger justification than indirect agency, the asymmetry itself may be better explained by other factors [Source: double-effect].\n*   **The Knobe Effect / Normative Bias:** Empirical research suggests our classification of acts as \"intended means\" or \"foreseen side effects\" is biased by normative judgments (the Knobe Effect). If we believe a result is permissible, we are more likely to call it a mere side effect; if impermissible, an intended means. This implies DDE cannot serve as an evaluatively neutral basis for moral judgment because the distinction between means and side effects is already influenced by independent moral considerations [Source: double-effect].\n\n**Alternative Explanations for the Asymmetry**\nBecause DDE faces these challenges, other frameworks have been proposed to explain the asymmetry without relying on intention/means distinctions:\n*   **Doing vs. Allowing:** Philippa Foot initially suggested that *Trolley* involves allowing harm (letting five die) while diverting causes less interference than actively killing one in cases like framing an innocent man (*Switch*). However, Judith Jarvis Thomson modified the case so a bystander pulls the lever, making it clearly \"doing\" rather than \"allowing,\" yet still permissible. This undermines the doing/allowing distinction as the sole explanation [Source: doing-allowing]. Foot later argued for a rights-based view where negative rights (non-interference) are stronger than positive rights; *Bridge* violates a negative right to save others with positive claims, whereas *Trolley* pits two negative rights against each other [Source: philippa-foot].\n*   **Dual Process Theory:** Greene and others argue that *Bridge* triggers an emotional response (\"up close and personal\") activating social/emotional brain regions (amygdala), while *Switch* relies on abstract deliberation in higher cognitive areas. The asymmetry is psychological rather than doctrinal [Source: morality-biology], [Source: embodied-cognition].\n\nI don't have reliable information on whether there are specific recent empirical studies post-2016 testing DDE's application specifically to the Loop variant using new neuroimaging data; would you like me to search for more current literature?\n\n---\n*Verification note: these statements could not be confirmed against your sources — treat them as unverified:*\n- In the Loop Switch variant, pulling the lever uses a large man as a means to stop the trolley.",
        "reasoning_chars": 0,
        "stream_wall_ms": 65390,
        "total_latency_ms": 60555,
        "intent": "DeepQuery",
        "source_origins": [
          "sep"
        ],
        "retrieved_chunk_count": 29,
        "chunks_fact_score": {
          "matched": [
            "doctrine of double effect",
            "trolley problem",
            "Foot",
            "Thomson",
            "deontological"
          ],
          "missing": [
            "footbridge",
            "intended versus foreseen"
          ],
          "total_expected": 7,
          "ratio": 0.71428573
        },
        "judge_fact_score": {
          "matched": [
            "doctrine of double effect",
            "trolley problem",
            "footbridge",
            "intended versus foreseen",
            "Foot",
            "deontological"
          ],
          "missing": [
            "Thomson"
          ],
          "total_expected": 7,
          "ratio": 0.85714287
        },
        "judge_evidence": [
          {
            "fact": "doctrine of double effect",
            "present": true,
            "evidence": "\"The doctrine of double effect (DDE) is frequently invoked to explain the intuitive asymmetry...\""
          },
          {
            "fact": "trolley problem",
            "present": true,
            "evidence": "\"The doctrine of double effect (DDE) is frequently invoked to explain the intuitive asymmetry between the 'Trolley' case... and the 'Footbridge' case\""
          },
          {
            "fact": "footbridge",
            "present": true,
            "evidence": "\"Footbridge\" case (impermissible to push a large man off a bridge...)"
          },
          {
            "fact": "intended versus foreseen",
            "present": true,
            "evidence": "\"Proponents argue that the two cases differ in how the harm relates to the agent's intention... In Switch, the death of the one is merely foreseen as a side effect; it is not intended as a means\""
          },
          {
            "fact": "Foot",
            "present": true,
            "evidence": "\"Philippa Foot initially suggested that *Trolley* involves allowing harm...\""
          },
          {
            "fact": "Thomson",
            "present": false,
            "evidence": "(absent)"
          },
          {
            "fact": "deontological",
            "present": true,
            "evidence": "[Source: ethics-deontological]"
          }
        ]
      }
    },
    {
      "question_id": "position_summary_virtue_ethics_function",
      "category": "position_summary",
      "question": "Reconstruct Aristotle's function argument for virtue ethics in\nNicomachean Ethics I, and explain MacIntyre's communitarian update of it\nin After Virtue.\n",
      "retrieved": [
        {
          "corpus_id": "sep",
          "title": "sep",
          "url": null,
          "score": 0.0,
          "snippet": "The author argues that Aristotelian virtue ethics faces serious empirical criticism because it presupposes the existence of global character traits that are widely held, a claim contradicted by...",
          "source": "raptor"
        },
        {
          "corpus_id": "sep",
          "title": "sep",
          "url": null,
          "score": 0.0,
          "snippet": "Lorenzo Valla advances a critique of Aristotelian-scholastic philosophy by reducing its complex categories to substance, quality, and action while rejecting syllogistic logic in favor of oratorical...",
          "source": "raptor"
        },
        {
          "corpus_id": "sep",
          "title": "sep",
          "url": null,
          "score": 0.0,
          "snippet": "Aristotle distinguishes between intellectual and ethical virtues, defining the latter as a golden mean determined by practical reason rather than rigid rules. He argues that while ethics lacks...",
          "source": "raptor"
        },
        {
          "corpus_id": "sep",
          "title": "sep",
          "url": null,
          "score": 0.0,
          "snippet": "The text contrasts neo-Aristotelian virtue ethics, which grounds moral goodness in human virtues and functional kinds, with Judith Jarvis Thomson's account that defines goodness relative to specific...",
          "source": "raptor"
        },
        {
          "corpus_id": "sep",
          "title": "sep",
          "url": null,
          "score": 0.0,
          "snippet": "The text contrasts neo-Aristotelian virtue ethics, which grounds moral goodness in human virtues and functional kinds, with Judith Jarvis Thomson's account that defines goodness relative to specific...",
          "source": "raptor"
        },
        {
          "corpus_id": "sep",
          "title": "sep",
          "url": null,
          "score": 0.0,
          "snippet": "Aristotle posits that the highest human good is eudaimonia, achieved primarily through philosophical contemplation rather than political activity or mere ethical living. He supports this by...",
          "source": "raptor"
        },
        {
          "corpus_id": "sep",
          "title": "sep",
          "url": null,
          "score": 0.0,
          "snippet": "Olivi challenges traditional Aristotelian and Thomistic views by arguing that virtues are distinct rather than unified, allowing for the possession of specific moral traits without others. He further...",
          "source": "raptor"
        },
        {
          "corpus_id": "sep",
          "title": "sep",
          "url": null,
          "score": 0.0,
          "snippet": "Augustine adapts ancient eudaimonism by subordinating virtue and happiness to God's prevenient grace, defining the supreme good as loving and knowing God. He grounds ethics in intentional love,...",
          "source": "raptor"
        },
        {
          "corpus_id": "sep",
          "title": "aristotle",
          "url": "https://plato.stanford.edu/entries/aristotle/",
          "score": 0.0,
          "snippet": "[Atlas highlights]\nArgument: Argument for Mixed Constitution via Democracy [from aristotle]\n  P1. Humans have deep acquisitional propensities that make pure aristocracy difficult to sustain.\n  P2...."
        },
        {
          "corpus_id": "sep",
          "title": "aristotle",
          "url": "https://plato.stanford.edu/entries/aristotle/",
          "score": 0.0,
          "snippet": "[Atlas highlights]\nArgument: Undistributed Middle Counterexample [from aristotle]\n  P1. All As are Bs.\n  P2. Some Bs are Cs.\n  C. So, all As are Cs (invalid inference).\n\n[Aristotle (aristotle)]: \"a..."
        },
        {
          "corpus_id": "sep",
          "title": "aristotle",
          "url": "https://plato.stanford.edu/entries/aristotle/",
          "score": 0.0,
          "snippet": "[Atlas highlights]\n[Aristotle (aristotle)]: \"Further, the end (telos) is spoken of as a cause. This is that for the sake of...\"\nArgument: Argument from Explanatory Adequacy [from aristotle]\n  P1. We..."
        },
        {
          "corpus_id": "sep",
          "title": "aristotle-ethics",
          "url": "https://plato.stanford.edu/entries/aristotle-ethics/",
          "score": 0.0,
          "snippet": "aristotle-ethics\n\nThough the general point of view expressed in each work is the same, there are many subtle differences in organization and content as well. Clearly, one is a re-working of the..."
        },
        {
          "corpus_id": "sep",
          "title": "ethics-virtue",
          "url": "https://plato.stanford.edu/entries/ethics-virtue/",
          "score": 0.0,
          "snippet": "ethics-virtue\n\nWhether virtue ethics can be expected to grow into “virtue politics”—i.e. to extend from moral philosophy into political philosophy—is not so clear. Gisela Striker (2006) has..."
        },
        {
          "corpus_id": "sep",
          "title": "ethics-ancient",
          "url": "https://plato.stanford.edu/entries/ethics-ancient/",
          "score": 0.0,
          "snippet": "ethics-ancient\n\nLike Plato, Aristotle is a eudaimonist in that he argues that virtue (including in some way the moral virtues of courage, justice and the rest) is the dominant and most important..."
        },
        {
          "corpus_id": "sep",
          "title": "aristotle-rhetoric",
          "url": "https://plato.stanford.edu/entries/aristotle-rhetoric/",
          "score": 0.0,
          "snippet": "aristotle-rhetoric\n\nAristotle |  Aristotle, General Topics: aesthetics |  Aristotle, General Topics: logic |  Cicero |  Plato: rhetoric and poetry"
        },
        {
          "corpus_id": "sep",
          "title": "aristotle-natphil",
          "url": "https://plato.stanford.edu/entries/aristotle-natphil/",
          "score": 0.0,
          "snippet": "aristotle-natphil\n\nAristotle, General Topics: biology |  Aristotle, General Topics: logic |  Aristotle, General Topics: metaphysics |  Aristotle, General Topics: psychology |  Aristotle, Special..."
        },
        {
          "corpus_id": "sep",
          "title": "justice-virtue",
          "url": "https://plato.stanford.edu/entries/justice-virtue/",
          "score": 0.0,
          "snippet": "justice-virtue\n\nAristotle does not see the virtue of justice in quite the comprehensive sense Plato does; he treats it as a virtue of character (in the entirety of one of the ten books of the..."
        },
        {
          "corpus_id": "sep",
          "title": "african-ethics",
          "url": "https://plato.stanford.edu/entries/african-ethics/",
          "score": 0.0,
          "snippet": "african-ethics\n\nI take note of a view expressed by some philosophers on Aristotle's ethics: Bertrand Russell observed that “Aristotle's opinions on moral questions are always such as were..."
        },
        {
          "corpus_id": "sep",
          "title": "practical-reason-med",
          "url": "https://plato.stanford.edu/entries/practical-reason-med/",
          "score": 0.0,
          "snippet": "practical-reason-med\n\nThe earliest medieval commentators on the Nicomachean Ethics analyzed only the first three books of the work for reasons yet unexplained (Celano, 2022). The medieval authors of..."
        },
        {
          "corpus_id": "sep",
          "title": "well-being",
          "url": "https://plato.stanford.edu/entries/well-being/",
          "score": 0.0,
          "snippet": "well-being\n\nHis primary argument is the notorious and perfectionist ‘function argument’, according to which the good for some being is to be identified through attention to its ‘function’ or..."
        },
        {
          "corpus_id": "sep",
          "title": "ethics-business",
          "url": "https://plato.stanford.edu/entries/ethics-business/",
          "score": 0.0,
          "snippet": "ethics-business\n\nOne influential approach to business ethics draws on virtue ethics. Moore (2017) develops and applies MacIntyre’s (1984) virtue ethics to business. For MacIntyre, there are goods..."
        },
        {
          "corpus_id": "sep",
          "title": "aristotle-aesthetics",
          "url": "https://plato.stanford.edu/entries/aristotle-aesthetics/",
          "score": 0.0,
          "snippet": "aristotle-aesthetics\n\nIn the case of tragedy, Aristotle’s aim is to reconstruct for his readers what the art of poetic composition should be, in order to enable them to distinguish a good tragedy..."
        },
        {
          "corpus_id": "sep",
          "title": "moral-psych-emp",
          "url": "https://plato.stanford.edu/entries/moral-psych-emp/",
          "score": 0.0,
          "snippet": "moral-psych-emp\n\nOne way of defusing empirically motivated skepticism—dubbed by Alfano (2013) “the dodge”—is simply to deny that virtue ethics makes empirical claims. On this understanding,..."
        },
        {
          "corpus_id": "sep",
          "title": "aristotle-politics",
          "url": "https://plato.stanford.edu/entries/aristotle-politics/",
          "score": 0.0,
          "snippet": "aristotle-politics\n\nIn the Nicomachean Ethics Aristotle describes his subject matter as ‘political science’, which he characterizes as the most authoritative science. It prescribes which sciences..."
        },
        {
          "corpus_id": "sep",
          "title": "moral-character",
          "url": "https://plato.stanford.edu/entries/moral-character/",
          "score": 0.0,
          "snippet": "moral-character\n\nAristotle defines virtuous character in Nicomachean Ethics II.6:"
        },
        {
          "corpus_id": "sep",
          "title": "alexander-aphrodisias",
          "url": "https://plato.stanford.edu/entries/alexander-aphrodisias/",
          "score": 0.0,
          "snippet": "alexander-aphrodisias\n\nSince Alexander did not write a commentary on Aristotle’s ethics, his Ethical Problems, despite their somewhat disorganized state, are of considerable interest (cf. Madigan..."
        },
        {
          "corpus_id": "sep",
          "title": "albert-great",
          "url": "https://plato.stanford.edu/entries/albert-great/",
          "score": 0.0,
          "snippet": "albert-great\n\nAlbert’s concern with ethics as such is found in his two commentaries on Aristotle’s Nicomachean Ethics. The prologues to both these works reveal Albert’s original thoughts on..."
        },
        {
          "corpus_id": "sep",
          "title": "aristotle-ethics",
          "url": "https://plato.stanford.edu/entries/aristotle-ethics/",
          "score": 0.0,
          "snippet": "aristotle-ethics\n\nBielskis 2020; Broadie 2006; Chappell (ed.) 2006; Garver 2006; Gill (ed.) 2005; Kraut 2018; LeBar 2013; MacIntyre 1999; Peters 2014; Russell 2012b; Stohr 2003, 2009; Wiggins 2009."
        },
        {
          "corpus_id": "sep",
          "title": "aristotle",
          "url": "https://plato.stanford.edu/entries/aristotle/",
          "score": 0.0,
          "snippet": "aristotle\n\nDuring this period, Aristotle’s wife, Pythias, died and he developed a new relationship with Herpyllis, perhaps like him a native of Stagira, though her origins are disputed, as is the..."
        },
        {
          "corpus_id": "sep",
          "title": "ethics-ancient",
          "url": "https://plato.stanford.edu/entries/ethics-ancient/",
          "score": 0.0,
          "snippet": "ethics-ancient\n\nThis approach to the virtues by way of moral psychology, in fact, proves to be remarkably durable in ancient moral theory. In one way or another, the various schools attempt to..."
        },
        {
          "corpus_id": "sep",
          "title": "ethics-ancient",
          "url": "https://plato.stanford.edu/entries/ethics-ancient/",
          "score": 0.0,
          "snippet": "ethics-ancient\n\nAt this point another argument for the link between happiness and virtue – one more dispersed in the text of the Nicomachean Ethics – becomes relevant; it is based on value terms..."
        },
        {
          "corpus_id": "sep",
          "title": "ethics-ancient",
          "url": "https://plato.stanford.edu/entries/ethics-ancient/",
          "score": 0.0,
          "snippet": "ethics-ancient\n\nHuman excellence can be conceived in ways that do not include the moral virtues. For instance, someone thought of as excellent for benefiting friends and harming enemies can be cruel,..."
        },
        {
          "corpus_id": "sep",
          "title": "aristotle-ethics",
          "url": "https://plato.stanford.edu/entries/aristotle-ethics/",
          "score": 0.0,
          "snippet": "aristotle-ethics\n\nNo one tries to live well for the sake of some further goal; rather, being eudaimon is the highest end, and all subordinate goals—health, wealth, and other such resources—are..."
        },
        {
          "corpus_id": "sep",
          "title": "aristotle-ethics",
          "url": "https://plato.stanford.edu/entries/aristotle-ethics/",
          "score": 0.0,
          "snippet": "aristotle-ethics\n\nA common complaint about Aristotle’s attempt to defend his conception of happiness is that his argument is too general to show that it is in one’s interest to possess any of the..."
        },
        {
          "corpus_id": "sep",
          "title": "ethics-virtue",
          "url": "https://plato.stanford.edu/entries/ethics-virtue/",
          "score": 0.0,
          "snippet": "ethics-virtue\n\nA misunderstanding of eudaimonia as an unmoralized concept leads some critics to suppose that the neo-Aristotelians are attempting to ground their claims in a scientific account of..."
        },
        {
          "corpus_id": "sep",
          "title": "ethics-virtue",
          "url": "https://plato.stanford.edu/entries/ethics-virtue/",
          "score": 0.0,
          "snippet": "ethics-virtue\n\nIn the West, virtue ethics’ founding fathers are Plato and Aristotle, and in the East it can be traced back to Mencius and Confucius. It persisted as the dominant approach in Western..."
        },
        {
          "corpus_id": "sep",
          "title": "ethics-virtue",
          "url": "https://plato.stanford.edu/entries/ethics-virtue/",
          "score": 0.0,
          "snippet": "ethics-virtue\n\nIts re-emergence had an invigorating effect on the other two approaches, many of whose proponents then began to address these topics in the terms of their favoured theory. (One..."
        }
      ],
      "source_score": {
        "matched": [
          "ethics-virtue",
          "aristotle-ethics"
        ],
        "missing": [
          "communitarianism"
        ],
        "total_expected": 3,
        "ratio": 0.6666667
      },
      "fact_score": {
        "matched": [
          "function argument",
          "ergon",
          "eudaimonia",
          "virtue",
          "MacIntyre",
          "After Virtue",
          "practice"
        ],
        "missing": [
          "tradition"
        ],
        "total_expected": 8,
        "ratio": 0.875
      },
      "embed_ms": 0,
      "search_ms": 0,
      "corpora_hit": [
        "sep"
      ],
      "vector_eligible": true,
      "synth": {
        "answer": "Thorough overview from available sources, not exhaustive. The provided knowledge base contains detailed information on Aristotle’s function argument and MacIntyre’s application of virtue ethics to business, but it lacks the specific textual evidence required to reconstruct MacIntyre’s *communitarian* update in *After Virtue*. I will provide what is supported by the passages and note this gap explicitly.\n\n### Aristotle's Function Argument (*Nicomachean Ethics*, Book I)\nAristotle argues that happiness (eudaimonia) is the highest human good [Source: aristotle-ethics]. To define it, he uses a \"function\" (ergon) argument based on his biological psychology [Source: well-being; Source: aristotle-ethics]:\n1.  **The Human Function:** Every being has a characteristic activity or function. For humans, this unique capacity is reason—the rational part of the soul [Source: well-being; Source: aristotle-ethics].\n2.  **Excellence in Function:** Doing anything well requires virtue or excellence [Source: aristotle-ethics]. Therefore, living well consists in activities caused by the rational soul in accordance with virtue [Source: aristotle-ethics].\n3.  **Conclusion:** Happiness is \"activity of the rational part of the soul in accordance with virtue\" over the course of a full life [Source: aristotle-ethics].\n\n### MacIntyre's Communitarian Update (*After Virtue*)\nThe provided sources do not contain specific details regarding Alasdair MacIntyre’s *communitarian* update to Aristotle in *After Virtue*. \n\nHowever, the texts do confirm that MacIntyre applies Aristotelian concepts to modern contexts (specifically business) and emphasizes community:\n*   **Internal Goods:** MacIntyre argues there are goods internal to practices which require virtues to achieve [Source: ethics-business]. \n*   **Community Flourishing:** He draws on the Aristotelian idea that \"the good life is achieved in a community\" [Source: ethics-business], suggesting how communities must be structured to help members flourish [Source: ethics-business].\n\n**Gap Note:** The sources provided do not cover MacIntyre’s specific arguments about narrative unity of a life or his critique of Enlightenment moral philosophy found in *After Virtue*. \n\nWant me to search for more details on MacIntyre's *After Virtue*? It would take about 2 minutes.",
        "reasoning_chars": 0,
        "stream_wall_ms": 54581,
        "total_latency_ms": 47913,
        "intent": "DeepQuery",
        "source_origins": [
          "sep"
        ],
        "retrieved_chunk_count": 37,
        "chunks_fact_score": {
          "matched": [
            "function argument",
            "eudaimonia",
            "virtue",
            "MacIntyre",
            "tradition"
          ],
          "missing": [
            "ergon",
            "After Virtue",
            "practice"
          ],
          "total_expected": 8,
          "ratio": 0.625
        },
        "judge_fact_score": {
          "matched": [
            "function argument",
            "ergon",
            "eudaimonia",
            "virtue",
            "MacIntyre",
            "After Virtue",
            "tradition"
          ],
          "missing": [
            "practice"
          ],
          "total_expected": 8,
          "ratio": 0.875
        },
        "judge_evidence": [
          {
            "fact": "function argument",
            "present": true,
            "evidence": "\"Aristotle argues that happiness (eudaimonia) is the highest human good... he uses a 'function' (ergon) argument based on his biological psychology\""
          },
          {
            "fact": "ergon",
            "present": true,
            "evidence": "\"he uses a 'function' (ergon) argument based on his biological psychology\""
          },
          {
            "fact": "eudaimonia",
            "present": true,
            "evidence": "\"Aristotle argues that happiness (eudaimonia) is the highest human good\""
          },
          {
            "fact": "virtue",
            "present": true,
            "evidence": "...activities caused by the rational soul in accordance with virtue..."
          },
          {
            "fact": "MacIntyre",
            "present": true,
            "evidence": "\"MacIntyre's application of virtue ethics to business... MacIntyre applies Aristotelian concepts to modern contexts\""
          },
          {
            "fact": "After Virtue",
            "present": true,
            "evidence": "\"MacIntyre's Communitarian Update (*After Virtue*)\""
          },
          {
            "fact": "practice",
            "present": false,
            "evidence": "(absent)"
          },
          {
            "fact": "tradition",
            "present": true,
            "evidence": "\"MacIntyre applies Aristotelian concepts to modern contexts... and emphasizes community\""
          }
        ]
      }
    },
    {
      "question_id": "position_summary_kripke_reference_causal_historical",
      "category": "position_summary",
      "question": "Reconstruct Kripke's causal-historical theory of reference and explain\nhow it handles names whose initial baptism is uncertain or whose\nreference may shift over time.\n",
      "retrieved": [
        {
          "corpus_id": "sep",
          "title": "sep",
          "url": null,
          "score": 0.0,
          "snippet": "To address the historical pessimism regarding scientific theory change, philosophers like Poincaré and Duhem proposed that continuity exists in the relational structures preserved by mathematical...",
          "source": "raptor"
        },
        {
          "corpus_id": "sep",
          "title": "sep",
          "url": null,
          "score": 0.0,
          "snippet": "The text examines various theories of name reference, including cluster and use theories, while addressing challenges such as the epistemic argument. It highlights Searle's proposal to resolve issues...",
          "source": "raptor"
        },
        {
          "corpus_id": "sep",
          "title": "sep",
          "url": null,
          "score": 0.0,
          "snippet": "The text evaluates competing theories of reference for impure indexicals, contrasting Gricean intentionalist approaches with descriptivist constraints. It examines whether speaker intentions or...",
          "source": "raptor"
        },
        {
          "corpus_id": "sep",
          "title": "sep",
          "url": null,
          "score": 0.0,
          "snippet": "The text argues that proper names like 'Socrates' do not possess meanings defined by descriptive clusters, such as being the teacher of Plato and Xenophon. This position is supported by modal...",
          "source": "raptor"
        },
        {
          "corpus_id": "sep",
          "title": "sep",
          "url": null,
          "score": 0.0,
          "snippet": "The passages argue that rigid designators and transworld identity are distinct from essentialism and realism, defending the view that names refer to specific individuals across possible worlds...",
          "source": "raptor"
        },
        {
          "corpus_id": "sep",
          "title": "sep",
          "url": null,
          "score": 0.0,
          "snippet": "The text critiques traditional apriorist accounts of meaning by distinguishing between empirical propositions and conceptual necessities, while simultaneously challenging cluster theories regarding...",
          "source": "raptor"
        },
        {
          "corpus_id": "sep",
          "title": "sep",
          "url": null,
          "score": 0.0,
          "snippet": "The text examines whether proper names possess intrinsic meanings or if their reference is determined by use, historical chains of attribution, and cognitive significance. It contrasts...",
          "source": "raptor"
        },
        {
          "corpus_id": "sep",
          "title": "sep",
          "url": null,
          "score": 0.0,
          "snippet": "The passages argue that rigid designators establish necessary truths about identity and essence across possible worlds, distinguishing this concept from descriptivism and counterpart theory. This...",
          "source": "raptor"
        },
        {
          "corpus_id": "sep",
          "title": "names",
          "url": "https://plato.stanford.edu/entries/names/",
          "score": 0.0,
          "snippet": "[Atlas highlights]\nArgument: Cognitive Significance Stalemate Argument (Soames) [from names]\n  P1. Any detailed explanation of cognitive significance phenomena that relies on name meanings can be..."
        },
        {
          "corpus_id": "sep",
          "title": "names",
          "url": "https://plato.stanford.edu/entries/names/",
          "score": 0.0,
          "snippet": "[Atlas highlights]\nArgument: Uniqueness Argument for Proper Names [from names]\n  P1. Proper nouns recur across different names (e.g., 'Alice' appears in both 'Alice Waters' and 'Alice Walker').\n  P2...."
        },
        {
          "corpus_id": "sep",
          "title": "names",
          "url": "https://plato.stanford.edu/entries/names/",
          "score": 0.0,
          "snippet": "[Atlas highlights]\nArgument: Use Theory as Species of Cluster Theory [from names]\n  P1. A use theory specifies a set P of attributions constraining an utterance's reference and may include..."
        },
        {
          "corpus_id": "sep",
          "title": "reference",
          "url": "https://plato.stanford.edu/entries/reference/",
          "score": 0.0,
          "snippet": "[Atlas highlights]\nArgument: Objection against classical descriptivism regarding indexicals [from reference]\n  P1. According to the classical descriptivist, two speakers uttering 'I am hungry' assert..."
        },
        {
          "corpus_id": "sep",
          "title": "reference",
          "url": "https://plato.stanford.edu/entries/reference/",
          "score": 0.0,
          "snippet": "[Atlas highlights]\n[reference]: \"For Frege, that claim in no way prevented names from being genuine devices of reference. For Russell, it did.\"\n[P.F. Strawson (reference)]: \"Used in this way,..."
        },
        {
          "corpus_id": "sep",
          "title": "theoretical-terms-science",
          "url": "https://plato.stanford.edu/entries/theoretical-terms-science/",
          "score": 0.0,
          "snippet": "theoretical-terms-science\n\nAs is well known, Kripke (1980) set forth a causal-historical account of reference as an alternative to the descriptivist picture. This account begins with an initial..."
        },
        {
          "corpus_id": "sep",
          "title": "information",
          "url": "https://plato.stanford.edu/entries/information/",
          "score": 0.0,
          "snippet": "information\n\ni.e., if the king of France does not exist it cannot be true that I am looking for him, which is unsatisfactory. Kripke (1971) criticized Russell’s solution and proposed his so-called..."
        },
        {
          "corpus_id": "sep",
          "title": "realism-theory-change",
          "url": "https://plato.stanford.edu/entries/realism-theory-change/",
          "score": 0.0,
          "snippet": "realism-theory-change\n\nAn answer to this ‘disastrous’ history-fed argument was the development of a causal theory of reference, which allows for referential continuity in theory-change. This..."
        },
        {
          "corpus_id": "sep",
          "title": "descriptions",
          "url": "https://plato.stanford.edu/entries/descriptions/",
          "score": 0.0,
          "snippet": "descriptions\n\nKripke’s positive proposal—suggestion really—was that names are associated with a causal chain; there is an initial baptism of an individual (e.g., Albert Einstein as ‘Albert..."
        },
        {
          "corpus_id": "sep",
          "title": "meaning",
          "url": "https://plato.stanford.edu/entries/meaning/",
          "score": 0.0,
          "snippet": "meaning\n\nIn Naming and Necessity, Kripke suggested that the reference of a name could be explained in terms of the history of use of that name, rather than by descriptions associated with that name..."
        },
        {
          "corpus_id": "sep",
          "title": "self-reference",
          "url": "https://plato.stanford.edu/entries/self-reference/",
          "score": 0.0,
          "snippet": "self-reference\n\nFor a more extensive discussion of Kripke’s theory, its successors and rivals, see the entry on  the liar paradox."
        },
        {
          "corpus_id": "sep",
          "title": "thomas-kuhn",
          "url": "https://plato.stanford.edu/entries/thomas-kuhn/",
          "score": 0.0,
          "snippet": "thomas-kuhn\n\nWhile this referentialist response to the incommensurability thesis was initially framed in Fregean terms (Scheffler 1967), it received further impetus from the work of Kripke (1980) and..."
        },
        {
          "corpus_id": "sep",
          "title": "prop-attitude-reports",
          "url": "https://plato.stanford.edu/entries/prop-attitude-reports/",
          "score": 0.0,
          "snippet": "prop-attitude-reports\n\nIn his 1980 (originally presented as a series of lectures in 1970) Saul Kripke argued that the reference of a name is not determined by identifying descriptions a speaker..."
        },
        {
          "corpus_id": "sep",
          "title": "social-construction-naturalistic",
          "url": "https://plato.stanford.edu/entries/social-construction-naturalistic/",
          "score": 0.0,
          "snippet": "social-construction-naturalistic\n\nThere is a different model of necessity for the constructionist, however, which is to hold that the necessity in question is revealed a posteriori by our..."
        },
        {
          "corpus_id": "sep",
          "title": "gene",
          "url": "https://plato.stanford.edu/entries/gene/",
          "score": 0.0,
          "snippet": "gene\n\nAbout the time when philosophers of science turned to biology, a new theory of meaning was widely discussed—the causal theory of reference (Kripke 1972; Putnam 1975; see entries on  reference..."
        },
        {
          "corpus_id": "sep",
          "title": "word-meaning",
          "url": "https://plato.stanford.edu/entries/word-meaning/",
          "score": 0.0,
          "snippet": "word-meaning\n\nSince the early 1970s, views on lexical meaning were revolutionized by semantic externalism. Initially, externalism was limited to proper names and natural kind words such as ‘gold’..."
        },
        {
          "corpus_id": "sep",
          "title": "natural-kinds",
          "url": "https://plato.stanford.edu/entries/natural-kinds/",
          "score": 0.0,
          "snippet": "natural-kinds\n\nTreating kinds as abstract individuals permits an analogue for natural kind terms to the natural story concerning the reference of singular proper names that emerges from Kripke’s..."
        },
        {
          "corpus_id": "sep",
          "title": "rigid-designators",
          "url": "https://plato.stanford.edu/entries/rigid-designators/",
          "score": 0.0,
          "snippet": "rigid-designators\n\nAnother theory of reference that was named about the time ‘rigid designator’ was coined, and that is widely associated with rigid designation, is the causal theory of..."
        },
        {
          "corpus_id": "sep",
          "title": "definitions",
          "url": "https://plato.stanford.edu/entries/definitions/",
          "score": 0.0,
          "snippet": "definitions\n\nis necessary. A name such as ‘Jack the Ripper’, Kripke argued, is rigid: it picks out the same individual across possible worlds; the description, on the other hand, is non-rigid...."
        },
        {
          "corpus_id": "sep",
          "title": "concepts",
          "url": "https://plato.stanford.edu/entries/concepts/",
          "score": 0.0,
          "snippet": "concepts\n\nConceptual atomism follows in the anti-descriptivist tradition that traces back to Saul Kripke, Hilary Putnam, and others working in the philosophy of language (see Kripke 1972/80, Putnam..."
        },
        {
          "corpus_id": "sep",
          "title": "names",
          "url": "https://plato.stanford.edu/entries/names/",
          "score": 0.0,
          "snippet": "names\n\nProper names are familiar expressions of natural language, whose semantics remains a contested subject. Do names have meanings, or do they simply refer to particular things without that..."
        },
        {
          "corpus_id": "sep",
          "title": "reference",
          "url": "https://plato.stanford.edu/entries/reference/",
          "score": 0.0,
          "snippet": "reference\n\nThe most popular option has been to pair a Millian semantics with a metasemantic picture adumbrated at roughly the same time by Peter Geach (1969), Keith Donnellan (1970), and the..."
        },
        {
          "corpus_id": "sep",
          "title": "reference",
          "url": "https://plato.stanford.edu/entries/reference/",
          "score": 0.0,
          "snippet": "reference\n\nAs Kripke points out, complications arise due to the fact that we can apparently re-use names. So, I may have come across the name ‘Napoleon’ via a chain of use leading back to the..."
        },
        {
          "corpus_id": "sep",
          "title": "theoretical-terms-science",
          "url": "https://plato.stanford.edu/entries/theoretical-terms-science/",
          "score": 0.0,
          "snippet": "theoretical-terms-science\n\nThis account has two particular merits. First, it is much closer to the way scientists understand and use theoretical terms than purely causal accounts. Because of this, it..."
        },
        {
          "corpus_id": "sep",
          "title": "theoretical-terms-science",
          "url": "https://plato.stanford.edu/entries/theoretical-terms-science/",
          "score": 0.0,
          "snippet": "theoretical-terms-science\n\nThe Pythagorean view shifts the problem of theoretical terms to the theory of meaning and reference for mathematical expressions. The question of how we are able to refer..."
        },
        {
          "corpus_id": "sep",
          "title": "theoretical-terms-science",
          "url": "https://plato.stanford.edu/entries/theoretical-terms-science/",
          "score": 0.0,
          "snippet": "theoretical-terms-science\n\nNow, there are three major accounts of reference and meaning that have been used, implicitly or explicitly, for the semantics of theoretical terms: (i) the descriptivist..."
        },
        {
          "corpus_id": "sep",
          "title": "information",
          "url": "https://plato.stanford.edu/entries/information/",
          "score": 0.0,
          "snippet": "information\n\nThe same people would probably have no problems with the statement that “Secret services sometimes distribute false information”, or with the sentence “The information provided by..."
        },
        {
          "corpus_id": "sep",
          "title": "information",
          "url": "https://plato.stanford.edu/entries/information/",
          "score": 0.0,
          "snippet": "information\n\nThe empiricists methodology is not without problems. The biggest issue is that all knowledge becomes probabilistic and a posteriori. Immanuel Kant (1724–1804) was one of the first to..."
        },
        {
          "corpus_id": "sep",
          "title": "information",
          "url": "https://plato.stanford.edu/entries/information/",
          "score": 0.0,
          "snippet": "information\n\nPhilosophy of Information deals with the philosophical analysis of the notion of information both from a historical and a systematic perspective. With the emergence of the empiricist..."
        }
      ],
      "source_score": {
        "matched": [
          "rigid-designators",
          "reference",
          "descriptions"
        ],
        "missing": [],
        "total_expected": 3,
        "ratio": 1.0
      },
      "fact_score": {
        "matched": [
          "causal-historical",
          "Kripke",
          "rigid designator",
          "initial baptism",
          "reference borrowing",
          "qua-problem"
        ],
        "missing": [
          "descriptivism"
        ],
        "total_expected": 7,
        "ratio": 0.85714287
      },
      "embed_ms": 0,
      "search_ms": 0,
      "corpora_hit": [
        "sep"
      ],
      "vector_eligible": true,
      "synth": {
        "answer": "Saul Kripke’s causal-historical theory of reference, primarily articulated in *Naming and Necessity* (1980), posits that the reference of a proper name is not determined by descriptive content associated with it by speakers, but rather by an objective historical connection to its referent [Source: meaning]. This account was developed as a direct alternative to descriptivist theories, which held that names function like disguised descriptions or clusters of properties [Source: theoretical-terms-science; Source: word-meaning].\n\n### The Core Mechanism: Baptism and Transmission\nThe standard case for how a name refers involves two distinct stages: **reference fixing** and **reference borrowing**.\n\n1.  **Initial Baptism:** Reference is initially fixed via a \"dubbing\" event where a language user gives a name to an object, often through ostension (pointing) in perceptual contact with the target [Source: reference; Source: rigid-designators]. Kripke describes this as an inaugurating stipulation—a naming ceremony that tyrannically governs all subsequent use of that specific instance of the name [Source: names]. This act establishes the referent without requiring the dubber to possess any precise knowledge or correct descriptions of the entity's nature [Source: word-meaning].\n2.  **Causal-Historical Chain:** Once baptized, the name is passed from speaker to speaker through communicative exchanges. Subsequent speakers succeed in referring to the object not by knowing who it is, but by being appropriately linked to previous users in a chain of communication stretching back to the initial dubbing [Source: reference; Source: natural-kinds]. Speakers \"borrow\" their reference from those earlier in the chain, provided they intend to use the name as used by the speakers they are picking it up from (i.e., intending to refer to the same individual) [Source: word-meaning].\n\nThis model implies that names function like mere tags with no descriptive content or meaning mediating their reference [Source: concepts]. Consequently, even if all associated descriptions turn out to be false (e.g., discovering Aristotle was not Plato’s student), the speaker still refers to Aristotle because the causal-historical link remains intact [Source: theoretical-terms-science].\n\n### Handling Uncertain Initial Baptisms\nKripke acknowledges that complications arise when we cannot identify a single, clear \"baptismal ceremony\" for widely used names. The theory handles this through two primary mechanisms found in the literature:\n\n**1. Re-use and New Introductions**\nWhen a name is applied to a new entity by an individual who inherits it from a historical tradition but intends to refer to something else entirely, Kripke argues this constitutes a *new* introduction of the name (or at least a new use). For example, if someone calls their cat 'Napoleon' after hearing the name historically associated with the French general, they have introduced a new specific name linked to the cat [Source: reference]. In such cases, there are effectively multiple distinct uses or \"homonyms\" sharing the same form, each governed by its own causal chain originating from different baptisms [Source: names; Source: reference].\n\n**2. The Role of Intent and Community Reliance**\nFor ancient figures like Aristotle where no single living witness exists today, the theory relies on the collective intentionality of the linguistic community. Speakers do not need to know *which* specific historical speaker in the past baptized Aristotle; they only need to be part of a continuous communicative network that traces back to those original users [Source: word-meaning]. If speakers intend to refer to whatever entity was originally dubbed 'Aristotle', their use is linked to that initial baptism via the chain of communication, even if intermediate links are lost or uncertain [Source: reference].\n\nHowever, Kripke admits that distinguishing between \"relevant\" causal connections (those that fix reference) and \"irrelevant\" ones has proven difficult to fully theorize [Source: reference]. For instance, merely hearing about Napoleon does not allow one to baptize a new object as 'Napoleon' in the same way; intent plays a crucial role in determining whether a name's transmission preserves its original reference or creates a new one.\n\n### Handling Reference Shifts\nThe strict version of Kripke’s theory posits that once a name is baptized, no subsequent attribution can alter its reference—each change requires the institution of a *new* specific name with a new inaugural event [Source: names]. Under this view, there is no room for \"reference shift\" within a single continuous use of a name.\n\nHowever, later developments and critiques acknowledge scenarios where reference may effectively shift or become ambiguous:\n\n**1. Multiple Bearers and Contextual Selection**\nWhen multiple individuals share the same name (e.g., 'David Cameron'), pure causal chains alone cannot determine which individual is being referred to in a given utterance. Some direct reference theorists have suggested treating such names similarly to indexicals, where context selects an individual from the set of possible referents established by the various baptismal histories associated with that form [Source: reference]. This preserves the causal theory’s core idea—that baptisms fix the *set* of potential referents—while using contextual features to select one specific bearer.\n\n**2. Reference Change via New Baptism**\nIf a community collectively decides to use a name for something different than its original referent (e.g., re-applying 'phlogiston' or shifting scientific terms), Kripke’s framework interprets this not as a shift in the old name's reference, but as the creation of a new naming event. The old chain remains intact for historical discourse, while a new chain is established for current usage [Source: names]. This avoids the problem of \"empty\" theoretical terms by treating them as having been baptized with no actual referent from the start, rather than referring and then losing their target [Source: realism-theory-change; Source: thomas-kuhn].\n\n**3. Critiques and Hybrid Models**\nCritics note that purely causal accounts struggle to explain how scientists today successfully refer to entities like electrons when they have no direct causal contact with the original baptism (if any) and may hold false beliefs about them. To address this, hybrid models incorporate descriptive elements alongside causal chains, allowing descriptions to play a role in fixing reference for theoretical terms while maintaining that the core reference is anchored historically [Source: theoretical-terms-science; Source: thomas-kuhn]. Additionally, Gareth Evans argued that reference can shift if speakers lose adequate information linking their use back to the initial dubbing, suggesting that mere causal connection is insufficient without an informational link [Source: realism-theory-change].\n\n### Summary\nKripke’s theory resolves the problem of meaning by replacing it with history: names refer because they are linked via a chain of communication to an original act of naming. Uncertain baptisms are handled by emphasizing speaker intent and community-wide chains rather than individual knowledge, while apparent shifts in reference are typically analyzed as either new introductions of names or contextual selections among multiple bearers established by distinct baptismal histories.\n\n---\n*Verification note: these statements could not be confirmed against your sources — treat them as unverified:*\n- For ancient figures, reference relies on collective intentionality within a continuous communicative network.\n- Pure causal chains cannot determine referents when multiple individuals share the same name.\n- Kripke describes this as an inaugurating stipulation—a naming ceremony that tyrannically governs all subsequent use of that specific instance of the name\n- For ancient figures like Aristotle where no single living witness exists today, the theory relies on the collective intentionality of the linguistic community",
        "reasoning_chars": 0,
        "stream_wall_ms": 95274,
        "total_latency_ms": 90780,
        "intent": "DeepQuery",
        "source_origins": [
          "sep"
        ],
        "retrieved_chunk_count": 37,
        "chunks_fact_score": {
          "matched": [
            "causal-historical",
            "Kripke",
            "rigid designator",
            "initial baptism",
            "descriptivism"
          ],
          "missing": [
            "reference borrowing",
            "qua-problem"
          ],
          "total_expected": 7,
          "ratio": 0.71428573
        },
        "judge_fact_score": {
          "matched": [
            "causal-historical",
            "Kripke",
            "rigid designator",
            "initial baptism",
            "reference borrowing",
            "descriptivism"
          ],
          "missing": [
            "qua-problem"
          ],
          "total_expected": 7,
          "ratio": 0.85714287
        },
        "judge_evidence": [
          {
            "fact": "causal-historical",
            "present": true,
            "evidence": "\"Saul Kripke's causal-historical theory of reference... posits that the reference of a proper name is not determined by descriptive content associated with it by speakers, but rather by an objective historical connection to its referent\""
          },
          {
            "fact": "Kripke",
            "present": true,
            "evidence": "\"Saul Kripke's causal-historical theory of reference, primarily articulated in Naming and Necessity (1980)..."
          },
          {
            "fact": "rigid designator",
            "present": true,
            "evidence": "[Source: rigid-designators]"
          },
          {
            "fact": "initial baptism",
            "present": true,
            "evidence": "\"1. Initial Baptism: Reference is initially fixed via a 'dubbing' event where a language user gives a name to an object...\""
          },
          {
            "fact": "reference borrowing",
            "present": true,
            "evidence": "\"The standard case for how a name refers involves two distinct stages: reference fixing and reference borrowing.\""
          },
          {
            "fact": "qua-problem",
            "present": false,
            "evidence": "(absent)"
          },
          {
            "fact": "descriptivism",
            "present": true,
            "evidence": "...direct alternative to descriptivist theories, which held that names function like disguised descriptions..."
          }
        ]
      }
    },
    {
      "question_id": "dialectical_putnam_twin_earth_meaning",
      "category": "dialectical",
      "question": "What is Putnam's twin earth thought experiment, and what does the\nslogan 'meanings just ain't in the head' commit one to about the\nlocation of mental content?\n",
      "retrieved": [
        {
          "corpus_id": "sep",
          "title": "sep",
          "url": null,
          "score": 0.0,
          "snippet": "The text argues that narrow mental content is determined solely by an individual's intrinsic properties, distinct from broad content which depends on external factors like the environment. Using...",
          "source": "raptor"
        },
        {
          "corpus_id": "sep",
          "title": "sep",
          "url": null,
          "score": 0.0,
          "snippet": "The passages explore the philosophical concept of narrow content, contrasting it with broad content through thought experiments like Putnam's Twin Earth and Fodor's mapping conception. Narrow content...",
          "source": "raptor"
        },
        {
          "corpus_id": "sep",
          "title": "sep",
          "url": null,
          "score": 0.0,
          "snippet": "The passages advance the claim that phenomenal intentionality is necessary to explain aspects of mental content, such as aspectual shapes and determinacy, which cannot be fully accounted for by...",
          "source": "raptor"
        },
        {
          "corpus_id": "sep",
          "title": "sep",
          "url": null,
          "score": 0.0,
          "snippet": "The passages examine the philosophical debate between narrow mental content, defined by intrinsic properties independent of environment, and broad externalist views advanced by Hilary Putnam and...",
          "source": "raptor"
        },
        {
          "corpus_id": "sep",
          "title": "sep",
          "url": null,
          "score": 0.0,
          "snippet": "Hilary Putnam argues that the statement 'I am a brain in a vat' is self-refuting because its truth conditions depend on external causal connections to real brains and vats, which do not exist for an...",
          "source": "raptor"
        },
        {
          "corpus_id": "sep",
          "title": "sep",
          "url": null,
          "score": 0.0,
          "snippet": "Content externalism posits that mental content depends on individuation factors outside the individual, a view historically contextualized by figures like Sartre and Wittgenstein but most famously...",
          "source": "raptor"
        },
        {
          "corpus_id": "sep",
          "title": "sep",
          "url": null,
          "score": 0.0,
          "snippet": "Burge utilizes the arthritis example to illustrate how an individual can possess a concept despite holding false beliefs about its specific application, such as locating it in non-joint areas. This...",
          "source": "raptor"
        },
        {
          "corpus_id": "sep",
          "title": "sep",
          "url": null,
          "score": 0.0,
          "snippet": "The text introduces the Moral Twin Earth Objection by drawing an analogy to Hilary Putnam's causal regulation semantics regarding natural kinds like water. It highlights the distinction between...",
          "source": "raptor"
        },
        {
          "corpus_id": "sep",
          "title": "content-narrow",
          "url": "https://plato.stanford.edu/entries/content-narrow/",
          "score": 0.0,
          "snippet": "[Atlas highlights]\nArgument: Twin Earth argument (linguistic) [from content-narrow]\n  P1. Oscar on Earth and Twin Oscar are exact duplicates with identical intrinsic properties.\n  P2. On Earth,..."
        },
        {
          "corpus_id": "sep",
          "title": "computational-mind",
          "url": "https://plato.stanford.edu/entries/computational-mind/",
          "score": 0.0,
          "snippet": "[Atlas highlights]\nDefining Narrow Content (computational-mind): \"Narrow content is what remains of mental content when one factors out all external elements.\"\n\ncomputational-mind\n\nA second criticism..."
        },
        {
          "corpus_id": "sep",
          "title": "content-externalism",
          "url": "https://plato.stanford.edu/entries/content-externalism/",
          "score": 0.0,
          "snippet": "[Atlas highlights]\nDefining Twin Earth (content-externalism): \"Imagine a planet, a twin earth. First, it duplicates earth in almost every respect... Second, the only difference between earth and twin..."
        },
        {
          "corpus_id": "sep",
          "title": "self-knowledge-externalism",
          "url": "https://plato.stanford.edu/entries/self-knowledge-externalism/",
          "score": 0.0,
          "snippet": "self-knowledge-externalism\n\nexternalism about the mind |  introspection |  self-knowledge |  skepticism: and content externalism"
        },
        {
          "corpus_id": "sep",
          "title": "content-externalism",
          "url": "https://plato.stanford.edu/entries/content-externalism/",
          "score": 0.0,
          "snippet": "[Atlas highlights]\nDefining narrow content (content-externalism): \"There is, some have argued, another type of content—narrow content—that is immune to these kinds of..."
        },
        {
          "corpus_id": "sep",
          "title": "naturalism-moral",
          "url": "https://plato.stanford.edu/entries/naturalism-moral/",
          "score": 0.0,
          "snippet": "[Atlas highlights]\nArgument: Moral Twin Earth Objection [from naturalism-moral]\n  P1. On causal reference theory, if different societies use moral terms regulated by different natural properties,..."
        },
        {
          "corpus_id": "sep",
          "title": "epiphenomenalism",
          "url": "https://plato.stanford.edu/entries/epiphenomenalism/",
          "score": 0.0,
          "snippet": "epiphenomenalism\n\n(1) Many philosophers hold an externalist view of intentionality, according to which intentionality requires representation, and representation depends on circumstances external to..."
        },
        {
          "corpus_id": "sep",
          "title": "mental-representation",
          "url": "https://plato.stanford.edu/entries/mental-representation/",
          "score": 0.0,
          "snippet": "mental-representation\n\nThis issue is widely taken to be of central importance, since psychological explanation, whether commonsense or scientific, is supposed to be both causal and content-based...."
        },
        {
          "corpus_id": "sep",
          "title": "computational-mind",
          "url": "https://plato.stanford.edu/entries/computational-mind/",
          "score": 0.0,
          "snippet": "[Atlas highlights]\nDefining language of thought (computational-mind): \"thinking occurs in a language of thought (sometimes called Mentalese).\"\n\ncomputational-mind\n\nHilary Putnam (1967) introduced..."
        },
        {
          "corpus_id": "sep",
          "title": "consciousness-intentionality",
          "url": "https://plato.stanford.edu/entries/consciousness-intentionality/",
          "score": 0.0,
          "snippet": "[Atlas highlights]\nArgument: Externalism about mental content (Kripke/Putnam/Burge) [from consciousness-intentionality]\n  P1. The reference and truth conditions of expressions are not determined by..."
        },
        {
          "corpus_id": "sep",
          "title": "skepticism-content-externalism",
          "url": "https://plato.stanford.edu/entries/skepticism-content-externalism/",
          "score": 0.0,
          "snippet": "skepticism-content-externalism\n\nDescartes, René |  epistemic closure |  externalism about the mind |  skepticism"
        },
        {
          "corpus_id": "sep",
          "title": "content-narrow",
          "url": "https://plato.stanford.edu/entries/content-narrow/",
          "score": 0.0,
          "snippet": "content-narrow\n\nAmong the earliest and most influential arguments for broad content were Hilary Putnam’s arguments in such essays as “The Meaning of ‘Meaning’” (1975). Putnam’s arguments..."
        },
        {
          "corpus_id": "sep",
          "title": "content-nonconceptual",
          "url": "https://plato.stanford.edu/entries/content-nonconceptual/",
          "score": 0.0,
          "snippet": "content-nonconceptual\n\nBoth possible world semantics and Russellian accounts of content are considered to be coarse grained accounts of content (in contrast to the Fregean fine grained account of..."
        },
        {
          "corpus_id": "sep",
          "title": "mental-representation",
          "url": "https://plato.stanford.edu/entries/mental-representation/",
          "score": 0.0,
          "snippet": "mental-representation\n\nOn the most common versions of externalism, though intentional contents are externally determined, mental representations themselves, and the states they partly constitute,..."
        },
        {
          "corpus_id": "sep",
          "title": "thought-experiment",
          "url": "https://plato.stanford.edu/entries/thought-experiment/",
          "score": 0.0,
          "snippet": "thought-experiment\n\nNot included are the many specialized papers that discuss a particular thought experiment in its systematic contribution to the discussion of a particular issue (such as..."
        },
        {
          "corpus_id": "sep",
          "title": "content-causal",
          "url": "https://plato.stanford.edu/entries/content-causal/",
          "score": 0.0,
          "snippet": "content-causal\n\nThird, these theories assume that it is possible to explain the origin of underived content without appeal to other semantic or contentful notions. So, it is assumed that there is..."
        },
        {
          "corpus_id": "sep",
          "title": "meaning",
          "url": "https://plato.stanford.edu/entries/meaning/",
          "score": 0.0,
          "snippet": "meaning\n\nThe two sorts of mentalist theories sketched above both try to explain meaning in terms of the relationship between linguistic expressions and propositional attitudes of users of the..."
        },
        {
          "corpus_id": "sep",
          "title": "self-knowledge-externalism",
          "url": "https://plato.stanford.edu/entries/self-knowledge-externalism/",
          "score": 0.0,
          "snippet": "self-knowledge-externalism\n\nWhat this indicates is that Oscar is unable to discriminate from the armchair whether assertions using ‘water’ have a water content versus a twin water content. As..."
        },
        {
          "corpus_id": "sep",
          "title": "realism-sem-challenge",
          "url": "https://plato.stanford.edu/entries/realism-sem-challenge/",
          "score": 0.0,
          "snippet": "realism-sem-challenge\n\nHow does Putnam prove we can know we are not brains in a vat? To understand Putnam’s argument, we need to first recall the ‘Twin-Earth’ considerations used to support..."
        },
        {
          "corpus_id": "sep",
          "title": "naturalism-moral",
          "url": "https://plato.stanford.edu/entries/naturalism-moral/",
          "score": 0.0,
          "snippet": "naturalism-moral\n\nImagine a world—Moral Twin Earth—that is exactly like the actual world, except on Moral Twin Earth, people’s use of moral terminology is causally regulated by different..."
        },
        {
          "corpus_id": "sep",
          "title": "content-narrow",
          "url": "https://plato.stanford.edu/entries/content-narrow/",
          "score": 0.0,
          "snippet": "content-narrow\n\nThe idea that mental content is broad is the idea that it is not determined entirely by an individual’s intrinsic properties, but is determined in part by features of the..."
        },
        {
          "corpus_id": "sep",
          "title": "content-narrow",
          "url": "https://plato.stanford.edu/entries/content-narrow/",
          "score": 0.0,
          "snippet": "content-narrow\n\nSince Oscar and Twin Oscar have exactly the same intrinsic properties, yet refer to different substances when they use their ‘water’-words, their intrinsic properties cannot..."
        },
        {
          "corpus_id": "sep",
          "title": "content-externalism",
          "url": "https://plato.stanford.edu/entries/content-externalism/",
          "score": 0.0,
          "snippet": "content-externalism\n\nDespite its seemingly outlandish nature, this twin earth thought experiment is just a way of making graphic a simple point. You and your twin are, as a matter of stipulation,..."
        },
        {
          "corpus_id": "sep",
          "title": "content-externalism",
          "url": "https://plato.stanford.edu/entries/content-externalism/",
          "score": 0.0,
          "snippet": "content-externalism\n\nDespite some initially over-exuberant formulations of Putnam (1975)—of the “Cut the pie any way you like, meaning just ain’t in the head”, variety—the correct..."
        },
        {
          "corpus_id": "sep",
          "title": "computational-mind",
          "url": "https://plato.stanford.edu/entries/computational-mind/",
          "score": 0.0,
          "snippet": "computational-mind\n\nAn old view, stretching back at least to William of Ockham’s Summa Logicae, holds that thinking occurs in a language of thought (sometimes called Mentalese). Fodor revives this..."
        },
        {
          "corpus_id": "sep",
          "title": "computational-mind",
          "url": "https://plato.stanford.edu/entries/computational-mind/",
          "score": 0.0,
          "snippet": "computational-mind\n\nRapid progress in computer science prompted many, including Turing, to contemplate whether we could build a computer capable of thought.  Artificial Intelligence (AI) aims to..."
        },
        {
          "corpus_id": "sep",
          "title": "naturalism-moral",
          "url": "https://plato.stanford.edu/entries/naturalism-moral/",
          "score": 0.0,
          "snippet": "naturalism-moral\n\nThis move might promise to account for much of the intuitive appeal of internalism while remaining fundamentally naturalistic. That would leave in place worries about the..."
        },
        {
          "corpus_id": "sep",
          "title": "naturalism-moral",
          "url": "https://plato.stanford.edu/entries/naturalism-moral/",
          "score": 0.0,
          "snippet": "naturalism-moral\n\nWhile the term ‘moral naturalism’ has a number of different meanings, it is most frequently used to describe naturalistic versions of moral realism. Moral realists hold that..."
        }
      ],
      "source_score": {
        "matched": [
          "content-externalism",
          "content-narrow"
        ],
        "missing": [
          "natural-kinds"
        ],
        "total_expected": 3,
        "ratio": 0.6666667
      },
      "fact_score": {
        "matched": [
          "twin earth",
          "Putnam",
          "XYZ",
          "water",
          "meanings just ain't in the head",
          "semantic externalism"
        ],
        "missing": [
          "wide content"
        ],
        "total_expected": 7,
        "ratio": 0.85714287
      },
      "embed_ms": 0,
      "search_ms": 0,
      "corpora_hit": [
        "sep"
      ],
      "vector_eligible": true,
      "synth": {
        "answer": "Hilary Putnam’s Twin Earth thought experiment is designed to demonstrate that the meaning of a term—and by extension, the content of mental states—is not determined solely by what goes on inside an individual's mind. The scenario posits two identical planets: Earth and \"Twin Earth.\" On Earth, the clear, tasteless liquid in oceans and rivers has the chemical composition H₂O [Source: content-externalism]. On Twin Earth, which is molecule-for-molecule identical to Earth in every other respect, this same substance (which looks and tastes exactly like water) actually consists of a different chemical compound, referred to as XYZ [Source: naturalism-moral][Source: content-narrow].\n\nThe experiment focuses on an inhabitant of Earth named Oscar around 1750—a time before the discovery that water is H₂O—and his exact duplicate on Twin Earth. Because they are duplicates with identical intrinsic properties, their internal physical states are qualitatively indistinguishable [Source: content-externalism]. However, when Oscar says \"water,\" he refers to H₂O; when his twin says \"water\" (or its Twin Earth equivalent), he refers to XYZ [Source: computational-mind][Source: content-externalism]. Since the reference of the word depends on the external environment rather than just the speaker's internal state or linguistic dispositions, Putnam concludes that meaning cannot be determined by intrinsic factors alone [Source: content-narrow].\n\nThe slogan **\"meanings just ain't in the head\"** commits one to **semantic and mental content externalism**. Specifically, it asserts that the individuation of mental content is not a function solely of an individual’s internal properties. Instead, what a person means—and consequently, what their beliefs are about—depends partly on facts about their physical environment (such as whether they live on Earth with H₂O or Twin Earth with XYZ) and potentially their social/linguistic community [Source: content-externalism][Source: naturalism-moral]. If two individuals have identical \"narrow\" contents (contents determined entirely by intrinsic states), they may still possess different \"broad\" contents because broad content includes these extrinsic environmental factors [Source: computational-mind][Source: mental-representation].\n\nHowever, the slogan does **not** commit one to the view that thoughts themselves are physically located outside of the head. As noted in the sources, external individuation is not the same as external location. Just as a sunburn can be externally individuated (caused by the sun) but remains located on the skin, mental states with broad content remain situated within the individual's mind/brain even though their *content* is defined by relations to things outside it [Source: content-externalism].\n\n---\n*Verification note: these statements could not be confirmed against your sources — treat them as unverified:*\n- meanings just ain't in the head\n- It asserts that the individuation of mental content is not a function solely of an individual’s internal properties.",
        "reasoning_chars": 0,
        "stream_wall_ms": 51566,
        "total_latency_ms": 45855,
        "intent": "DeepQuery",
        "source_origins": [
          "sep"
        ],
        "retrieved_chunk_count": 36,
        "chunks_fact_score": {
          "matched": [
            "twin earth",
            "Putnam",
            "water",
            "meanings just ain't in the head",
            "semantic externalism",
            "wide content"
          ],
          "missing": [
            "XYZ"
          ],
          "total_expected": 7,
          "ratio": 0.85714287
        },
        "judge_fact_score": {
          "matched": [
            "twin earth",
            "Putnam",
            "XYZ",
            "water",
            "meanings just ain't in the head",
            "semantic externalism",
            "wide content"
          ],
          "missing": [],
          "total_expected": 7,
          "ratio": 1.0
        },
        "judge_evidence": [
          {
            "fact": "twin earth",
            "present": true,
            "evidence": "\"Hilary Putnam's Twin Earth thought experiment is designed to demonstrate that the meaning of a term...\""
          },
          {
            "fact": "Putnam",
            "present": true,
            "evidence": "\"Hilary Putnam's Twin Earth thought experiment is designed to demonstrate that the meaning of a term...\""
          },
          {
            "fact": "XYZ",
            "present": true,
            "evidence": "\"On Twin Earth... this same substance (which looks and tastes exactly like water) actually consists of a different chemical compound, referred to as XYZ\""
          },
          {
            "fact": "water",
            "present": true,
            "evidence": "\"On Earth, the clear, tasteless liquid in oceans and rivers has the chemical composition H₂O... this same substance (which looks and tastes exactly like water)\""
          },
          {
            "fact": "meanings just ain't in the head",
            "present": true,
            "evidence": "\"The slogan 'meanings just ain't in the head' commits one to semantic and mental content externalism.\""
          },
          {
            "fact": "semantic externalism",
            "present": true,
            "evidence": "\"semantic and mental content externalism\""
          },
          {
            "fact": "wide content",
            "present": true,
            "evidence": "\"what their beliefs are about\" depends partly on facts about their physical environment... broad content includes these extrinsic environmental factors"
          }
        ]
      }
    },
    {
      "question_id": "argument_godel_incompleteness",
      "category": "argument_reconstruction",
      "question": "State Gödel's two incompleteness theorems and explain what philosophical\nlessons they have been taken to draw, separately, against logicism and\nagainst Hilbert's program.\n",
      "retrieved": [
        {
          "corpus_id": "sep",
          "title": "sep",
          "url": null,
          "score": 0.0,
          "snippet": "Gödel's incompleteness theorems establish fundamental limits on provability in formal axiomatic systems, demonstrating that sufficiently complex theories cannot be both complete and consistent. This...",
          "source": "raptor"
        },
        {
          "corpus_id": "sep",
          "title": "sep",
          "url": null,
          "score": 0.0,
          "snippet": "Gödel's incompleteness theorems demonstrate fundamental limits on provability within formal axiomatic theories, significantly impacting modern logic and the philosophy of mathematics. These results...",
          "source": "raptor"
        },
        {
          "corpus_id": "sep",
          "title": "sep",
          "url": null,
          "score": 0.0,
          "snippet": "The incompleteness theorems and related undecidability results were independently established by Gödel, Church, and Turing through distinct definitions of computable functions. These foundational...",
          "source": "raptor"
        },
        {
          "corpus_id": "sep",
          "title": "sep",
          "url": null,
          "score": 0.0,
          "snippet": "Kurt Gödel advanced foundational results in logic and set theory, notably the incompleteness theorems which refuted Hilbert's program. He supported these mathematical achievements with philosophical...",
          "source": "raptor"
        },
        {
          "corpus_id": "sep",
          "title": "sep",
          "url": null,
          "score": 0.0,
          "snippet": "Gödel's incompleteness theorems, which demonstrate that truth is undefinable within formal systems and challenge Hilbert’s program, were met with mixed reception ranging from quick assimilation to...",
          "source": "raptor"
        },
        {
          "corpus_id": "sep",
          "title": "sep",
          "url": null,
          "score": 0.0,
          "snippet": "Gödel's incompleteness theorems demonstrate that any consistent formal system capable of expressing elementary arithmetic is inherently incomplete and cannot prove its own consistency. These...",
          "source": "raptor"
        },
        {
          "corpus_id": "sep",
          "title": "sep",
          "url": null,
          "score": 0.0,
          "snippet": "Gödel's incompleteness theorems demonstrate that any sufficiently strong, consistent axiomatic system like P contains undecidable sentences constructed via arithmetization of syntax and the Diagonal...",
          "source": "raptor"
        },
        {
          "corpus_id": "sep",
          "title": "sep",
          "url": null,
          "score": 0.0,
          "snippet": "Hilbert's Program sought to secure mathematics by providing finitary consistency proofs for formal systems, but Gödel’s incompleteness theorems demonstrated that such a proof is impossible within...",
          "source": "raptor"
        },
        {
          "corpus_id": "sep",
          "title": "hilbert-program",
          "url": "https://plato.stanford.edu/entries/hilbert-program/",
          "score": 0.0,
          "snippet": "[Atlas highlights]\nDefining Hilbert's Program (hilbert-program): \"It calls for a formalization of all of mathematics in axiomatic form, together with a proof that this axiomatization of mathematics..."
        },
        {
          "corpus_id": "sep",
          "title": "goedel",
          "url": "https://plato.stanford.edu/entries/goedel/",
          "score": 0.0,
          "snippet": "[Atlas highlights]\nDefining Incompleteness Theorems (goedel): \"The First Incompleteness Theorem provides a counterexample to completeness by exhibiti ng an arithmetic statement which is n either..."
        },
        {
          "corpus_id": "sep",
          "title": "computability",
          "url": "https://plato.stanford.edu/entries/computability/",
          "score": 0.0,
          "snippet": "[Atlas highlights]\n[Incompleteness Theorem (computability)]: \"there is no complete and computaxiomatization of first-order theory natural numbers.\"\n[Kurt Gödel (computability)]: \"the set of valid..."
        },
        {
          "corpus_id": "sep",
          "title": "proof-theory-development",
          "url": "https://plato.stanford.edu/entries/proof-theory-development/",
          "score": 0.0,
          "snippet": "[Atlas highlights]\n[Gödel (proof-theory-development)]: \"Godel proved the impossibility of a complete formaliZation of elementary arithmetic\"\n[Gentzen (proof-theory-development)]: \"actual proofs are..."
        },
        {
          "corpus_id": "sep",
          "title": "weyl",
          "url": "https://plato.stanford.edu/entries/weyl/",
          "score": 0.0,
          "snippet": "[Atlas highlights]\n[Hilbert (weyl)]: \"Within metamathematics itself, Hilbert imposed a standard of demonstrative evidence stricter even than that demanded by the intuitionists...\"\n[Hilbert (weyl)]:..."
        },
        {
          "corpus_id": "sep",
          "title": "logic-intuitionistic",
          "url": "https://plato.stanford.edu/entries/logic-intuitionistic/",
          "score": 0.0,
          "snippet": "[Atlas highlights]\nDefining Hilbert's formalist program (logic-intuitionistic): \"To justify classical mathematics by reducing it to formal system whose consistency should be established by finitistic..."
        },
        {
          "corpus_id": "sep",
          "title": "goedel-incompleteness",
          "url": "https://plato.stanford.edu/entries/goedel-incompleteness/",
          "score": 0.0,
          "snippet": "[Atlas highlights]\nArgument: Argument against logicism via incompleteness [from goedel-incompleteness]\n  P1. Logicism holds that mathematics can be reduced to logic (analytic truths).\n  P2. Gödel's..."
        },
        {
          "corpus_id": "sep",
          "title": "goedel",
          "url": "https://plato.stanford.edu/entries/goedel/",
          "score": 0.0,
          "snippet": "[Atlas highlights]\n[Kurt Gödel (goedel)]: \"This is a direct consequence o f realism, for if there ex ists a domai n of mathemati cal obje cts or conce pts, the n any meani ngful propositi on..."
        },
        {
          "corpus_id": "sep",
          "title": "logic-paraconsistent",
          "url": "https://plato.stanford.edu/entries/logic-paraconsistent/",
          "score": 0.0,
          "snippet": "[Atlas highlights]\nArgument: Paraconsistent response to Gödel's Incompleteness Theorem [from logic-paraconsistent]\n  P1. Gödel’s first theorem states that for any consistent, sound axiomatic..."
        },
        {
          "corpus_id": "sep",
          "title": "recursive-functions",
          "url": "https://plato.stanford.edu/entries/recursive-functions/",
          "score": 0.0,
          "snippet": "[Atlas highlights]\n[Gödel (recursive-functions)]: \"the incompleteness theorem which Gödel proved states that if P is ω-consistent...\"\n[Gödel (recursive-functions)]: \"Gödel’s definition also..."
        },
        {
          "corpus_id": "sep",
          "title": "logic-firstorder-emergence",
          "url": "https://plato.stanford.edu/entries/logic-firstorder-emergence/",
          "score": 0.0,
          "snippet": "logic-firstorder-emergence\n\nSo even if we imagine the philosophical Grundlagenkrise entirely removed from the picture, the technical results of the Hilbert school would not have been significantly..."
        },
        {
          "corpus_id": "sep",
          "title": "goedel-incompleteness",
          "url": "https://plato.stanford.edu/entries/goedel-incompleteness/",
          "score": 0.0,
          "snippet": "goedel-incompleteness\n\nOf the various fields of philosophy, Gödel’s theorems are obviously most immediately relevant for the philosophy of mathematics. To begin with, they pose, at least prima..."
        },
        {
          "corpus_id": "sep",
          "title": "hilbert-program",
          "url": "https://plato.stanford.edu/entries/hilbert-program/",
          "score": 0.0,
          "snippet": "hilbert-program\n\nGödel’s incompleteness theorems showed that Hilbert’s optimism was undue. In September 1930, Kurt Gödel announced his first incompleteness theorem at a conference in..."
        },
        {
          "corpus_id": "sep",
          "title": "philosophy-mathematics",
          "url": "https://plato.stanford.edu/entries/philosophy-mathematics/",
          "score": 0.0,
          "snippet": "philosophy-mathematics\n\nThen Kurt Gödel proved that there exist arithmetical statements that are undecidable in Peano Arithmetic (Gödel 1931). This has become known as his Gödel’s first..."
        },
        {
          "corpus_id": "sep",
          "title": "proof-theory",
          "url": "https://plato.stanford.edu/entries/proof-theory/",
          "score": 0.0,
          "snippet": "proof-theory\n\nIn 1931 Gödel published a paper (1931a) that showed that there are true arithmetic statements that cannot be proved in the formal system of Principia Mathematica, assuming PM to be..."
        },
        {
          "corpus_id": "sep",
          "title": "intuitionistic-logic-development",
          "url": "https://plato.stanford.edu/entries/intuitionistic-logic-development/",
          "score": 0.0,
          "snippet": "intuitionistic-logic-development\n\nGödel’s incompleteness theorems showed that Hilbert’s Program, in its most ambitious form, cannot succeed. Brouwer’s assistant Hurewicz discussed the..."
        },
        {
          "corpus_id": "sep",
          "title": "logic-intuitionistic",
          "url": "https://plato.stanford.edu/entries/logic-intuitionistic/",
          "score": 0.0,
          "snippet": "logic-intuitionistic\n\nGödel [1933e] interpreted these results as showing that intuitionistic logic and arithmetic are richer than classical logic and arithmetic, because the intuitionistic theory..."
        },
        {
          "corpus_id": "sep",
          "title": "proof-theory-development",
          "url": "https://plato.stanford.edu/entries/proof-theory-development/",
          "score": 0.0,
          "snippet": "proof-theory-development\n\nBoole, George |  computability and complexity |  epsilon calculus |  Frege, Gottlob |  Gödel, Kurt: incompleteness theorems |  Hilbert, David: program in the foundations of..."
        },
        {
          "corpus_id": "sep",
          "title": "weyl",
          "url": "https://plato.stanford.edu/entries/weyl/",
          "score": 0.0,
          "snippet": "weyl\n\nThe later impact of Gödel’s incompleteness theorems on Hilbert’s program led Weyl to remark in   1949:[32]"
        },
        {
          "corpus_id": "sep",
          "title": "computability",
          "url": "https://plato.stanford.edu/entries/computability/",
          "score": 0.0,
          "snippet": "computability\n\nIn his 1930 Ph.D. thesis, Gödel presented a complete axiomatization of first-order logic, based on the Principia Mathematica by Whitehead and Russell (Gödel 1930). Gödel proved his..."
        },
        {
          "corpus_id": "sep",
          "title": "hilbert-program",
          "url": "https://plato.stanford.edu/entries/hilbert-program/",
          "score": 0.0,
          "snippet": "hilbert-program\n\nIn the early 1920s, the German mathematician David Hilbert (1862–1943) put forward a new proposal for the foundation of classical mathematics which has come to be known as..."
        },
        {
          "corpus_id": "sep",
          "title": "hilbert-program",
          "url": "https://plato.stanford.edu/entries/hilbert-program/",
          "score": 0.0,
          "snippet": "hilbert-program\n\nHow do Gödel’s theorems impact Hilbert’s program? Through a careful (“Gödel”-) coding of sequences of symbols (formulas, proofs), Gödel showed that in theories \\(T\\) which..."
        },
        {
          "corpus_id": "sep",
          "title": "goedel",
          "url": "https://plato.stanford.edu/entries/goedel/",
          "score": 0.0,
          "snippet": "goedel\n\nGödel mentioned the possibility of the unsolvability of a question about the reals already in his 1929 thesis, in arguing against the formalist principle of Hilbert’s, that consistency is..."
        },
        {
          "corpus_id": "sep",
          "title": "goedel",
          "url": "https://plato.stanford.edu/entries/goedel/",
          "score": 0.0,
          "snippet": "goedel\n\nKurt Friedrich Gödel (b. 1906, d. 1978) was one of the principal founders of the modern, metamathematical era in mathematical logic. He is widely known for his Incompleteness Theorems, which..."
        },
        {
          "corpus_id": "sep",
          "title": "computability",
          "url": "https://plato.stanford.edu/entries/computability/",
          "score": 0.0,
          "snippet": "computability\n\nA mathematical problem is computable if it can be solved in principle by a computing device. Some common synonyms for “computable” are “solvable”, “decidable”, and..."
        },
        {
          "corpus_id": "sep",
          "title": "computability",
          "url": "https://plato.stanford.edu/entries/computability/",
          "score": 0.0,
          "snippet": "computability\n\nA year later, in 1931, Gödel shocked the mathematical world by proving his Incompleteness Theorem: there is no complete and computable axiomatization of the first-order theory of the..."
        },
        {
          "corpus_id": "sep",
          "title": "proof-theory-development",
          "url": "https://plato.stanford.edu/entries/proof-theory-development/",
          "score": 0.0,
          "snippet": "proof-theory-development\n\nIn pursuing his consistency program, Gentzen set as his first task the analysis of purely logical deduction, to be extended later to arithmetic and analysis. In his thesis..."
        },
        {
          "corpus_id": "sep",
          "title": "proof-theory-development",
          "url": "https://plato.stanford.edu/entries/proof-theory-development/",
          "score": 0.0,
          "snippet": "proof-theory-development\n\nThe development of   -->proof theory-->  can be naturally divided into: the prehistory of the notion of proof  in ancient logic and mathematics; the discovery by   Frege ..."
        }
      ],
      "source_score": {
        "matched": [
          "goedel-incompleteness",
          "goedel",
          "hilbert-program"
        ],
        "missing": [
          "frege-hilbert"
        ],
        "total_expected": 4,
        "ratio": 0.75
      },
      "fact_score": {
        "matched": [
          "first incompleteness",
          "second incompleteness",
          "Gödel",
          "Hilbert's program",
          "logicism",
          "consistency",
          "arithmetic"
        ],
        "missing": [
          "self-reference"
        ],
        "total_expected": 8,
        "ratio": 0.875
      },
      "embed_ms": 0,
      "search_ms": 0,
      "corpora_hit": [
        "sep"
      ],
      "vector_eligible": true,
      "synth": {
        "answer": "Based on the provided knowledge base, here are Gödel’s two incompleteness theorems and their philosophical implications for logicism and Hilbert's program.\n\n### 1. The Two Incompleteness Theorems\n\n**The First Incompleteness Theorem**\nGödel proved that there is no complete and computable axiomatization of the first-order theory of natural numbers [Source: computability]. Specifically, in any consistent formal system $T$ capable of expressing elementary arithmetic (such as Peano Arithmetic or Principia Mathematica), there exists an arithmetical statement—often called the Gödel sentence—that is undecidable within the system; it can be neither proven nor refuted by the axioms of $T$, even though it may be true in the standard model of arithmetic [Source: goedel-incompleteness], [Source: proof-theory-development].\n\n**The Second Incompleteness Theorem**\nGödel demonstrated that every consistent and effectively axiomatized theory that allows for the development of basic parts of arithmetic cannot prove its own consistency [Source: proof-theory]. If a formal system $T$ is consistent, then the formula expressing \"the system $T$ is consistent\" (denoted as $\\text{Con}_T$) is not provable within $T$ itself [Source: hilbert-program]. This result implies that if a system could prove its own consistency, it would necessarily be inconsistent.\n\n### 2. Philosophical Lessons Against Logicism\n\nLogicism holds that mathematics can be reduced to logic, meaning all mathematical truths are analytic truths derivable from self-evident logical steps [Source: goedel-incompleteness]. Gödel’s First Incompleteness Theorem has been taken to draw the following lesson against this view:\n\nIf all mathematical truths were merely analytic or logically derivable from a fixed set of axioms (as logicism posits), then every true statement in arithmetic should eventually be provable within those axiomatic systems. However, Gödel showed that there are true statements in arithmetic that cannot be proved within any consistent formal system containing elementary number theory [Source: goedel-incompleteness]. Therefore, these results suggest that mathematics contains \"synthetic\" truths—truths that go beyond what can be derived purely through logical analysis—and demonstrate that the theory of integers is demonstrably non-analytic [Source: goedel-incompleteness].\n\n### 3. Philosophical Lessons Against Hilbert's Program\n\nHilbert’s Program sought to justify classical mathematics by providing a finitary consistency proof for all mathematical theories (such as Principia Mathematica) using only concrete, finite methods [Source: hilbert-program], [Source: weyl]. The goal was to show that even if mathematicians used \"ideal propositions\" (like infinite sets), they would never lead to contradictions among real, concrete facts [Source: weyl]. Gödel’s Second Incompleteness Theorem refutes the general ambitions of this program under the assumption that finitist mathematics is contained within formal arithmetic systems [Source: proof-theory]:\n\n*   **Failure of Internal Consistency Proofs:** Hilbert hoped to prove the consistency of higher mathematics using finitary reasoning. However, since these finitary methods can be formalized within the very theories being analyzed (such as Principia or Peano Arithmetic), a successful finitary consistency proof should yield a derivation of $\\text{Con}_T$ inside $T$.\n*   **The Impossibility Result:** Because the Second Incompleteness Theorem proves that $T$ cannot derive its own consistency ($\\text{Con}_T$) if it is consistent, no such internal finitary proof exists [Source: hilbert-program].\n\nAs noted in the sources, Gödel’s results showed that \"Hilbert's optimism was undue\" and entailed that Hilbert's program fails because higher mathematics cannot be interpreted purely instrumentally; it contains truths (like its own consistency statement) that are beyond the reach of the weaker systems intended to ground them [Source: philosophy-mathematics], [Source: hilbert-program].",
        "reasoning_chars": 0,
        "stream_wall_ms": 59292,
        "total_latency_ms": 54024,
        "intent": "DeepQuery",
        "source_origins": [
          "sep"
        ],
        "retrieved_chunk_count": 36,
        "chunks_fact_score": {
          "matched": [
            "first incompleteness",
            "Gödel",
            "Hilbert's program",
            "logicism",
            "consistency",
            "arithmetic"
          ],
          "missing": [
            "second incompleteness",
            "self-reference"
          ],
          "total_expected": 8,
          "ratio": 0.75
        },
        "judge_fact_score": {
          "matched": [
            "first incompleteness",
            "second incompleteness",
            "Gödel",
            "Hilbert's program",
            "logicism",
            "consistency",
            "arithmetic",
            "self-reference"
          ],
          "missing": [],
          "total_expected": 8,
          "ratio": 1.0
        },
        "judge_evidence": [
          {
            "fact": "first incompleteness",
            "present": true,
            "evidence": "**The First Incompleteness Theorem**\nGödel proved that there is no complete and computable axiomatization..."
          },
          {
            "fact": "second incompleteness",
            "present": true,
            "evidence": "\"The Second Incompleteness Theorem\" ... \"Gödel's Second Incompleteness Theorem refutes the general ambitions of this program\""
          },
          {
            "fact": "Gödel",
            "present": true,
            "evidence": "Based on the provided knowledge base, here are Gödel's two incompleteness theorems..."
          },
          {
            "fact": "Hilbert's program",
            "present": true,
            "evidence": "\"Hilbert's Program sought to justify classical mathematics by providing a finitary consistency proof for all mathematical theories\""
          },
          {
            "fact": "logicism",
            "present": true,
            "evidence": "\"Philosophical Lessons Against Logicism: Logicism holds that mathematics can be reduced to logic...\""
          },
          {
            "fact": "consistency",
            "present": true,
            "evidence": "\"Specifically, in any consistent formal system...\""
          },
          {
            "fact": "arithmetic",
            "present": true,
            "evidence": "elementary arithmetic (such as Peano Arithmetic or Principia Mathematica)"
          },
          {
            "fact": "self-reference",
            "present": true,
            "evidence": "\"Logicism holds that mathematics can be reduced to logic, meaning all mathematical truths are analytic truths derivable from self-evident logical steps\""
          }
        ]
      }
    },
    {
      "question_id": "argument_rawls_original_position",
      "category": "argument_reconstruction",
      "question": "Reconstruct Rawls's original-position argument for the two principles of\njustice, and explain Nozick's entitlement-theory objection that the\nargument illegitimately privileges patterned over historical\nconceptions of justice.\n",
      "retrieved": [
        {
          "corpus_id": "sep",
          "title": "original-position",
          "url": "https://plato.stanford.edu/entries/original-position/",
          "score": 0.0,
          "snippet": "original-position\n\nRawls makes four arguments in Theory, Part I for the principles of justice. The main argument for the difference principle is made later in section 49, and is substantially amended..."
        },
        {
          "corpus_id": "sep",
          "title": "nozick-political",
          "url": "https://plato.stanford.edu/entries/nozick-political/",
          "score": 0.0,
          "snippet": "nozick-political\n\nStill, by far the most philosophically important chapter of Part II is chapter 7, “Distributive Justice” in which Nozick seeks to counter the view that a more extensive state is..."
        },
        {
          "corpus_id": "sep",
          "title": "justice-distributive",
          "url": "https://plato.stanford.edu/entries/justice-distributive/",
          "score": 0.0,
          "snippet": "justice-distributive\n\nNozick does not make an attempt to provide a principle of rectification. The absence of such a principle is much worse for a historical theory than for a patterned theory. Past..."
        },
        {
          "corpus_id": "sep",
          "title": "rawls",
          "url": "https://plato.stanford.edu/entries/rawls/",
          "score": 0.0,
          "snippet": "rawls\n\nThe argument from the original position has two parts. In the first part, the parties agree to principles of justice. In the second part, the parties check that a society ordered by these..."
        },
        {
          "corpus_id": "sep",
          "title": "international-justice",
          "url": "https://plato.stanford.edu/entries/international-justice/",
          "score": 0.0,
          "snippet": "international-justice\n\nThe debate between libertarian and liberal theories of distributive justice is a long-standing one within analytic political philosophy; Robert Nozick’s Anarchy, State, and..."
        },
        {
          "corpus_id": "sep",
          "title": "justice",
          "url": "https://plato.stanford.edu/entries/justice/",
          "score": 0.0,
          "snippet": "justice\n\nTheories of justice can then be distinguished according to the relative weight they attach to procedures and substantive outcomes. Some theories are purely procedural in form. Robert Nozick..."
        },
        {
          "corpus_id": "sep",
          "title": "justice-virtue",
          "url": "https://plato.stanford.edu/entries/justice-virtue/",
          "score": 0.0,
          "snippet": "justice-virtue\n\nRawls’s positive view of justice is concerned primarily with the justice of institutions or (what he calls) the “basic structure” of society: justice as an individual virtue is..."
        },
        {
          "corpus_id": "sep",
          "title": "contractarianism-contemporary",
          "url": "https://plato.stanford.edu/entries/contractarianism-contemporary/",
          "score": 0.0,
          "snippet": "contractarianism-contemporary\n\nRawls, along with Gauthier and Buchanan, was sometimes attracted to such a reading. Rawls (1999, 104) describes the argument from the original position as invoking..."
        },
        {
          "corpus_id": "sep",
          "title": "rawls",
          "url": "https://plato.stanford.edu/entries/rawls/",
          "score": 0.0,
          "snippet": "rawls\n\nRawls describes the fundamental interests of a people as follows:"
        },
        {
          "corpus_id": "sep",
          "title": "reflective-equilibrium",
          "url": "https://plato.stanford.edu/entries/reflective-equilibrium/",
          "score": 0.0,
          "snippet": "reflective-equilibrium\n\nRawls insists that the principles that emerge from the Original Position must fit with our considered judgments about justice in wide reflective equilibrium. This constraint..."
        },
        {
          "corpus_id": "sep",
          "title": "autonomy-moral",
          "url": "https://plato.stanford.edu/entries/autonomy-moral/",
          "score": 0.0,
          "snippet": "autonomy-moral\n\nBut it is the Kantian brand of liberalism that places autonomy of persons at center stage. Rawls’s Theory of Justice was seen as the contemporary manifestation of this Kantian..."
        },
        {
          "corpus_id": "sep",
          "title": "justice-bad-luck",
          "url": "https://plato.stanford.edu/entries/justice-bad-luck/",
          "score": 0.0,
          "snippet": "justice-bad-luck\n\nThere are two reasons for narrowing the focus in this way. First, some end-result principles have been defended on the basis of considerations about luck. Thus it is often suggested..."
        },
        {
          "corpus_id": "sep",
          "title": "nozick-political",
          "url": "https://plato.stanford.edu/entries/nozick-political/",
          "score": 0.0,
          "snippet": "nozick-political\n\nThis account of the political philosophy of Robert Nozick is fundamentally an account of the rights-oriented libertarian doctrine that Nozick presents in Anarchy, State, and Utopia...."
        },
        {
          "corpus_id": "sep",
          "title": "william-david-ross",
          "url": "https://plato.stanford.edu/entries/william-david-ross/",
          "score": 0.0,
          "snippet": "william-david-ross\n\nRoss has a further argument against Rawls. Rawls’s theory contains two principles of justice, lexically ordered. His first principle outlining a set of basic rights takes..."
        },
        {
          "corpus_id": "sep",
          "title": "liberalism",
          "url": "https://plato.stanford.edu/entries/liberalism/",
          "score": 0.0,
          "snippet": "liberalism\n\nThus, Robert Nozick (1974: 160ff) famously classifies Rawls’s difference principle as patterned but not historical: prescribing a distribution while putting no moral weight on who..."
        },
        {
          "corpus_id": "sep",
          "title": "religion-politics",
          "url": "https://plato.stanford.edu/entries/religion-politics/",
          "score": 0.0,
          "snippet": "religion-politics\n\nFirst, Rawls' own position about the relation between coercive law and religious reasons has shifted. In Political Liberalism, Rawls admits that at one point he inclined toward..."
        },
        {
          "corpus_id": "sep",
          "title": "envy",
          "url": "https://plato.stanford.edu/entries/envy/",
          "score": 0.0,
          "snippet": "envy\n\nIn constructing the “original position” from which deliberators select principles of justice in A Theory of Justice, Rawls assumes that the imagined deliberators are not motivated by..."
        },
        {
          "corpus_id": "sep",
          "title": "equality",
          "url": "https://plato.stanford.edu/entries/equality/",
          "score": 0.0,
          "snippet": "equality\n\nSince Rawls’ Theory of Justice is the classical focal point of present-day political philosophy, it is worth noting the different ways his theory claims to be egalitarian. First, Rawls..."
        },
        {
          "corpus_id": "sep",
          "title": "original-position",
          "url": "https://plato.stanford.edu/entries/original-position/",
          "score": 0.0,
          "snippet": "[Atlas highlights]\n[John Rawls (original-position)]: \"In a series of pairwise comparisons, they consider all the conceptions of justice made available to them and ultimately agree unanimously to..."
        },
        {
          "corpus_id": "sep",
          "title": "justice",
          "url": "https://plato.stanford.edu/entries/justice/",
          "score": 0.0,
          "snippet": "[Atlas highlights]\n[justice]: \"justice is entirely a matter of th e sequence of prior events that created it\"\n\njustice\n\nTheories of justice can then be distinguished according to the relative weight..."
        },
        {
          "corpus_id": "sep",
          "title": "original-position",
          "url": "https://plato.stanford.edu/entries/original-position/",
          "score": 0.0,
          "snippet": "original-position\n\nThe original position is a central feature of John Rawls’s social contract account of justice, “justice as fairness,” set forth in A Theory of Justice (TJ). The original..."
        },
        {
          "corpus_id": "sep",
          "title": "original-position",
          "url": "https://plato.stanford.edu/entries/original-position/",
          "score": 0.0,
          "snippet": "original-position\n\nHistorically the idea of a social contract had a more limited role than Rawls assigns to it. In Hobbes and Locke the social contract serves as an argument for the legitimacy of..."
        },
        {
          "corpus_id": "sep",
          "title": "nozick-political",
          "url": "https://plato.stanford.edu/entries/nozick-political/",
          "score": 0.0,
          "snippet": "nozick-political\n\nThere are four main topics that most deserve discussion with respect to Anarchy, State, and Utopia. They are: (1) the underpinning (if any) and the character and robustness of the..."
        },
        {
          "corpus_id": "sep",
          "title": "nozick-political",
          "url": "https://plato.stanford.edu/entries/nozick-political/",
          "score": 0.0,
          "snippet": "nozick-political\n\nSo, Nozick offers very much the same type of argument for the existence of some correct regulative principle for social interaction as Rawls does in A Theory of Justice. The..."
        },
        {
          "corpus_id": "sep",
          "title": "justice",
          "url": "https://plato.stanford.edu/entries/justice/",
          "score": 0.0,
          "snippet": "justice\n\nThe problem for Rawls, however, is to show that the principles that would be selected in such an original position are in fact recognizable as principles of justice. One might expect the..."
        },
        {
          "corpus_id": "sep",
          "title": "justice",
          "url": "https://plato.stanford.edu/entries/justice/",
          "score": 0.0,
          "snippet": "justice\n\nWhen he turns to the distribution of income and wealth, Rawls has to show why his choosers would pick the difference principle, which considers only the position of the worst-off social..."
        },
        {
          "corpus_id": "sep",
          "title": "rawls",
          "url": "https://plato.stanford.edu/entries/rawls/",
          "score": 0.0,
          "snippet": "rawls\n\nThe use of political power in a liberal society will be legitimate if it is employed in accordance with the principles of any liberal conception of justice. By Rawls’s criteria, a..."
        },
        {
          "corpus_id": "sep",
          "title": "rawls",
          "url": "https://plato.stanford.edu/entries/rawls/",
          "score": 0.0,
          "snippet": "rawls\n\nJustice as fairness is Rawls’s theory of justice for a liberal society. As a member of the family of liberal political conceptions of justice it provides a framework for the legitimate use..."
        }
      ],
      "source_score": {
        "matched": [
          "original-position",
          "rawls",
          "nozick-political",
          "justice-distributive"
        ],
        "missing": [],
        "total_expected": 4,
        "ratio": 1.0
      },
      "fact_score": {
        "matched": [
          "original position",
          "veil of ignorance",
          "Rawls",
          "two principles",
          "difference principle",
          "Nozick",
          "entitlement theory",
          "patterned"
        ],
        "missing": [],
        "total_expected": 8,
        "ratio": 1.0
      },
      "embed_ms": 0,
      "search_ms": 0,
      "corpora_hit": [
        "sep"
      ],
      "vector_eligible": true,
      "synth": {
        "answer": "### Rawls’s Original-Position Argument\n\nJohn Rawls’s argument for his two principles of justice is grounded in the device of the **original position**, a hypothetical deliberative situation designed to ensure impartiality. The central feature of this setup is the **\"veil of ignorance,\"** which deprives the parties of all knowledge regarding their personal characteristics, social status, historical circumstances, and specific conception of the good [Source: original-position]. While ignorant of these contingencies, the parties are aware of general facts about psychology, economics, biology, and human nature, as well as their own fundamental interests [Source: original-position; Source: autonomy-moral].\n\nThe task assigned to these parties is not open-ended bargaining or negotiation (as in Hobbesian or Lockean models), but rather a constrained selection process from a list of established conceptions of justice drawn from Western political philosophy. This list includes various forms of utilitarianism, perfectionism, intuitionism, rational egoism, mixed conceptions, and **justice as fairness** [Source: original-position]. The parties engage in pairwise comparisons among these alternatives to determine which conception best advances their interests in securing the conditions necessary to pursue their final ends [Source: original-position]. Rawls argues that it is more rational for the parties to choose his two principles over competing theories—particularly classical and average utilitarianism—because doing so safeguards their fundamental interests [Source: original-position; Source: rawls].\n\nThe two principles chosen are:\n1.  **Equal Basic Liberties:** Each person has an equal right to a fully adequate scheme of basic rights and liberties (such as freedom of speech, assembly, and conscience) compatible with a similar scheme for all others. This principle secures the \"fundamental interests\" required to maintain self-respect and pursue one’s conception of the good [Source: original-position; Source: equality].\n2.  **Fair Equality of Opportunity and the Difference Principle:** Social and economic inequalities must satisfy two conditions. First, they must be attached to offices and positions open to all under conditions of fair equality of opportunity. Second, they must be arranged so that they are to the greatest benefit of the least advantaged members of society (the difference principle) [Source: original-position; Source: justice-virtue].\n\nRawls contends that behind the veil of ignorance, parties would prioritize liberty because it is essential for maintaining self-respect—a primary social good [Source: justice]. Regarding distribution, Rawls argues against utilitarian aggregation by positing that rational choosers, facing uncertainty about their future position in society, would adopt a **\"maximin\"** decision rule—choosing the option whose worst possible outcome is least bad—to ensure a guaranteed minimum level of income and wealth [Source: justice]. Alternatively, later interpretations suggest parties start with a presumption of equality but permit inequalities only if they can be justified to everyone, including the worst-off, thereby creating a more stable society [Source: justice].\n\n### Nozick’s Entitlement-Theory Objection\n\nRobert Nozick objects to Rawlsian liberalism (and patterned theories generally) on the grounds that it illegitimately privileges **patterned** conceptions of justice over **historical** ones. In *Anarchy, State, and Utopia*, Nozick distinguishes between three types of distributive justice:\n1.  **End-state theories:** Justice is defined by the overall structure or property of a distribution at a specific time (e.g., whether it is egalitarian).\n2.  **Patterned theories:** Justice requires that distributions match some individual feature, such as desert, need, or merit [Source: justice].\n3.  **Historical theories:** Justice depends entirely on the process by which holdings arose—specifically, whether they were acquired justly and transferred voluntarily [Source: justice; Source: nozick-political].\n\nNozick classifies Rawls’s difference principle as a patterned theory because it prescribes a specific distributive outcome (maximizing the position of the worst-off) regardless of how those holdings came about [Source: liberalism]. Nozick argues that his own **historical entitlement** conception is superior because it respects individuals as separate agents with their own lives to lead. In this view, a distribution is just if every person within its scope is entitled to what they own based on legitimate acquisition (e.g., laboring on land) or voluntary transfer (e.g., contract or gift), tracing back to an initial just act [Source: justice; Source: nozick-political].\n\nThe core of Nozick’s objection is that enforcing a patterned principle like Rawls’s difference principle requires continuous interference with individual liberty. If people voluntarily exchange goods in ways that disrupt the required pattern (for example, by paying entertainers large sums), the state must either prohibit these voluntary exchanges or continually redistribute resources to restore the pattern. Nozick argues this amounts to \"partial ownership\" over individuals and their talents, which violates their rights [Source: international-justice; Source: nozick-political]. He asserts that respecting property rights makes such patterns chimerical at best and totalitarian at worst [Source: international-justice].\n\nFurthermore, Nozick rejects the idea that justice can be determined by a hypothetical agreement behind a veil of ignorance. Unlike Rawls, who relies on a contractualist framework where principles are justified if they would be agreed upon under fair conditions, Nozick believes we can identify unjust treatments (such as sacrificing one person for another) without appealing to any actual or hypothetical agreement [Source: nozick-political]. For Nozick, justice is entirely procedural and historical; [unverified excerpt: the shape of the final distribution is irrelevant] so long as it arose from just steps [Source: justice]. He also notes that his theory lacks a principle of rectification for past injustices, which he admits makes applying it to actual societies difficult, but maintains this is a flaw inherent in all theories rather than unique to his own [Source: justice-distributive].\n\n### Summary of the Conflict\n\nThe debate centers on whether justice requires regulating outcomes (Rawls’s patterned/end-state approach via the difference principle) or merely ensuring legitimate processes (Nozick’s historical entitlement approach). Rawls argues that natural talents and social circumstances are morally arbitrary products of luck, and thus institutions should mitigate their effects through the difference principle [Source: equality; Source: justice-bad-luck]. Nozick counters that even if these factors are matters of luck, they do not erode individual entitlements derived from voluntary actions, and that enforcing a distributive pattern violates the liberty required for individuals to pursue their own ends [Source: international-justice; Source: nozick-political].\n\nI don't have reliable information on whether contemporary political philosophy has reached a consensus resolving this specific tension between Rawlsian constructivism and Nozickean libertarianism.",
        "reasoning_chars": 0,
        "stream_wall_ms": 77750,
        "total_latency_ms": 72124,
        "intent": "DeepQuery",
        "source_origins": [
          "sep"
        ],
        "retrieved_chunk_count": 28,
        "chunks_fact_score": {
          "matched": [
            "original position",
            "Rawls",
            "two principles",
            "difference principle",
            "Nozick",
            "patterned"
          ],
          "missing": [
            "veil of ignorance",
            "entitlement theory"
          ],
          "total_expected": 8,
          "ratio": 0.75
        },
        "judge_fact_score": {
          "matched": [
            "original position",
            "veil of ignorance",
            "Rawls",
            "two principles",
            "difference principle",
            "Nozick",
            "entitlement theory",
            "patterned"
          ],
          "missing": [],
          "total_expected": 8,
          "ratio": 1.0
        },
        "judge_evidence": [
          {
            "fact": "original position",
            "present": true,
            "evidence": "\"John Rawls's argument for his two principles of justice is grounded in the device of the **original position**, a hypothetical deliberative situation designed to ensure impartiality.\""
          },
          {
            "fact": "veil of ignorance",
            "present": true,
            "evidence": "\"The central feature of this setup is the 'veil of ignorance,' which deprives the parties of all knowledge regarding their personal characteristics...\""
          },
          {
            "fact": "Rawls",
            "present": true,
            "evidence": "\"John Rawls's argument for his two principles of justice is grounded in the device of the original position...\""
          },
          {
            "fact": "two principles",
            "present": true,
            "evidence": "\"Rawls argues that it is more rational for the parties to choose his two principles over competing theories\""
          },
          {
            "fact": "difference principle",
            "present": true,
            "evidence": "\"Social and economic inequalities must satisfy two conditions... they must be arranged so that they are to the greatest benefit of the least advantaged members of society (the difference principle)\""
          },
          {
            "fact": "Nozick",
            "present": true,
            "evidence": "\"### Nozick's Entitlement-Theory Objection... Robert Nozick objects to Rawlsian liberalism..."
          },
          {
            "fact": "entitlement theory",
            "present": true,
            "evidence": "\"Nozick objects to Rawlsian liberalism... on the grounds that it illegitimately privileges patterned conceptions of justice over historical ones.\""
          },
          {
            "fact": "patterned",
            "present": true,
            "evidence": "\"Nozick objects to Rawlsian liberalism (and patterned theories generally) on the grounds that it illegitimately privileges **patterned** conceptions of justice over **historical** ones.\""
          }
        ]
      }
    },
    {
      "question_id": "comparative_berlin_liberty",
      "category": "comparative",
      "question": "Compare Berlin's negative and positive conceptions of liberty, and\nexplain why Berlin thinks positive liberty is historically liable to\nauthoritarian inversion.\n",
      "retrieved": [
        {
          "corpus_id": "sep",
          "title": "sep",
          "url": null,
          "score": 0.0,
          "snippet": "The passages analyze the conceptual distinctions and tensions between negative liberty, defined as freedom from external constraints, and positive liberty, which involves internal capacities or...",
          "source": "raptor"
        },
        {
          "corpus_id": "sep",
          "title": "sep",
          "url": null,
          "score": 0.0,
          "snippet": "Isaiah Berlin argues for the primacy of negative liberty over positive liberty, contending that the latter's association with rational self-rule and a singular public interest threatens ethical...",
          "source": "raptor"
        },
        {
          "corpus_id": "sep",
          "title": "sep",
          "url": null,
          "score": 0.0,
          "snippet": "Isaiah Berlin advocates for value pluralism and negative liberty, arguing that genuine values are numerous, incompatible, and incommensurable. He supports this by asserting that ethical conflicts...",
          "source": "raptor"
        },
        {
          "corpus_id": "sep",
          "title": "sep",
          "url": null,
          "score": 0.0,
          "snippet": "The concept of liberty is fundamentally analyzed through the distinction between negative and positive senses, a framework established by Isaiah Berlin but subject to various interpretations...",
          "source": "raptor"
        },
        {
          "corpus_id": "sep",
          "title": "sep",
          "url": null,
          "score": 0.0,
          "snippet": "The text distinguishes between freedom defined by the range and quality of available choices, illustrated through the contrast between a prisoner's limited options and those of an individual outside...",
          "source": "raptor"
        },
        {
          "corpus_id": "sep",
          "title": "sep",
          "url": null,
          "score": 0.0,
          "snippet": "The text argues that republican liberty, defined as non-domination or independence from arbitrary power, offers a superior account of political freedom compared to the liberal negative conception of...",
          "source": "raptor"
        },
        {
          "corpus_id": "sep",
          "title": "sep",
          "url": null,
          "score": 0.0,
          "snippet": "The introduction of an atomic swerve to preserve human freedom is argued against as a flawed concept. Instead, the text suggests that for rational animals like humans, true liberty lies in actions...",
          "source": "raptor"
        },
        {
          "corpus_id": "sep",
          "title": "sep",
          "url": null,
          "score": 0.0,
          "snippet": "Mill advances a perfectionist liberal framework where the harm principle serves as the primary, though not absolute or strictly necessary, basis for restricting individual liberties to prevent harm...",
          "source": "raptor"
        },
        {
          "corpus_id": "sep",
          "title": "berlin",
          "url": "https://plato.stanford.edu/entries/berlin/",
          "score": 0.0,
          "snippet": "[Atlas highlights]\n[berlin]: \"admirers and critics agree that Berlin’s distinction between positive and negative liberty is... a basic starting point\"\n[berlin]: \"He was renowned for his..."
        },
        {
          "corpus_id": "sep",
          "title": "berlin",
          "url": "https://plato.stanford.edu/entries/berlin/",
          "score": 0.0,
          "snippet": "[Atlas highlights]\n[Isaiah Berlin (berlin)]: \"there is a limit on the variation – just as the human face may vary greatly... while remaining recognisably human...\"\nArgument: The argument from..."
        },
        {
          "corpus_id": "sep",
          "title": "berlin",
          "url": "https://plato.stanford.edu/entries/berlin/",
          "score": 0.0,
          "snippet": "[Atlas highlights]\n[Isaiah Berlin (berlin)]: \"pluralism accepts a basic ‘core’ of human values, and that these and other values adopted alongside them in a particular context fall within a common..."
        },
        {
          "corpus_id": "sep",
          "title": "berlin",
          "url": "https://plato.stanford.edu/entries/berlin/",
          "score": 0.0,
          "snippet": "[Atlas highlights]\n[value pluralism (berlin)]: \"pluralism holds that, where there are conflicts between genuine val\"\nArgument: Argument from Pluralism to Liberal Choice [from berlin]\n  P1. Conflicts..."
        },
        {
          "corpus_id": "sep",
          "title": "berlin",
          "url": "https://plato.stanford.edu/entries/berlin/",
          "score": 0.0,
          "snippet": "[Atlas highlights]\nArgument: Genealogical identification of anti-monistic figures [from berlin]\n  P1. Machiavelli, Vico and Herder are identified as early rebels against monism.\n  P2. Other scholars..."
        },
        {
          "corpus_id": "sep",
          "title": "berlin",
          "url": "https://plato.stanford.edu/entries/berlin/",
          "score": 0.0,
          "snippet": "[Atlas highlights]\n[Isaiah Berlin (berlin)]: \"The sciences are concerned with types, the humanities with individuals. Scientists concentrate on similarities and look for regularities;\"\n[Isaiah Berlin..."
        },
        {
          "corpus_id": "sep",
          "title": "berlin",
          "url": "https://plato.stanford.edu/entries/berlin/",
          "score": 0.0,
          "snippet": "[Atlas highlights]\n[Isaiah Berlin (berlin)]: \"Philosophy, however, was for Berlin concerned with questions which not only could not at present be answered, but for which no clearly proper method of..."
        },
        {
          "corpus_id": "sep",
          "title": "liberty-positive-negative",
          "url": "https://plato.stanford.edu/entries/liberty-positive-negative/",
          "score": 0.0,
          "snippet": "[Atlas highlights]\n[Isaiah Berlin (liberty-positive-negative)]: \"negative and positive liberty are not merely two distict kinds of liberty; they can beseen as rival, incompatibie intepretations of a..."
        },
        {
          "corpus_id": "sep",
          "title": "liberalism",
          "url": "https://plato.stanford.edu/entries/liberalism/",
          "score": 0.0,
          "snippet": "[Atlas highlights]\nDefining negative conception of liberty (liberalism): \"On this view, the opposite of freedom is domination. To be unfree is to be 'subject to the potentially capricious will or the..."
        },
        {
          "corpus_id": "sep",
          "title": "liberty-positive-negative",
          "url": "https://plato.stanford.edu/entries/liberty-positive-negative/",
          "score": 0.0,
          "snippet": "liberty-positive-negative\n\nThe two sides identified by Berlin disagree over which of two different concepts best captures the political ideal of ‘liberty’. Does this fact not denote the presence..."
        },
        {
          "corpus_id": "sep",
          "title": "republicanism",
          "url": "https://plato.stanford.edu/entries/republicanism/",
          "score": 0.0,
          "snippet": "republicanism\n\nLiberals like Berlin have thus understandably rejected the positive and embraced the negative conception of liberty. The question remains, however, whether the received view of..."
        },
        {
          "corpus_id": "sep",
          "title": "green",
          "url": "https://plato.stanford.edu/entries/green/",
          "score": 0.0,
          "snippet": "green\n\nIn “Two Concepts of Liberty” Isaiah Berlin famously distinguishes between negative and positive liberty and criticizes various conceptions of positive freedom, including Green’s (1958:..."
        },
        {
          "corpus_id": "sep",
          "title": "anarchism",
          "url": "https://plato.stanford.edu/entries/anarchism/",
          "score": 0.0,
          "snippet": "anarchism\n\nIt is worth considering here, the complexity of the notion of liberty under consideration by appealing to Isaiah Berlin’s well-known distinction between negative and positive liberty..."
        },
        {
          "corpus_id": "sep",
          "title": "liberalism",
          "url": "https://plato.stanford.edu/entries/liberalism/",
          "score": 0.0,
          "snippet": "liberalism\n\nLiberals disagree, however, about the concept of liberty, and as a result the liberal ideal of protecting individual liberty can lead to different conceptions of the task of government...."
        },
        {
          "corpus_id": "sep",
          "title": "libertarianism",
          "url": "https://plato.stanford.edu/entries/libertarianism/",
          "score": 0.0,
          "snippet": "libertarianism\n\nanarchism |  liberalism |  liberty: positive and negative |  Locke, John |  Nozick, Robert: political philosophy |  property and ownership |  rights"
        },
        {
          "corpus_id": "sep",
          "title": "dewey-political",
          "url": "https://plato.stanford.edu/entries/dewey-political/",
          "score": 0.0,
          "snippet": "dewey-political\n\nThis account of the character and value of freedom was for Dewey, as for the Idealists and New Liberals that he drew on and for later writers on negative and positive liberty such as..."
        },
        {
          "corpus_id": "sep",
          "title": "law-limits",
          "url": "https://plato.stanford.edu/entries/law-limits/",
          "score": 0.0,
          "snippet": "law-limits\n\nThere is a controversy here as to whether the negative liberty which Moore explicitly invokes (and which Devlin assumes) can ground the requisite prima facie reason against legal coercion..."
        },
        {
          "corpus_id": "sep",
          "title": "brouwer",
          "url": "https://plato.stanford.edu/entries/brouwer/",
          "score": 0.0,
          "snippet": "brouwer\n\nThe Berlin lectures of 1927 have been published in"
        },
        {
          "corpus_id": "sep",
          "title": "moral-relativism",
          "url": "https://plato.stanford.edu/entries/moral-relativism/",
          "score": 0.0,
          "snippet": "moral-relativism\n\nAgainst such a position, an objectivist may ask why we should think objective goods are incommensurable: If X and Y are both objectively good, then why not say that the statement..."
        },
        {
          "corpus_id": "sep",
          "title": "neurath",
          "url": "https://plato.stanford.edu/entries/neurath/",
          "score": 0.0,
          "snippet": "neurath\n\nHans Reichenbach, Carnap and Schlick’s ally in Berlin, was the leader of the Berlin Society for Scientific Philosophy, also known as the Berlin Circle, and hence was in personal and..."
        },
        {
          "corpus_id": "sep",
          "title": "liberty-positive-negative",
          "url": "https://plato.stanford.edu/entries/liberty-positive-negative/",
          "score": 0.0,
          "snippet": "liberty-positive-negative\n\nBecause the concept of negative freedom concentrates on the external sphere in which individuals interact, it seems to provide a better guarantee against the dangers of..."
        },
        {
          "corpus_id": "sep",
          "title": "liberty-positive-negative",
          "url": "https://plato.stanford.edu/entries/liberty-positive-negative/",
          "score": 0.0,
          "snippet": "liberty-positive-negative\n\nOn MacCallum’s analysis, then, there is no simple dichotomy between positive and negative liberty; rather, we should recognize that there is a whole range of possible..."
        },
        {
          "corpus_id": "sep",
          "title": "liberalism",
          "url": "https://plato.stanford.edu/entries/liberalism/",
          "score": 0.0,
          "snippet": "liberalism\n\nBerlin, Isaiah |  Bosanquet, Bernard |  communitarianism |  conservatism |  contractarianism |  contractualism |  cosmopolitanism |  domination |  Enlightenment |  freedom: of association..."
        },
        {
          "corpus_id": "sep",
          "title": "liberalism",
          "url": "https://plato.stanford.edu/entries/liberalism/",
          "score": 0.0,
          "snippet": "liberalism\n\nThe republican conception of liberty is distinct from both Greenian positive and negative conceptions. Unlike Greenian positive liberty, republican liberty is not primarily concerned with..."
        },
        {
          "corpus_id": "sep",
          "title": "green",
          "url": "https://plato.stanford.edu/entries/green/",
          "score": 0.0,
          "snippet": "green\n\nThis gives the state not just negative duties to refrain from interfering with the freedoms and opportunities of its citizens but also positive duties to provide resources and opportunities..."
        },
        {
          "corpus_id": "sep",
          "title": "green",
          "url": "https://plato.stanford.edu/entries/green/",
          "score": 0.0,
          "snippet": "green\n\nGreen also thinks the Kantian dualism is unnecessary. The idealist can explain error. We can never have access to things-in-themselves. But we can have access to other appearances that, in..."
        },
        {
          "corpus_id": "sep",
          "title": "green",
          "url": "https://plato.stanford.edu/entries/green/",
          "score": 0.0,
          "snippet": "green\n\nGreen makes clear that the sort of moral personality that is required by responsibility is a capacity to recognize and be guided by reasons. This is clear from his defense of Kant’s..."
        }
      ],
      "source_score": {
        "matched": [
          "liberty-positive-negative",
          "berlin",
          "liberalism"
        ],
        "missing": [],
        "total_expected": 3,
        "ratio": 1.0
      },
      "fact_score": {
        "matched": [
          "negative liberty",
          "positive liberty",
          "Berlin",
          "Two Concepts of Liberty",
          "self-mastery",
          "authoritarian"
        ],
        "missing": [
          "MacCallum"
        ],
        "total_expected": 7,
        "ratio": 0.85714287
      },
      "embed_ms": 0,
      "search_ms": 0,
      "corpora_hit": [
        "sep"
      ],
      "vector_eligible": true,
      "synth": {
        "answer": "Isaiah Berlin’s distinction between negative and positive liberty, articulated in his 1958 lecture *Two Concepts of Liberty*, identifies two rival interpretations of the same political ideal [Source: liberty-positive-negative]. While both concepts center on valid claims about human nature, Berlin argues that while negative liberty is a permanent value, positive liberty contains an inherent logical vulnerability to authoritarian inversion.\n\n### Negative vs. Positive Conceptions\nBerlin defines **negative liberty** as \"the absence of obstacles, barriers or constraints\" (liberty-positive-negative). It answers the question: [unverified excerpt: What is the area within which the subject — a person or group of persons — is or should be left to do or be what he is able to do or be, without interference by other persons?] This conception focuses exclusively on the external sphere and protects individual sovereignty from coercion [Source: green; Source: liberty-positive-negative].\n\nIn contrast, **positive liberty** concerns \"self-mastery\" or self-direction. It asks: [unverified excerpt: What, or who, is the source of control or interference that can determine someone to do, or be, this rather than that?] Positive liberty involves taking care of one’s life and realizing fundamental purposes (liberty-positive-negative). Historically developed by British neo-Hegelians like Thomas Hill Green and Bernard Bosanquet, it posits that a person can be unfree not just through political compulsion but psychologically—when they are subject to impulses or cravings they cannot control (green). In its collective form, positive liberty identifies freedom with acting according to the \"general will\" or rational nature [Source: liberalism; Source: green].\n\n### The Logic of Authoritarian Inversion\nBerlin argues that while negative liberty is inherently liberal because it demands limits on state power, positive liberty is historically liable to authoritarian inversion due to two specific conceptual moves.\n\n**1. The Division of the Self**\nThe primary mechanism for this inversion is the splitting of the self into higher and lower parts. Berlin notes that if one defines a person’s \"true\" self as their rational, moral, or spiritual component—distinct from their empirical desires—the door opens for coercion (liberty-positive-negative). If an individual acts against their own \"rational will,\" they are arguably acting under the influence of base impulses and thus not truly free [Source: green]. This allows authorities to claim they know what is best for individuals better than those individuals do themselves. As Berlin observes regarding Rousseau, this transforms the concept of will so that forcing someone to obey the state can be framed as forcing them to be \"free\" by aligning with their true nature [Source: berlin; Source: liberalism].\n\n**2. The Monistic Assumption**\nBerlin’s deeper objection rests on his philosophy of **value pluralism**. He argues that positive liberty relies on a monistic assumption—that there is one single right answer or ultimate goal for humanity (liberty-positive-negative). If all genuine values are compatible and part of a harmonious whole, then any deviation from the rational path must be an error caused by ignorance or irrationality. Consequently, those in power may feel justified in coercing others to achieve this \"true\" freedom. Berlin counters that human values are objectively plural, often incompatible, and incommensurable [Source: berlin; Source: sep]. Because there is no universal formula to resolve conflicts between competing goods like justice and mercy, imposing a single vision of the good life inevitably restricts liberty [Source: berlin].\n\n### Conclusion\nBerlin does not reject positive liberty entirely as a valid concept for personal self-realization (liberty-positive-negative). However, he warns that because it focuses on *who* controls one's life rather than just *whether* they are controlled, its historical trajectory has frequently led to authoritarianism. By conflating individual desires with an objective \"true\" will or collective interest, positive liberty can justify tyranny in the name of liberation—a danger Berlin viewed as particularly acute given his experiences in the Soviet Union during 1945–6 and his opposition to Communism (berlin).\n\n---\n*Verification note: these statements could not be confirmed against your sources — treat them as unverified:*\n- the absence of obstacles, barriers or constraints\n- What is the area within which the subject — a person or group of persons — is or should be left to do or be what he is able to do or be, without interference by…\n- self-mastery\n- He argues that positive liberty relies on a monistic assumption—that there is one single right answer or ultimate goal for humanity (liberty-positive-negative).",
        "reasoning_chars": 0,
        "stream_wall_ms": 69320,
        "total_latency_ms": 64767,
        "intent": "DeepQuery",
        "source_origins": [
          "sep"
        ],
        "retrieved_chunk_count": 35,
        "chunks_fact_score": {
          "matched": [
            "negative liberty",
            "positive liberty",
            "Berlin",
            "Two Concepts of Liberty",
            "MacCallum"
          ],
          "missing": [
            "self-mastery",
            "authoritarian"
          ],
          "total_expected": 7,
          "ratio": 0.71428573
        },
        "judge_fact_score": {
          "matched": [
            "negative liberty",
            "positive liberty",
            "Berlin",
            "Two Concepts of Liberty",
            "self-mastery",
            "authoritarian"
          ],
          "missing": [
            "MacCallum"
          ],
          "total_expected": 7,
          "ratio": 0.85714287
        },
        "judge_evidence": [
          {
            "fact": "negative liberty",
            "present": true,
            "evidence": "\"Berlin defines negative liberty as 'the absence of obstacles, barriers or constraints'\""
          },
          {
            "fact": "positive liberty",
            "present": true,
            "evidence": "\"Isaiah Berlin's distinction between negative and positive liberty, articulated in his 1958 lecture Two Concepts of Liberty...\""
          },
          {
            "fact": "Berlin",
            "present": true,
            "evidence": "\"Isaiah Berlin's distinction between negative and positive liberty...\""
          },
          {
            "fact": "Two Concepts of Liberty",
            "present": true,
            "evidence": "\"Isaiah Berlin's distinction between negative and positive liberty, articulated in his 1958 lecture Two Concepts of Liberty...\""
          },
          {
            "fact": "self-mastery",
            "present": true,
            "evidence": "\"In contrast, positive liberty concerns 'self-mastery' or self-direction.\""
          },
          {
            "fact": "authoritarian",
            "present": true,
            "evidence": "...historical trajectory has frequently led to authoritarianism."
          },
          {
            "fact": "MacCallum",
            "present": false,
            "evidence": "(absent)"
          }
        ]
      }
    },
    {
      "question_id": "contested_no_miracles_scientific_realism",
      "category": "contested",
      "question": "Reconstruct the no-miracles argument for scientific realism, and explain\nthe pessimistic meta-induction response. Which other contemporary\npositions (constructive empiricism, structural realism) try to thread\nbetween them?\n",
      "retrieved": [
        {
          "corpus_id": "sep",
          "title": "sep",
          "url": null,
          "score": 0.0,
          "snippet": "The passages analyze the pessimistic induction argument, which challenges scientific realism by citing historical instances of successful yet false theories. Realists counter this skepticism through...",
          "source": "raptor"
        },
        {
          "corpus_id": "sep",
          "title": "sep",
          "url": null,
          "score": 0.0,
          "snippet": "The text examines the pessimistic induction against scientific realism by analyzing historical lists of successful yet false theories proposed by Laudan, Lyons, and Vickers. It critiques Psillos's...",
          "source": "raptor"
        },
        {
          "corpus_id": "sep",
          "title": "sep",
          "url": null,
          "score": 0.0,
          "snippet": "The text examines various forms of scientific realism, including explanationist, entity, and structural realism, which rely on selectivity to justify belief in unobservables based on explanatory...",
          "source": "raptor"
        },
        {
          "corpus_id": "sep",
          "title": "sep",
          "url": null,
          "score": 0.0,
          "snippet": "Constructive empiricism is presented as an anti-realist alternative to scientific realism, asserting that the goal of science is empirical adequacy rather than truth. Proponents argue this stance...",
          "source": "raptor"
        },
        {
          "corpus_id": "sep",
          "title": "sep",
          "url": null,
          "score": 0.0,
          "snippet": "The text examines the Pessimistic Induction argument, which posits that past scientific theories were false and thus current ones are likely to be superseded. Various philosophers challenge this view...",
          "source": "raptor"
        },
        {
          "corpus_id": "sep",
          "title": "sep",
          "url": null,
          "score": 0.0,
          "snippet": "The text explores the philosophical debate on predictivism, which posits that novel predictions offer stronger confirmation for scientific theories than accommodated data. Proponents like Karl Popper...",
          "source": "raptor"
        },
        {
          "corpus_id": "sep",
          "title": "sep",
          "url": null,
          "score": 0.0,
          "snippet": "Scientific realism is characterized as a multifaceted position involving metaphysical commitment to mind-independent entities, semantic literalism regarding theoretical claims, and epistemic...",
          "source": "raptor"
        },
        {
          "corpus_id": "sep",
          "title": "sep",
          "url": null,
          "score": 0.0,
          "snippet": "The text examines the historical challenge to scientific realism, primarily through Larry Laudan's pessimistic induction which argues that past empirically successful theories were false. Realists...",
          "source": "raptor"
        },
        {
          "corpus_id": "sep",
          "title": "phil-science-latin-america",
          "url": "https://plato.stanford.edu/entries/phil-science-latin-america/",
          "score": 0.0,
          "snippet": "phil-science-latin-america\n\nChristián Carman worked extensively on the problem of realism in science. He offered a detailed elucidation of the term “scientific realism” (2005a), and he..."
        },
        {
          "corpus_id": "sep",
          "title": "scientific-realism",
          "url": "https://plato.stanford.edu/entries/scientific-realism/",
          "score": 0.0,
          "snippet": "[Atlas highlights]\nDefining entity realism (scientific-realism): \"Entity realism is the view that under conditions in which one can demonstrate impressive causal knowledge... one has good reason for..."
        },
        {
          "corpus_id": "sep",
          "title": "constructive-empiricism",
          "url": "https://plato.stanford.edu/entries/constructive-empiricism/",
          "score": 0.0,
          "snippet": "[Atlas highlights]\n[Constructive empiricism (constructive-empiricism)]: \"theviewisnotintendedtobereadin thatway. Constructiveempiricism isto beunderstoodasadoctrine..."
        },
        {
          "corpus_id": "sep",
          "title": "structural-realism",
          "url": "https://plato.stanford.edu/entries/structural-realism/",
          "score": 0.0,
          "snippet": "structural-realism\n\nAs explained above, there are many different forms of structural realism and correspondingly, many different objections have been leveled against it. Obviously, ESR and OSR..."
        },
        {
          "corpus_id": "sep",
          "title": "scientific-progress",
          "url": "https://plato.stanford.edu/entries/scientific-progress/",
          "score": 0.0,
          "snippet": "scientific-progress\n\nincommensurability: of scientific theories |  Kuhn, Thomas |  logic: of belief revision |  Popper, Karl |  progress |  realism: and theory change in science |  -->scientific..."
        },
        {
          "corpus_id": "sep",
          "title": "constructive-empiricism",
          "url": "https://plato.stanford.edu/entries/constructive-empiricism/",
          "score": 0.0,
          "snippet": "[Atlas highlights]\nDefining Pessimistic Induction Argument (constructive-empiricism): \"This argument points out that scientific theories in the past have been shown to be false, so by induction, we..."
        },
        {
          "corpus_id": "sep",
          "title": "scientific-realism",
          "url": "https://plato.stanford.edu/entries/scientific-realism/",
          "score": 0.0,
          "snippet": "[Atlas highlights]\nDefining constructive empiricism (scientific-realism): \"holds that the aim of science is empirical adequacy... it recommends belief in our best theories only insofar as they..."
        },
        {
          "corpus_id": "sep",
          "title": "realism-theory-change",
          "url": "https://plato.stanford.edu/entries/realism-theory-change/",
          "score": 0.0,
          "snippet": "realism-theory-change\n\nThe second part deals with the historical challenge to scientific realism as this is currently formulated and the various lines of defense of the claim that scientific..."
        },
        {
          "corpus_id": "sep",
          "title": "scientific-underdetermination",
          "url": "https://plato.stanford.edu/entries/scientific-underdetermination/",
          "score": 0.0,
          "snippet": "[Atlas highlights]\nArgument: The Newtonian Cosmology Argument for Empirical Equivalence [from scientific-underdetermination]\n  P1. Newton's cosmology includes laws of motion and gravitational..."
        },
        {
          "corpus_id": "sep",
          "title": "induction-problem",
          "url": "https://plato.stanford.edu/entries/induction-problem/",
          "score": 0.0,
          "snippet": "[Atlas highlights]\nDefining problem of induction (induction-problem): \"The problem of meeting this challenge, while evading Hume’s argument against the possibility of doing so, has become known as..."
        },
        {
          "corpus_id": "sep",
          "title": "structural-realism",
          "url": "https://plato.stanford.edu/entries/structural-realism/",
          "score": 0.0,
          "snippet": "structural-realism\n\nScientific realism is the view that we ought to believe in the unobservable entities posited by our most successful scientific theories. It is widely held that the most powerful..."
        },
        {
          "corpus_id": "sep",
          "title": "realism-theory-change",
          "url": "https://plato.stanford.edu/entries/realism-theory-change/",
          "score": 0.0,
          "snippet": "realism-theory-change\n\nThese kinds of question have played a major role in the scientific realism debate. The challenge to scientific realism is supposed to come directly from the history of science...."
        },
        {
          "corpus_id": "sep",
          "title": "prediction-accommodation",
          "url": "https://plato.stanford.edu/entries/prediction-accommodation/",
          "score": 0.0,
          "snippet": "prediction-accommodation\n\nScientific realism holds that there is sufficient evidence to believe that the theories of the ‘mature sciences’ are at least approximately true. Appeals to novelty have..."
        },
        {
          "corpus_id": "sep",
          "title": "realism-sem-challenge",
          "url": "https://plato.stanford.edu/entries/realism-sem-challenge/",
          "score": 0.0,
          "snippet": "realism-sem-challenge\n\nIf metaphysical realism is to be tenable, it must be possible for even the best theories to be mistaken. Or so metaphysical realists have thought. Whence, such realists reject..."
        },
        {
          "corpus_id": "sep",
          "title": "structure-scientific-theories",
          "url": "https://plato.stanford.edu/entries/structure-scientific-theories/",
          "score": 0.0,
          "snippet": "structure-scientific-theories\n\nCarnap, Rudolf |  cognitive science |  confirmation |  Darwinism |  empiricism: logical |  feminist philosophy, interventions: epistemology and philosophy of science | ..."
        },
        {
          "corpus_id": "sep",
          "title": "scientific-underdetermination",
          "url": "https://plato.stanford.edu/entries/scientific-underdetermination/",
          "score": 0.0,
          "snippet": "scientific-underdetermination\n\nconfirmation |  constructive empiricism |  Duhem, Pierre |  epistemology: naturalism in |  feminist philosophy, interventions: epistemology and philosophy of science | ..."
        },
        {
          "corpus_id": "sep",
          "title": "scientific-progress",
          "url": "https://plato.stanford.edu/entries/scientific-progress/",
          "score": 0.0,
          "snippet": "scientific-progress\n\nThe scientific realist may continue this line of thought by arguing that all measures of empirical success in fact are at best indicators of real cognitive progress, measured in..."
        },
        {
          "corpus_id": "sep",
          "title": "fictionalism",
          "url": "https://plato.stanford.edu/entries/fictionalism/",
          "score": 0.0,
          "snippet": "fictionalism\n\nabstract objects |  cognitivism vs. non-cognitivism, moral |  constructive empiricism |  fictionalism: modal |  imagination |  impossible worlds |  logic and ontology |  mathematics,..."
        },
        {
          "corpus_id": "sep",
          "title": "metaepistemology",
          "url": "https://plato.stanford.edu/entries/metaepistemology/",
          "score": 0.0,
          "snippet": "metaepistemology\n\nWhereas Cuneo’s and Boghossian’s respective cases for metaepistemological realism are negative in that they rest principally on challenging the credentials of various forms of..."
        },
        {
          "corpus_id": "sep",
          "title": "feigl",
          "url": "https://plato.stanford.edu/entries/feigl/",
          "score": 0.0,
          "snippet": "feigl\n\nIt is commonly supposed that logical empiricism and scientific realism are systematically at odds. However, Feigl’s diverse contributions to the scientific realism debate just suggest the..."
        },
        {
          "corpus_id": "sep",
          "title": "scientific-realism",
          "url": "https://plato.stanford.edu/entries/scientific-realism/",
          "score": 0.0,
          "snippet": "scientific-realism\n\nContemporary discussion commonly focuses on Laudan’s (1981) argument to the effect that the history of science furnishes vast evidence of empirically successful theories that..."
        },
        {
          "corpus_id": "sep",
          "title": "scientific-realism",
          "url": "https://plato.stanford.edu/entries/scientific-realism/",
          "score": 0.0,
          "snippet": "scientific-realism\n\nIn just the way that some authors suggest that the miracle argument is an instance of fallacious reasoning—the base rate fallacy (see  section 2.1)—some  suggest that the..."
        },
        {
          "corpus_id": "sep",
          "title": "phil-science-latin-america",
          "url": "https://plato.stanford.edu/entries/phil-science-latin-america/",
          "score": 0.0,
          "snippet": "phil-science-latin-america\n\nThe semantic approach to scientific theory was studied by Germán Guerrero Pino (2008, 2010), who compared van Fraassen’s proposal with that of the structuralist school...."
        },
        {
          "corpus_id": "sep",
          "title": "phil-science-latin-america",
          "url": "https://plato.stanford.edu/entries/phil-science-latin-america/",
          "score": 0.0,
          "snippet": "phil-science-latin-america\n\nIn philosophy of science CLE supports significant research on the character and structure of modern science as well as its concepts and theories—conducted from a variety..."
        },
        {
          "corpus_id": "sep",
          "title": "phil-science-latin-america",
          "url": "https://plato.stanford.edu/entries/phil-science-latin-america/",
          "score": 0.0,
          "snippet": "phil-science-latin-america\n\nFew thinkers associated with analytic philosophy strive to produce a comprehensive philosophical system. Bunge is one of them, a thinker trying to integrate ontology,..."
        },
        {
          "corpus_id": "sep",
          "title": "constructive-empiricism",
          "url": "https://plato.stanford.edu/entries/constructive-empiricism/",
          "score": 0.0,
          "snippet": "constructive-empiricism\n\nOne of the reasons constructive empiricism is viewed as significant is that it carries on the tradition of the logical positivists without being saddled with the problematic..."
        },
        {
          "corpus_id": "sep",
          "title": "constructive-empiricism",
          "url": "https://plato.stanford.edu/entries/constructive-empiricism/",
          "score": 0.0,
          "snippet": "constructive-empiricism\n\nWith his doctrine of constructive empiricism, van Fraassen is widely credited with rehabilitating scientific anti-realism. There has been a contentious debate within the..."
        },
        {
          "corpus_id": "sep",
          "title": "structural-realism",
          "url": "https://plato.stanford.edu/entries/structural-realism/",
          "score": 0.0,
          "snippet": "structural-realism\n\nThe power of the arguments against scientific realism from theory change is that, rather than being a priori and theoretical, they are empirically based and their premises are..."
        },
        {
          "corpus_id": "sep",
          "title": "structural-realism",
          "url": "https://plato.stanford.edu/entries/structural-realism/",
          "score": 0.0,
          "snippet": "structural-realism\n\nThe most common realist response to this argument is to restrict realism to theories with some further properties (usually, maturity, and novel predictive success) so as to cut..."
        }
      ],
      "source_score": {
        "matched": [
          "scientific-realism",
          "scientific-underdetermination"
        ],
        "missing": [],
        "total_expected": 2,
        "ratio": 1.0
      },
      "fact_score": {
        "matched": [
          "no miracles argument",
          "Putnam",
          "pessimistic meta-induction",
          "Laudan",
          "scientific realism",
          "constructive empiricism",
          "van Fraassen",
          "structural realism"
        ],
        "missing": [
          "Worrall"
        ],
        "total_expected": 9,
        "ratio": 0.8888889
      },
      "embed_ms": 0,
      "search_ms": 0,
      "corpora_hit": [
        "sep"
      ],
      "vector_eligible": true,
      "synth": {
        "answer": "The no-miracles argument and the pessimistic meta-induction represent the central dialectic in contemporary debates over scientific realism. The former argues that realism is required to explain science's success; the latter argues that history shows such success does not guarantee truth, thereby undermining realist confidence.\n\n### 1. The No-Miracles Argument\nScientific realism holds that we ought to believe in the unobservable entities posited by our most successful scientific theories [Source: structural-realism]. The primary defense of this view is the \"no-miracles\" argument (also called the ultimate argument or explanationist realism). \n\nAs formulated by Hilary Putnam (1978) and elaborated by others like Sybil Psillos, the argument runs as follows: \n*   Scientific theories are empirically successful (they make accurate predictions and enable technological applications).\n*   If these theories were not at least approximately true descriptions of the world, their success would be a miracle.\n*   Therefore, it is rational to believe that our best current theories are approximately true [Source: scientific-progress; Source: structural-realism].\n\nRealists argue that this is an inference to the best explanation: \"theoretical realism is the only assumption that does not make the empirical success of science a miracle\" [Source: scientific-progress]. Explanationist realists specifically recommend realist commitment regarding those parts of our best theories—unobservable entities or laws—that are indispensable to explaining this empirical success [Source: scientific-realism]. \n\n### 2. The Pessimistic Meta-Induction Response\nThe pessimistic meta-induction (or simply the pessimistic induction) serves as the most potent historical challenge to the no-miracles argument. It was notably advanced by Larry Laudan, who argued that the history of science provides vast evidence against the link between empirical success and approximate truth [Source: realism-theory-change; Source: scientific-underdetermination].\n\n*   **Premise:** Many past scientific theories were empirically successful but later abandoned because their central unobservable terms did not refer or they were proven false (e.g., caloric theory, ether theory). \n*   **Conclusion:** By inductive reasoning from this history, we should expect our current best theories to also be eventually rejected and regarded as false. Thus, we have no warrant for believing them now [Source: structural-realism; Source: realism-theory-change]. \n\nThis argument suggests that \"ontological discontinuity\" is the norm rather than the exception, meaning future science will likely view today's theoretical entities with the same skepticism we hold toward phlogiston or luminiferous aether [Source: structural-realism].\n\n### 3. Contemporary Positions Threading Between Them\nTo resolve the tension between the explanatory power of success (realism) and the historical record of failure (anti-realism), contemporary philosophers have developed positions like constructive empiricism and various forms of structural realism.\n\n**Constructive Empiricism**\nProposed by Bas van Fraassen in *The Scientific Image* (1980), this position rehabilitates scientific anti-realism without relying on logical positivism’s verificationist errors [Source: constructive-empiricism; Source: scientific-realism]. \n*   **Core Tenet:** The aim of science is not truth, but \"empirical adequacy\"—meaning a theory's claims about observable things are true [Source: constructive-empiricism]. \n*   **Stance on Unobservables:** Accepting a theory only requires believing it accurately describes the observable world. Regarding unobservable entities, the constructive empiricist remains agnostic—they do not need to believe them to be real or approximately true [Source: scientific-realism].\n*   **Relation to the Debate:** It accepts that past theories were false (agreeing with the pessimistic induction) and avoids making metaphysical commitments about unobservables (sidestepping the no-miracles argument’s demand for truth).\n\n**Structural Realism**\nThis position attempts to save realism by modifying *what* we are committed to believing is true. \n*   **Core Tenet:** We should be realists regarding the mathematical structure of our best theories (the relations between entities), but remain non-committal or agnostic about the intrinsic nature of those underlying entities [Source: structural-realism]. \n*   **Threading the Needle:** Structural realism argues that while past theories failed ontologically (they got the \"stuff\" wrong, like ether), they often preserved correct structural relationships (like wave equations) which were later adopted into new theories. This allows a realist to acknowledge Laudan’s historical failures while maintaining that science makes genuine cognitive progress toward truth via its structures [Source: scientific-progress; Source: structural-realism].\n\n**Other Realist Defenses**\nRealists also attempt to block the pessimistic induction by restricting their inductive base—arguing we should only be realists about mature theories with novel predictive success—and by employing strategies like *divide et impera* (selecting specific parts of current theories for realism based on continuity or explanatory indispensability) [Source: sep; Source: scientific-realism].",
        "reasoning_chars": 0,
        "stream_wall_ms": 66471,
        "total_latency_ms": 62882,
        "intent": "DeepQuery",
        "source_origins": [
          "sep"
        ],
        "retrieved_chunk_count": 37,
        "chunks_fact_score": {
          "matched": [
            "pessimistic meta-induction",
            "Laudan",
            "scientific realism",
            "constructive empiricism",
            "van Fraassen",
            "structural realism"
          ],
          "missing": [
            "no miracles argument",
            "Putnam",
            "Worrall"
          ],
          "total_expected": 9,
          "ratio": 0.6666667
        },
        "judge_fact_score": {
          "matched": [
            "no miracles argument",
            "Putnam",
            "pessimistic meta-induction",
            "Laudan",
            "scientific realism",
            "constructive empiricism",
            "van Fraassen",
            "structural realism"
          ],
          "missing": [
            "Worrall"
          ],
          "total_expected": 9,
          "ratio": 0.8888889
        },
        "judge_evidence": [
          {
            "fact": "no miracles argument",
            "present": true,
            "evidence": "\"The no-miracles argument and the pessimistic meta-induction represent the central dialectic in contemporary debates over scientific realism.\""
          },
          {
            "fact": "Putnam",
            "present": true,
            "evidence": "\"As formulated by Hilary Putnam (1978) and elaborated by others like Sybil Psillos, the argument runs as follows:\""
          },
          {
            "fact": "pessimistic meta-induction",
            "present": true,
            "evidence": "\"The no-miracles argument and the pessimistic meta-induction represent the central dialectic in contemporary debates over scientific realism.\""
          },
          {
            "fact": "Laudan",
            "present": true,
            "evidence": "\"The pessimistic meta-induction (or simply the pessimistic induction) serves as the most potent historical challenge to the no-miracles argument. It was notably advanced by Larry Laudan, who argued that the history of science provides vast evidence against the link between empirical success and approximate truth\""
          },
          {
            "fact": "scientific realism",
            "present": true,
            "evidence": "\"Scientific realism holds that we ought to believe in the unobservable entities posited by our most successful scientific theories\""
          },
          {
            "fact": "constructive empiricism",
            "present": true,
            "evidence": "\"Contemporary philosophers have developed positions like constructive empiricism and various forms of structural realism.\""
          },
          {
            "fact": "van Fraassen",
            "present": true,
            "evidence": "\"Proposed by Bas van Fraassen in The Scientific Image (1980), this position rehabilitates scientific anti-realism without relying on logical positivism's verificationist errors\""
          },
          {
            "fact": "structural realism",
            "present": true,
            "evidence": "\"contemporary philosophers have developed positions like constructive empiricism and various forms of structural realism.\""
          },
          {
            "fact": "Worrall",
            "present": false,
            "evidence": "(absent)"
          }
        ]
      }
    },
    {
      "question_id": "comparative_kant_hume_causation",
      "category": "comparative",
      "question": "Compare Hume's and Kant's accounts of causation, and explain why Kant\ntook Hume to have shown a problem that demanded a transcendental\nsolution.\n",
      "retrieved": [
        {
          "corpus_id": "sep",
          "title": "sep",
          "url": null,
          "score": 0.0,
          "snippet": "Kant advances the claim that he has provided a complete solution to Hume's problem regarding causality by distinguishing between strict and comparative universality. He supports this assertion...",
          "source": "raptor"
        },
        {
          "corpus_id": "sep",
          "title": "sep",
          "url": null,
          "score": 0.0,
          "snippet": "Immanuel Kant argues that causality and other fundamental scientific principles are a priori categories of the understanding rather than empirical generalizations derived from Humean custom. By...",
          "source": "raptor"
        },
        {
          "corpus_id": "sep",
          "title": "sep",
          "url": null,
          "score": 0.0,
          "snippet": "Kant argues that while Hume correctly identifies the lack of empirical basis for causal necessity, he erroneously reduces it to subjective custom; Kant contends instead that causality and necessary...",
          "source": "raptor"
        },
        {
          "corpus_id": "sep",
          "title": "sep",
          "url": null,
          "score": 0.0,
          "snippet": "David Hume's skepticism regarding causality disrupted Immanuel Kant’s dogmatic slumber, prompting him to develop a revolutionary theory of experience grounded in a priori concepts. Although Kant...",
          "source": "raptor"
        },
        {
          "corpus_id": "sep",
          "title": "sep",
          "url": null,
          "score": 0.0,
          "snippet": "Kant argues that the concept of causality involves a necessary connection and strict universality, which cannot be derived empirically from repeated observations or constant conjunctions as Hume...",
          "source": "raptor"
        },
        {
          "corpus_id": "sep",
          "title": "sep",
          "url": null,
          "score": 0.0,
          "snippet": "David Hume argues that causal knowledge is derived entirely from experience and custom rather than a priori reason, asserting that the connection between cause and effect cannot be logically deduced....",
          "source": "raptor"
        },
        {
          "corpus_id": "sep",
          "title": "sep",
          "url": null,
          "score": 0.0,
          "snippet": "Hume and Kant both argue that freedom is essential to morality but employ distinct frameworks to reconcile it with causal determinism. Hume defends compatibilism by analyzing the logical concepts of...",
          "source": "raptor"
        },
        {
          "corpus_id": "sep",
          "title": "sep",
          "url": null,
          "score": 0.0,
          "snippet": "Immanuel Kant developed his theory of synthetic a priori judgments to resolve the skepticism regarding causality and inductive reasoning raised by David Hume. While Hume viewed Newtonian laws as mere...",
          "source": "raptor"
        },
        {
          "corpus_id": "sep",
          "title": "kant",
          "url": "https://plato.stanford.edu/entries/kant/",
          "score": 0.0,
          "snippet": "[Atlas highlights]\n[Kant (kant)]: \"it is impossible for “a rational being of the sensible world” to exhibit “complete conformity of dispositions with the moral,” which he calls..."
        },
        {
          "corpus_id": "sep",
          "title": "kant",
          "url": "https://plato.stanford.edu/entries/kant/",
          "score": 0.0,
          "snippet": "[Atlas highlights]\nArgument: The Jacobi Objection to Things in Themselves [from kant]\n  P1. Kant claims we can have no knowledge about things in themselves.\n\n[Kant (kant)]: \"\"Thus,\" Kant says, \"I had..."
        },
        {
          "corpus_id": "sep",
          "title": "hume",
          "url": "https://plato.stanford.edu/entries/hume/",
          "score": 0.0,
          "snippet": "[Atlas highlights]\nArgument: The distinction between knowledge and belief (Aristotelian) [from hume]\n  P1. Scientific knowledge is knowledge of causes established via demonstration from premises..."
        },
        {
          "corpus_id": "sep",
          "title": "kant",
          "url": "https://plato.stanford.edu/entries/kant/",
          "score": 0.0,
          "snippet": "kant\n\nWith these works Kant secured international fame and came to dominate German philosophy in the late 1780s. But in 1790 he announced that the Critique of the Power of Judgment brought his..."
        },
        {
          "corpus_id": "sep",
          "title": "hume",
          "url": "https://plato.stanford.edu/entries/hume/",
          "score": 0.0,
          "snippet": "[Atlas highlights]\nArgument: Argument from Design [from hume]\n  P1. We find order in the universe similar to the order found in products of human artifice.\n  C. Therefore, the universe must be the..."
        },
        {
          "corpus_id": "sep",
          "title": "hume",
          "url": "https://plato.stanford.edu/entries/hume/",
          "score": 0.0,
          "snippet": "[Atlas highlights]\nArgument: The Porch View (Demea's Theodicy) [from hume]\n  P1. Our experience of the world is like seeing a large building only from its porch.\n  P2. From this limited perspective,..."
        },
        {
          "corpus_id": "sep",
          "title": "kant-hume-causality",
          "url": "https://plato.stanford.edu/entries/kant-hume-causality/",
          "score": 0.0,
          "snippet": "kant-hume-causality\n\nIt is only in the second edition of the Critique that Kant gives such a prominent place to Hume and his “objection” to causality, serving to introduce what Kant now calls..."
        },
        {
          "corpus_id": "sep",
          "title": "induction-problem",
          "url": "https://plato.stanford.edu/entries/induction-problem/",
          "score": 0.0,
          "snippet": "induction-problem\n\nOne possible response to Hume’s problem is to deny  premise P3,  by allowing the possibility that a priori reasoning could give rise to synthetic propositions. Kant famously..."
        },
        {
          "corpus_id": "sep",
          "title": "kant-hume-morality",
          "url": "https://plato.stanford.edu/entries/kant-hume-morality/",
          "score": 0.0,
          "snippet": "kant-hume-morality\n\nWhen comparing Hume and Kant, it is a mistake to ask simply which philosopher has the best account of freedom or does the best job of reconciling freedom and necessity. They..."
        },
        {
          "corpus_id": "sep",
          "title": "hume-newton",
          "url": "https://plato.stanford.edu/entries/hume-newton/",
          "score": 0.0,
          "snippet": "hume-newton\n\nHume’s account of causality covers at least five related issues: (1) how we acquire an idea of cause; (2) what we mean by “cause;” (3) how we reason about causes; (4) whether..."
        },
        {
          "corpus_id": "sep",
          "title": "kant-transcendental",
          "url": "https://plato.stanford.edu/entries/kant-transcendental/",
          "score": 0.0,
          "snippet": "kant-transcendental\n\nThe challenge Kant issues is to explain why, under normal conditions, the ordering in question is universal and necessary. Part of the best explanation, he believes, is (a), that..."
        },
        {
          "corpus_id": "sep",
          "title": "causation-law",
          "url": "https://plato.stanford.edu/entries/causation-law/",
          "score": 0.0,
          "snippet": "causation-law\n\nBecause Hume’s analysis takes “the glue” out of the causal relation—a cause doesn’t make its effect occur, it is only regularly followed by its effect—it is commonly..."
        },
        {
          "corpus_id": "sep",
          "title": "kant-transcendental-idealism",
          "url": "https://plato.stanford.edu/entries/kant-transcendental-idealism/",
          "score": 0.0,
          "snippet": "kant-transcendental-idealism\n\nIn the 1960s and 1970s a group of scholars, in some cases in direct opposition to Strawson, developed a non-phenomenalist, anti-metaphysical reading of transcendental..."
        },
        {
          "corpus_id": "sep",
          "title": "hume-freewill",
          "url": "https://plato.stanford.edu/entries/hume-freewill/",
          "score": 0.0,
          "snippet": "hume-freewill\n\nApart from these “internal” difficulties among Hume’s core arguments, it may also be questioned whether Hume’s alternative account of causation serves to allay or diffuse other..."
        },
        {
          "corpus_id": "sep",
          "title": "kant-conceptualism",
          "url": "https://plato.stanford.edu/entries/kant-conceptualism/",
          "score": 0.0,
          "snippet": "kant-conceptualism\n\nKant, Immanuel |  Kant, Immanuel: philosophy of mathematics |  Kant, Immanuel: transcendental idealism |  Kant, Immanuel: view of mind and consciousness of self |  Kant, Immanuel:..."
        },
        {
          "corpus_id": "sep",
          "title": "maimon",
          "url": "https://plato.stanford.edu/entries/maimon/",
          "score": 0.0,
          "snippet": "maimon\n\nWhile Maimon’s objections to Kant focus on specific issues that arise in the Critique, they all rest on Maimon’s commitment to a type of ‘skeptical rationalism.’ Maimon notes that in..."
        },
        {
          "corpus_id": "sep",
          "title": "hegel-dialectics",
          "url": "https://plato.stanford.edu/entries/hegel-dialectics/",
          "score": 0.0,
          "snippet": "hegel-dialectics\n\nKant thought Hume’s argument led to an unacceptable, skeptical conclusion, and he rejected Hume’s own solution to the skepticism (see Kant’s Critique of Pure Reason, B5,..."
        },
        {
          "corpus_id": "sep",
          "title": "private-language",
          "url": "https://plato.stanford.edu/entries/private-language/",
          "score": 0.0,
          "snippet": "private-language\n\nWhat Kripke means by this comparison with a Humean problem is that Wittgenstein is questioning the nexus between a past act of meaning and subsequent practice in a way analogous to..."
        },
        {
          "corpus_id": "sep",
          "title": "hume-moral",
          "url": "https://plato.stanford.edu/entries/hume-moral/",
          "score": 0.0,
          "snippet": "hume-moral\n\nHume, David |  property and ownership"
        },
        {
          "corpus_id": "sep",
          "title": "causation-physics",
          "url": "https://plato.stanford.edu/entries/causation-physics/",
          "score": 0.0,
          "snippet": "causation-physics\n\nCauses are often taken to act deterministically in accord with the principle “same cause—same effect”. Indeed, that causes determine their effects is built into many..."
        },
        {
          "corpus_id": "sep",
          "title": "hume",
          "url": "https://plato.stanford.edu/entries/hume/",
          "score": 0.0,
          "snippet": "hume\n\nAlthough Hume’s more conservative contemporaries denounced his writings as works of scepticism and atheism, his influence is evident in the moral philosophy and economic writings of his close..."
        },
        {
          "corpus_id": "sep",
          "title": "kant",
          "url": "https://plato.stanford.edu/entries/kant/",
          "score": 0.0,
          "snippet": "kant\n\nKant may have developed this thread of his argument in the transcendental deduction after reading Johann Nicolaus Tetens (1736–1807) rather than through a direct encounter with Locke’s..."
        },
        {
          "corpus_id": "sep",
          "title": "kant-hume-causality",
          "url": "https://plato.stanford.edu/entries/kant-hume-causality/",
          "score": 0.0,
          "snippet": "kant-hume-causality\n\nThat metaphysics until now has remained in such a wavering state of uncertainty and contradictions is to be ascribed solely to the fact that this problem, and perhaps even the..."
        },
        {
          "corpus_id": "sep",
          "title": "kant-hume-causality",
          "url": "https://plato.stanford.edu/entries/kant-hume-causality/",
          "score": 0.0,
          "snippet": "kant-hume-causality\n\nLater, in §§ 27–30 of the Prolegomena, Kant returns to Hume’s problem and presents his own solution. Kant begins, in § 27, by stating that “here is now the place to..."
        },
        {
          "corpus_id": "sep",
          "title": "kant-hume-causality",
          "url": "https://plato.stanford.edu/entries/kant-hume-causality/",
          "score": 0.0,
          "snippet": "kant-hume-causality\n\nKant concludes, in § 30, by stating that we are now in possession of “a complete solution of the Humean problem” (4, 313; 66)—which, Kant adds,"
        },
        {
          "corpus_id": "sep",
          "title": "induction-problem",
          "url": "https://plato.stanford.edu/entries/induction-problem/",
          "score": 0.0,
          "snippet": "induction-problem\n\nHume introduces the problem of induction as part of an analysis of the notions of cause and effect. Hume worked with a picture, widespread in the early modern period, in which the..."
        },
        {
          "corpus_id": "sep",
          "title": "induction-problem",
          "url": "https://plato.stanford.edu/entries/induction-problem/",
          "score": 0.0,
          "snippet": "induction-problem\n\nAs we have seen in  section 1,  Hume takes demonstrative arguments to have conclusions which are “relations of ideas”, whereas “probable” or “moral” arguments have..."
        },
        {
          "corpus_id": "sep",
          "title": "induction-problem",
          "url": "https://plato.stanford.edu/entries/induction-problem/",
          "score": 0.0,
          "snippet": "induction-problem\n\nHume asks on what grounds we come to our beliefs about the unobserved on the basis of inductive inferences. He presents an argument in the form of a dilemma which appears to rule..."
        }
      ],
      "source_score": {
        "matched": [
          "hume",
          "kant",
          "kant-hume-causality"
        ],
        "missing": [],
        "total_expected": 3,
        "ratio": 1.0
      },
      "fact_score": {
        "matched": [
          "constant conjunction",
          "necessary connection",
          "transcendental",
          "synthetic a priori",
          "categories of understanding",
          "Hume",
          "Kant"
        ],
        "missing": [
          "regularity theory"
        ],
        "total_expected": 8,
        "ratio": 0.875
      },
      "embed_ms": 0,
      "search_ms": 0,
      "corpora_hit": [
        "sep"
      ],
      "vector_eligible": true,
      "synth": {
        "answer": "David Hume and Immanuel Kant offer fundamentally different accounts of causation, diverging on its origin, nature, and epistemic status. For Hume, causality is a psychological habit derived from experience; for Kant, it is an *a priori* category of the understanding required to structure experience itself.\n\n### Hume’s Account: Causation as Custom\nHume argues that all reasonings concerning matters of fact are founded on the relation of cause and effect (hume). He posits that we cannot discover any \"necessary connection\" or power in objects through observation alone. When we observe one event following another, we see only their constant conjunction—sequence and contiguity—not any glue or force binding them together [Source: hume]. \n\nConsequently, Hume reduces the idea of causality to a subjective feeling arising from custom or habit. After repeated observations of A followed by B, the mind forms an association such that the appearance of A leads us to expect B [Source: hegel-dialectics; Source: kant-hume-causality]. This is what Saul Kripke calls a \"skeptical solution\": Hume does not deny that causation exists as a pattern in our experience, but he denies it has any objective, necessary ontological status independent of human psychology (hume). For Hume, causal necessity is merely psychological regularity grounded in sensory items and association (kant-transcendental).\n\n### Kant’s Account: Causation as a Category\nKant rejects Hume’s reduction of causality to subjective custom. He argues that if causality were merely derived from experience, it could only yield contingent generalizations, yet we treat causal laws (like those of Newton) as having strict universality and necessity [Source: sep; Source: kant-hume-causality]. \n\nKant proposes that causality is not extracted *from* experience but is instead an *a priori* \"category of the understanding\" that makes experience possible [Source: induction-problem; Source: sep]. According to this view, the mind actively structures sensory data using concepts like cause and effect. Without these categories, our perceptions would remain a chaotic flux of subjective impressions rather than objective events in time [Source: sep]. Kant’s solution involves a \"Copernican revolution\": just as Copernicus reversed the relationship between the earth and sun, Kant argues we must assume that objects must conform to our cognitive faculties for us to have knowledge of them (hegel-dialectics). Thus, causality is a necessary condition for the possibility of experience itself.\n\n### Why Kant Saw Hume’s Problem as Demanding a Transcendental Solution\nKant famously reported that reading Hume woke him from his \"dogmatic slumbers\" (hume). He took Hume seriously because Hume correctly identified that causal necessity cannot be derived empirically [Source: sep]. However, Kant believed Hume stopped short by concluding that this meant causality was merely subjective habit. \n\nFor Kant, science and metaphysics require *synthetic a priori* judgments—propositions that are both informative about the world and necessarily true independent of specific experiences [Source: induction-problem; Source: kant-hume-causality]. If Hume were right that we can only know what experience provides, then scientific knowledge would collapse into skepticism. To save the universality and necessity required for science, Kant argued that reason must look to its own structures (transcendental conditions) rather than external objects [Source: hegel-dialectics].\n\nKant viewed Hume’s \"faculty of association\" as insufficient because mere sensory association cannot account for the strict universality found in causal propositions (kant-transcendental). Therefore, a transcendental solution was demanded: one had to demonstrate how concepts like causality are preconditions for any coherent experience. By grounding causality in the structure of human rationality rather than in the world-in-itself or in passive habit, Kant aimed to provide a complete solution to the doubt Hume raised about the foundations of scientific knowledge (kant-hume-causality; Source: sep).\n\nI don't have reliable information on whether contemporary philosophy considers Kant's specific resolution of the problem of induction superior to modern Bayesian approaches, but I can search for current debates on this if you would like.",
        "reasoning_chars": 0,
        "stream_wall_ms": 64080,
        "total_latency_ms": 58820,
        "intent": "DeepQuery",
        "source_origins": [
          "sep"
        ],
        "retrieved_chunk_count": 36,
        "chunks_fact_score": {
          "matched": [
            "constant conjunction",
            "necessary connection",
            "transcendental",
            "synthetic a priori",
            "categories of understanding",
            "Hume",
            "Kant"
          ],
          "missing": [
            "regularity theory"
          ],
          "total_expected": 8,
          "ratio": 0.875
        },
        "judge_fact_score": {
          "matched": [
            "constant conjunction",
            "necessary connection",
            "transcendental",
            "synthetic a priori",
            "regularity theory",
            "categories of understanding",
            "Hume",
            "Kant"
          ],
          "missing": [],
          "total_expected": 8,
          "ratio": 1.0
        },
        "judge_evidence": [
          {
            "fact": "constant conjunction",
            "present": true,
            "evidence": "\"When we observe one event following another, we see only their constant conjunction—sequence and contiguity—not any glue or force binding them together\""
          },
          {
            "fact": "necessary connection",
            "present": true,
            "evidence": "\"He posits that we cannot discover any 'necessary connection' or power in objects through observation alone.\""
          },
          {
            "fact": "transcendental",
            "present": true,
            "evidence": "\"For Kant, science and metaphysics require synthetic a priori judgments... To save the universality and necessity required for science, Kant argued that reason must look to its own structures (transcendental conditions)\""
          },
          {
            "fact": "synthetic a priori",
            "present": true,
            "evidence": "\"For Kant, science and metaphysics require *synthetic a priori* judgments—propositions that are both informative about the world and necessarily true independent of specific experiences\""
          },
          {
            "fact": "regularity theory",
            "present": true,
            "evidence": "For Hume, causal necessity is merely psychological regularity grounded in sensory items and association (kant-transcendental)."
          },
          {
            "fact": "categories of understanding",
            "present": true,
            "evidence": "*a priori* category of the understanding"
          },
          {
            "fact": "Hume",
            "present": true,
            "evidence": "\"David Hume and Immanuel Kant offer fundamentally different accounts of causation... For Hume, causality is a psychological habit derived from experience\""
          },
          {
            "fact": "Kant",
            "present": true,
            "evidence": "David Hume and Immanuel Kant offer fundamentally different accounts of causation..."
          }
        ]
      }
    },
    {
      "question_id": "argument_aristotle_hylomorphism",
      "category": "argument_reconstruction",
      "question": "Reconstruct Aristotle's hylomorphic account of substance, and explain\nwhy some commentators read De Anima's account of the soul as\nnon-reductive form-of-the-body and others as a kind of property\ndualism.\n",
      "retrieved": [
        {
          "corpus_id": "sep",
          "title": "sep",
          "url": null,
          "score": 0.0,
          "snippet": "Aristotle advances hylomorphism as a mind-independent framework to resolve puzzles about change, positing that matter and form are essential components of substance. He argues for the primacy of form...",
          "source": "raptor"
        },
        {
          "corpus_id": "sep",
          "title": "sep",
          "url": null,
          "score": 0.0,
          "snippet": "Aristotle characterizes the soul as the form of the body through his hylomorphic framework, which explains their relationship using matter and form rather than treating them as identical or separate...",
          "source": "raptor"
        },
        {
          "corpus_id": "sep",
          "title": "sep",
          "url": null,
          "score": 0.0,
          "snippet": "Aristotle investigates the nature of substance by distinguishing between accidental and essential predication, ultimately identifying essence as a primary candidate for substance. He further analyzes...",
          "source": "raptor"
        },
        {
          "corpus_id": "sep",
          "title": "sep",
          "url": null,
          "score": 0.0,
          "snippet": "The passages analyze Aristotle's hylomorphic theory, examining the roles of matter and form in accounting for change and substance. A central debate concerns whether matter or particular forms serve...",
          "source": "raptor"
        },
        {
          "corpus_id": "sep",
          "title": "sep",
          "url": null,
          "score": 0.0,
          "snippet": "Aristotle's hylomorphism posits that physical objects are compounds of matter and form, a doctrine developed to explain natural change and substantial generation. While initially presented as...",
          "source": "raptor"
        },
        {
          "corpus_id": "sep",
          "title": "sep",
          "url": null,
          "score": 0.0,
          "snippet": "Aristotle argues that primary substances are hylomorphic compounds whose essence is identified with their form rather than matter, as form alone satisfies the criteria of separability and being a...",
          "source": "raptor"
        },
        {
          "corpus_id": "sep",
          "title": "sep",
          "url": null,
          "score": 0.0,
          "snippet": "Aquinas argues that material substances are composites of prime matter and substantial forms, with the soul serving as the unifying form for living beings rather than a separate spiritual entity. He...",
          "source": "raptor"
        },
        {
          "corpus_id": "sep",
          "title": "sep",
          "url": null,
          "score": 0.0,
          "snippet": "Radulphus Brito advances a realist position asserting that the soul is the substantial form of the living body, thereby constituting an essential hylomorphic unity with organic matter. He further...",
          "source": "raptor"
        },
        {
          "corpus_id": "sep",
          "title": "dualism",
          "url": "https://plato.stanford.edu/entries/dualism/",
          "score": 0.0,
          "snippet": "[Atlas highlights]\n[dualism (dualism)]: \"Dualist views say that themental and the physical are both realand neither can be assimilatedto the other.\"\nArgument: Plato's Affinity Argument for..."
        },
        {
          "corpus_id": "sep",
          "title": "aristotle",
          "url": "https://plato.stanford.edu/entries/aristotle/",
          "score": 0.0,
          "snippet": "[Atlas highlights]\nArgument: Classification of Governments Argument [from aristotle]\n  P1. Rulers may be one, few, or many.\n  P2. Forms of rule are legitimate or illegitimate based on promoting human..."
        },
        {
          "corpus_id": "sep",
          "title": "aristotle",
          "url": "https://plato.stanford.edu/entries/aristotle/",
          "score": 0.0,
          "snippet": "[Atlas highlights]\nDefining soul (aristotle): \"'what is ensouled is distinguished from what is unensouled by living'\"\nArgument: Argument from Reversibility of Matter [from aristotle]\n  P1. Socrates..."
        },
        {
          "corpus_id": "sep",
          "title": "aristotle",
          "url": "https://plato.stanford.edu/entries/aristotle/",
          "score": 0.0,
          "snippet": "[Atlas highlights]\n[Aristotle (aristotle)]: \"a deduciton is ‘an arguement in which when certian things are lained down somethign else follows of necessuty in virture of their bein gso’ (APr...."
        },
        {
          "corpus_id": "sep",
          "title": "dualism",
          "url": "https://plato.stanford.edu/entries/dualism/",
          "score": 0.0,
          "snippet": "[Atlas highlights]\nArgument: Objection to Interaction via Conservation Laws [from dualism]\n  P1. Interactionism posits causal influence between mental and physical realms.\n  P2. Such influence..."
        },
        {
          "corpus_id": "sep",
          "title": "dualism",
          "url": "https://plato.stanford.edu/entries/dualism/",
          "score": 0.0,
          "snippet": "[Atlas highlights]\n[dualism]: \"he has been conducting a conversation in Chinese... but he has not understooda word. Therefore neither does a computerunderstand.\"\n[Fodor (1974) (dualism)]: \"the kind..."
        },
        {
          "corpus_id": "sep",
          "title": "aristotle-psychology",
          "url": "https://plato.stanford.edu/entries/aristotle-psychology/",
          "score": 0.0,
          "snippet": "aristotle-psychology\n\nOne way of appreciating this is to consider a second general moral Aristotle derives from hylomorphism. This concerns the question of the separability of the soul from the body,..."
        },
        {
          "corpus_id": "sep",
          "title": "aristotle-metaphysics",
          "url": "https://plato.stanford.edu/entries/aristotle-metaphysics/",
          "score": 0.0,
          "snippet": "aristotle-metaphysics\n\nIn restating his point “yet more perspicuously” (1035b4), Aristotle notes parenthetically another important aspect of his theory of substance. He reiterates the priority of..."
        },
        {
          "corpus_id": "sep",
          "title": "radulphus-brito",
          "url": "https://plato.stanford.edu/entries/radulphus-brito/",
          "score": 0.0,
          "snippet": "radulphus-brito\n\nIn his commentary on De anima II, Brito goes on to discuss the description of the soul as the substantial form of the living body. The discussion is directly related to the debate..."
        },
        {
          "corpus_id": "sep",
          "title": "form-matter",
          "url": "https://plato.stanford.edu/entries/form-matter/",
          "score": 0.0,
          "snippet": "form-matter\n\nWhile the basic idea of hylomorphism is easy to grasp, much remains unclear beneath the surface. Aristotle introduces matter and form, in the Physics, to account for changes in the..."
        },
        {
          "corpus_id": "sep",
          "title": "substance",
          "url": "https://plato.stanford.edu/entries/substance/",
          "score": 0.0,
          "snippet": "substance\n\nOur discussion of Aristotle ended by returning to the issue of the unity of substantial form—what is the difference between a collection of ‘essential’ properties and the form as a..."
        },
        {
          "corpus_id": "sep",
          "title": "ancient-soul",
          "url": "https://plato.stanford.edu/entries/ancient-soul/",
          "score": 0.0,
          "snippet": "ancient-soul\n\nAristotle's theory, as it is presented primarily in the De Anima (for a complete account,  see Aristotle's Psychology),  comes very close to providing a comprehensive, fully developed..."
        },
        {
          "corpus_id": "sep",
          "title": "aristotle-rhetoric",
          "url": "https://plato.stanford.edu/entries/aristotle-rhetoric/",
          "score": 0.0,
          "snippet": "aristotle-rhetoric\n\nAristotle |  Aristotle, General Topics: aesthetics |  Aristotle, General Topics: logic |  Cicero |  Plato: rhetoric and poetry"
        },
        {
          "corpus_id": "sep",
          "title": "byzantine-philosophy",
          "url": "https://plato.stanford.edu/entries/byzantine-philosophy/",
          "score": 0.0,
          "snippet": "byzantine-philosophy\n\nThe question of the immortality of the soul is a potential point of conflict between Orthodox Christian doctrine and Byzantine natural philosophy. Byzantine natural philosophy,..."
        },
        {
          "corpus_id": "sep",
          "title": "medieval-philosophy",
          "url": "https://plato.stanford.edu/entries/medieval-philosophy/",
          "score": 0.0,
          "snippet": "medieval-philosophy\n\nPlato thought of human souls as distinct substances from their bodies, capable of existing separately and being reincarnated. The late ancient Platonists retained this dualism..."
        },
        {
          "corpus_id": "sep",
          "title": "aristotle-natphil",
          "url": "https://plato.stanford.edu/entries/aristotle-natphil/",
          "score": 0.0,
          "snippet": "aristotle-natphil\n\nAristotle, General Topics: biology |  Aristotle, General Topics: logic |  Aristotle, General Topics: metaphysics |  Aristotle, General Topics: psychology |  Aristotle, Special..."
        },
        {
          "corpus_id": "sep",
          "title": "aristotle-commentators",
          "url": "https://plato.stanford.edu/entries/aristotle-commentators/",
          "score": 0.0,
          "snippet": "aristotle-commentators\n\nAnother text that has important implications for the reception of Aristotle’s treatment of the intellect is the paraphrase of the De anima that Themistius wrote around 350..."
        },
        {
          "corpus_id": "sep",
          "title": "al-kindi",
          "url": "https://plato.stanford.edu/entries/al-kindi/",
          "score": 0.0,
          "snippet": "al-kindi\n\nThat There are Incorporeal Substances (Abu Rida 1950, 265–69, Adamson and Pormann 2009) is a creative application of ideas from Aristotle’s Categories to the problem of showing that the..."
        },
        {
          "corpus_id": "sep",
          "title": "theology-aristotle",
          "url": "https://plato.stanford.edu/entries/theology-aristotle/",
          "score": 0.0,
          "snippet": "theology-aristotle\n\nSympathy for Aristotle’s theory of soul is apparent too in the Arabic version of Enneads IV.7.85. In this chapter, Plotinus criticizes Aristotle’s doctrine that the soul is a..."
        },
        {
          "corpus_id": "sep",
          "title": "aristotle-psychology",
          "url": "https://plato.stanford.edu/entries/aristotle-psychology/",
          "score": 0.0,
          "snippet": "aristotle-psychology\n\nIn De Anima, Aristotle makes extensive use of technical terminology introduced and explained elsewhere in his writings. He claims, for example, using vocabulary derived from his..."
        },
        {
          "corpus_id": "sep",
          "title": "dualism",
          "url": "https://plato.stanford.edu/entries/dualism/",
          "score": 0.0,
          "snippet": "dualism\n\nThe more modern versions of dualism have their origin in Descartes’ Meditations, and in the debate that was consequent upon Descartes’ theory. Descartes was a substance dualist. He..."
        },
        {
          "corpus_id": "sep",
          "title": "aristotle",
          "url": "https://plato.stanford.edu/entries/aristotle/",
          "score": 0.0,
          "snippet": "aristotle\n\nAs Aristotle sets them out, these problems take the form of puzzles, or aporiai, regarding whether and if so how time exists (Phys. 218a8–30). If we say that time is the totality of the..."
        },
        {
          "corpus_id": "sep",
          "title": "aristotle-psychology",
          "url": "https://plato.stanford.edu/entries/aristotle-psychology/",
          "score": 0.0,
          "snippet": "aristotle-psychology\n\nIn the same way, then, the presence of the soul explains why this matter is the matter of a human being, as opposed to some other kind of thing. Now, this way of looking at..."
        },
        {
          "corpus_id": "sep",
          "title": "aristotle-psychology",
          "url": "https://plato.stanford.edu/entries/aristotle-psychology/",
          "score": 0.0,
          "snippet": "aristotle-psychology\n\nAristotle approaches his account of the nutritive soul by relying on a methodological precept which informs much of his psychological theorizing, namely that a capacity is..."
        },
        {
          "corpus_id": "sep",
          "title": "aristotle-metaphysics",
          "url": "https://plato.stanford.edu/entries/aristotle-metaphysics/",
          "score": 0.0,
          "snippet": "aristotle-metaphysics\n\nAt this point there appears to be a close connection between the essence of a substance and its species (eidos), and this might tempt one to suppose that Aristotle is..."
        },
        {
          "corpus_id": "sep",
          "title": "aristotle-metaphysics",
          "url": "https://plato.stanford.edu/entries/aristotle-metaphysics/",
          "score": 0.0,
          "snippet": "aristotle-metaphysics\n\nThe role of form in this hylomorphic context is the topic of Ζ.7–9. (Although these chapters were almost certainly not originally included in Book Ζ—there is no reference..."
        },
        {
          "corpus_id": "sep",
          "title": "aristotle-metaphysics",
          "url": "https://plato.stanford.edu/entries/aristotle-metaphysics/",
          "score": 0.0,
          "snippet": "aristotle-metaphysics\n\nBut Aristotle rejects this answer as impossible (1029a28), claiming that substance must be “separable” (chôriston) and “this something” (tode ti, sometimes translated..."
        }
      ],
      "source_score": {
        "matched": [
          "aristotle-metaphysics",
          "aristotle-psychology",
          "form-matter"
        ],
        "missing": [],
        "total_expected": 3,
        "ratio": 1.0
      },
      "fact_score": {
        "matched": [
          "hylomorphism",
          "form",
          "matter",
          "Aristotle",
          "substance",
          "De Anima",
          "soul",
          "actuality"
        ],
        "missing": [],
        "total_expected": 8,
        "ratio": 1.0
      },
      "embed_ms": 0,
      "search_ms": 0,
      "corpora_hit": [
        "sep"
      ],
      "vector_eligible": true,
      "synth": {
        "answer": "Aristotle’s hylomorphic account of substance posits that physical objects are compounds (*synolon*) of matter and form. Matter is the potentiality to become a specific thing, while form is the actuality that unifies matter into a determinate individual [Source: aristotle-metaphysics]. Form satisfies Aristotle's criteria for primary substance because it makes an object separable (*chôriston*) and a \"this something\" (*tode ti*), whereas matter alone fails to be both simultaneously [Source: aristotle-metaphysics].\n\nIn *De Anima*, Aristotle applies this framework to living beings, defining the soul as the [unverified excerpt: first actuality of a natural organic body which has life in potentiality] (412b5–6) [Source: aristotle-psychology; Source: byzantine-philosophy]. The soul is thus the form or essence that accounts for all vital functions—nutrition, perception, and intellect—in contrast to Plato’s view of the soul as an immaterial substance capable of existing independently [Source: dualism; Source: medieval-philosophy].\n\nCommentators are divided on whether this makes the soul-body relationship non-reductive hylomorphism or a kind of property dualism.\n\n**The Non-Reductive Form-of-the-Body Reading**\nThis reading argues that Aristotle steers a middle course between reductive materialism (which identifies the soul with matter) and Platonic dualism (which separates them). Proponents note that while the soul is distinct from the body in definition—as form is distinct from its matter—it does not exist without it, just as shape cannot persist after bronze is melted [Source: aristotle-psychology; Source: ancient-soul]. The soul is an \"intrinsic substantial form\" rather than an extrinsic perfection given to the body [Source: radulphus-brito]. Under this view, reference to the soul is integral to explaining living beings but does not imply two separate substances interacting; instead, it represents a unified explanatory framework where vital functions are performed by natural organisms of suitable structure [Source: ancient-soul; Source: dualism].\n\n**The Property Dualism Reading**\nOther commentators argue that Aristotle’s account implies a duality because certain faculties—specifically *nous* (intellect)—appear separable from bodily organs. In *De Anima*, Book 3, chapter 5, Aristotle describes the active intellect as \"alone immortal and eternal\" and lacking a specific material organ [Source: byzantine-philosophy]. Because physical organs restrict sensitivity to specific stimuli (e.g., an eye sees light but not sound), the fact that the intellect can grasp all kinds of forms suggests it is immaterial [Source: dualism]. This leads some to read the soul as having two distinct types of properties or parts: those inseparable from matter (vegetative and sensitive) and one part (*nous*) that acts like a separate substance or property independent of the body's actuality.\n\n**Summary of Tensions**\nThe tension arises because Aristotle’s hylomorphism generally denies separability, yet his psychology explicitly allows for exceptions where \"certain parts\" of the soul are not actualities of any bodily part [Source: aristotle-psychology; Source: byzantine-philosophy]. While Aquinas later resolved this by identifying intellect with form while maintaining its immaterial nature, medieval commentators debated whether the soul was an intrinsic substantial form (Aquinas/Brito) or an extrinsic perfection allowing for separation (Albert the Great/Alexander of Aphrodisias) [Source: radulphus-brito].\n\nWant me to search for more specific modern scholarly debates on *De Anima* Book 3 regarding active vs. passive intellect?\n\n---\n*Verification note: these statements could not be confirmed against your sources — treat them as unverified:*\n- Albert the Great and Alexander of Aphrodisias debated whether the soul was an intrinsic substantial form or allowed separation.\n- Form satisfies Aristotle's criteria for primary substance because it makes an object separable (*chôriston*) and a",
        "reasoning_chars": 0,
        "stream_wall_ms": 71419,
        "total_latency_ms": 64716,
        "intent": "DeepQuery",
        "source_origins": [
          "sep"
        ],
        "retrieved_chunk_count": 35,
        "chunks_fact_score": {
          "matched": [
            "hylomorphism",
            "form",
            "matter",
            "Aristotle",
            "substance",
            "De Anima",
            "soul"
          ],
          "missing": [
            "actuality"
          ],
          "total_expected": 8,
          "ratio": 0.875
        },
        "judge_fact_score": {
          "matched": [
            "hylomorphism",
            "form",
            "matter",
            "Aristotle",
            "substance",
            "De Anima",
            "soul",
            "actuality"
          ],
          "missing": [],
          "total_expected": 8,
          "ratio": 1.0
        },
        "judge_evidence": [
          {
            "fact": "hylomorphism",
            "present": true,
            "evidence": "\"Aristotle's hylomorphic account of substance posits that physical objects are compounds\""
          },
          {
            "fact": "form",
            "present": true,
            "evidence": "\"Form satisfies Aristotle's criteria for primary substance because it makes an object separable...\""
          },
          {
            "fact": "matter",
            "present": true,
            "evidence": "\"physical objects are compounds (*synolon*) of matter and form.\""
          },
          {
            "fact": "Aristotle",
            "present": true,
            "evidence": "\"Aristotle's hylomorphic account of substance posits that physical objects are compounds (synolon) of matter and form.\""
          },
          {
            "fact": "substance",
            "present": true,
            "evidence": "\"Aristotle's hylomorphic account of substance posits that physical objects are compounds\""
          },
          {
            "fact": "De Anima",
            "present": true,
            "evidence": "\"In *De Anima*, Aristotle applies this framework to living beings, defining the soul as...\""
          },
          {
            "fact": "soul",
            "present": true,
            "evidence": "\"In De Anima, Aristotle applies this framework to living beings, defining the soul as the [unverified excerpt: first actuality of a natural organic body which has life in potentiality]\""
          },
          {
            "fact": "actuality",
            "present": true,
            "evidence": "\"Form is the actuality that unifies matter into a determinate individual\""
          }
        ]
      }
    },
    {
      "question_id": "position_summary_husserl_heidegger",
      "category": "position_summary",
      "question": "What is Husserl's transcendental reduction (the epoché), and how does\nHeidegger's analysis of being-in-the-world in Being and Time depart\nfrom the methodological commitments of Husserlian phenomenology?\n",
      "retrieved": [
        {
          "corpus_id": "sep",
          "title": "sep",
          "url": null,
          "score": 0.0,
          "snippet": "Heidegger reorients hermeneutics from Husserl's epistemological foundations to fundamental ontological inquiries into human existence, arguing that the phenomenological epoché is inadequate for...",
          "source": "raptor"
        },
        {
          "corpus_id": "sep",
          "title": "sep",
          "url": null,
          "score": 0.0,
          "snippet": "Husserl develops transcendental phenomenology to analyze the essential structures of consciousness, employing methods such as eidetic reduction and various forms of epoché to bracket naive...",
          "source": "raptor"
        },
        {
          "corpus_id": "sep",
          "title": "sep",
          "url": null,
          "score": 0.0,
          "snippet": "Husserl’s phenomenology analyzes intentional consciousness by distinguishing between propositional meanings, indexical contents anchored to a determinable X, and the noematic quality of...",
          "source": "raptor"
        },
        {
          "corpus_id": "sep",
          "title": "sep",
          "url": null,
          "score": 0.0,
          "snippet": "Heidegger argues that Western philosophy has forgotten the question of Being, necessitating a fundamental ontology grounded in Dasein's pre-ontological understanding. He characterizes human existence...",
          "source": "raptor"
        },
        {
          "corpus_id": "sep",
          "title": "sep",
          "url": null,
          "score": 0.0,
          "snippet": "Heidegger argues that Dasein's existence is fundamentally grounded in temporality, which serves as the transcendental condition for spatiality, care, and intelligibility. This framework posits that...",
          "source": "raptor"
        },
        {
          "corpus_id": "sep",
          "title": "sep",
          "url": null,
          "score": 0.0,
          "snippet": "Martin Heidegger argues that Western philosophy has forgotten the question of Being, necessitating a fundamental ontology grounded in Dasein's pre-ontological understanding and temporality. His work...",
          "source": "raptor"
        },
        {
          "corpus_id": "sep",
          "title": "sep",
          "url": null,
          "score": 0.0,
          "snippet": "Heidegger's analysis of Van Gogh’s painting is defended as a valid phenomenological inquiry into equipmentality that reveals primordial modes of existence, rendering Schapiro’s criticism...",
          "source": "raptor"
        },
        {
          "corpus_id": "sep",
          "title": "sep",
          "url": null,
          "score": 0.0,
          "snippet": "Heidegger's philosophy evolves from analyzing Dasein's spatial Being-in-the-world to defining human essence as dwelling within the fourfold, which involves safeguarding the truth of Being. This later...",
          "source": "raptor"
        },
        {
          "corpus_id": "sep",
          "title": "heidegger",
          "url": "https://plato.stanford.edu/entries/heidegger/",
          "score": 0.0,
          "snippet": "[Atlas highlights]\nDefining Being and Time (heidegger): \"Also called care, this non-intentional openness replaced Husserlian intentionality.\"\n[Martin Heidegger (heidegger)]: \"\"the 'Kehre' is at work..."
        },
        {
          "corpus_id": "sep",
          "title": "heidegger",
          "url": "https://plato.stanford.edu/entries/heidegger/",
          "score": 0.0,
          "snippet": "[Atlas highlights]\n[Martin Heidegger (heidegger)]: \"According to Heidegger, Descartes presents the world to us “with its skin off” (Being and Time 20: 132), i.e., as a collection of present-at-..."
        },
        {
          "corpus_id": "sep",
          "title": "husserl",
          "url": "https://plato.stanford.edu/entries/husserl/",
          "score": 0.0,
          "snippet": "husserl\n\nIn the first decade of the 20th century, Husserl considerably refined and modified his method into what he called “transcendental phenomenology”. This method has us focus on the..."
        },
        {
          "corpus_id": "sep",
          "title": "heidegger",
          "url": "https://plato.stanford.edu/entries/heidegger/",
          "score": 0.0,
          "snippet": "[Atlas highlights]\n[Martin Heidegger (heidegger)]: \"the crucial distinction between Being and beings (entities). The question of the meaning of Being is concerned with what it is that makes beings..."
        },
        {
          "corpus_id": "sep",
          "title": "time",
          "url": "https://plato.stanford.edu/entries/time/",
          "score": 0.0,
          "snippet": "time\n\nTo get an intuitive idea of what temporal parts are supposed to be, think of a film strip depicting you as you walk across a room. It is made up of many frames, and each frame shows you at a..."
        },
        {
          "corpus_id": "sep",
          "title": "husserl",
          "url": "https://plato.stanford.edu/entries/husserl/",
          "score": 0.0,
          "snippet": "[Atlas highlights]\n[Edmund Husserl (husserl)]: \"indexical experiences... are characterized, among other things, by their singularity: they represent a particular object...\"\nDefining eidetic reduction..."
        },
        {
          "corpus_id": "sep",
          "title": "husserl",
          "url": "https://plato.stanford.edu/entries/husserl/",
          "score": 0.0,
          "snippet": "[Atlas highlights]\n[Edmund Husserl (husserl)]: \"the motivational basis... must already display the essential feature of consciousness independently of occurent higher order thought\"\nArgument:..."
        },
        {
          "corpus_id": "sep",
          "title": "phenomenology",
          "url": "https://plato.stanford.edu/entries/phenomenology/",
          "score": 0.0,
          "snippet": "phenomenology\n\nIn Being and Time (1927) Heidegger unfurled his rendition of phenomenology. For Heidegger, we and our activities are always “in the world”, our being is being-in-the-world, so we..."
        },
        {
          "corpus_id": "sep",
          "title": "findlay",
          "url": "https://plato.stanford.edu/entries/findlay/",
          "score": 0.0,
          "snippet": "findlay\n\nFindlay attitude towards Husserl was conflicted. On the one hand, he declared, more than once and without qualification, that Husserl was “the greatest philosopher of the twentieth..."
        },
        {
          "corpus_id": "sep",
          "title": "gasset",
          "url": "https://plato.stanford.edu/entries/gasset/",
          "score": 0.0,
          "snippet": "gasset\n\nOrtega’s dissatisfaction with this psychological understanding of theIdeas anticipated, in part, statements made by Husserl in 1935. In his Crisis for European Sciences and Transcendental..."
        },
        {
          "corpus_id": "sep",
          "title": "hermeneutics",
          "url": "https://plato.stanford.edu/entries/hermeneutics/",
          "score": 0.0,
          "snippet": "hermeneutics\n\nHeidegger clarifies the role played by hermeneutics in his early phenomenological inquiries into human existence through a critical reconsideration of Husserl’s classical..."
        },
        {
          "corpus_id": "sep",
          "title": "consciousness-intentionality",
          "url": "https://plato.stanford.edu/entries/consciousness-intentionality/",
          "score": 0.0,
          "snippet": "consciousness-intentionality\n\nInterpretations of Husserl diverge, partly due to difficulties in being clear about how to interpret his shift from the “quality/matter” to the “noema”..."
        },
        {
          "corpus_id": "sep",
          "title": "heidegger-aesthetics",
          "url": "https://plato.stanford.edu/entries/heidegger-aesthetics/",
          "score": 0.0,
          "snippet": "heidegger-aesthetics\n\nAbbreviations Used for Works by Heidegger (translations often modified)"
        },
        {
          "corpus_id": "sep",
          "title": "schutz",
          "url": "https://plato.stanford.edu/entries/schutz/",
          "score": 0.0,
          "snippet": "schutz\n\nSchutz’s philosophical targeting of the social world had its repercussions upon phenomenology, particularly in his critique near the end of his career of Husserl’s account (also referred..."
        },
        {
          "corpus_id": "sep",
          "title": "existentialism",
          "url": "https://plato.stanford.edu/entries/existentialism/",
          "score": 0.0,
          "snippet": "existentialism\n\nAs Sartre and Merleau-Ponty would later do, Heidegger pursued these issues with the somewhat unlikely resources of Edmund Husserl’s phenomenological method. And while not all..."
        },
        {
          "corpus_id": "sep",
          "title": "phenomenology-mg",
          "url": "https://plato.stanford.edu/entries/phenomenology-mg/",
          "score": 0.0,
          "snippet": "phenomenology-mg\n\nThe first volume of the Yearbook also featured Husserl’s Ideas Pertaining to a Pure Phenomenology and to a Phenomenological Philosophy, where Husserl places transcendental..."
        },
        {
          "corpus_id": "sep",
          "title": "moral-phenomenology",
          "url": "https://plato.stanford.edu/entries/moral-phenomenology/",
          "score": 0.0,
          "snippet": "moral-phenomenology\n\nThe specification of the main theme of phenomenology as intentionality is a result of exercising the “phenomenological reduction” (Husserl 1913: §§30–84). Without..."
        },
        {
          "corpus_id": "sep",
          "title": "levinas",
          "url": "https://plato.stanford.edu/entries/levinas/",
          "score": 0.0,
          "snippet": "levinas\n\nLevinas published his thesis, The Theory of Intuition in Husserl’s Phenomenology, in 1930. It was the first book-length introduction to Husserl’s thought in French. By focusing on the..."
        },
        {
          "corpus_id": "sep",
          "title": "personalism",
          "url": "https://plato.stanford.edu/entries/personalism/",
          "score": 0.0,
          "snippet": "personalism\n\nPersonalism in Germany was closely wedded to another philosophical school, phenomenology, developed by Austrian-born Edmund Husserl (1859–1938).  Like existentialism and French..."
        },
        {
          "corpus_id": "sep",
          "title": "time",
          "url": "https://plato.stanford.edu/entries/time/",
          "score": 0.0,
          "snippet": "time\n\nTenseless Proposition: “Sullivan eats a burrito at &lt;insert present time stamp&gt;”."
        },
        {
          "corpus_id": "sep",
          "title": "heidegger",
          "url": "https://plato.stanford.edu/entries/heidegger/",
          "score": 0.0,
          "snippet": "heidegger\n\nDasein is, then, our primary ‘object’ of study, and our point of investigative departure is Dasein's everyday encounters with entities. But what sort of philosophical method is..."
        },
        {
          "corpus_id": "sep",
          "title": "husserl",
          "url": "https://plato.stanford.edu/entries/husserl/",
          "score": 0.0,
          "snippet": "husserl\n\nIn the year 1916 Husserl became Heinrich Rickert’s successor as full professor (“Ordinarius”) in Freiburg/Breisgau, where (among many other things) he worked on passive synthesis (cf...."
        },
        {
          "corpus_id": "sep",
          "title": "time",
          "url": "https://plato.stanford.edu/entries/time/",
          "score": 0.0,
          "snippet": "time\n\nNote: This entry does not discuss the consciousness, perception, experience, or phenomenology of time. A historical overview and general presentation of the various views is available in the..."
        },
        {
          "corpus_id": "sep",
          "title": "time",
          "url": "https://plato.stanford.edu/entries/time/",
          "score": 0.0,
          "snippet": "time\n\nDiscussions of the nature of time, and of various issues related to time, have always featured prominently in philosophy, but they have been especially important since the beginning of the..."
        },
        {
          "corpus_id": "sep",
          "title": "phenomenology",
          "url": "https://plato.stanford.edu/entries/phenomenology/",
          "score": 0.0,
          "snippet": "phenomenology\n\nPhilosophers succeeding Husserl debated the proper characterization of phenomenology, arguing over its results and its methods. Adolf Reinach, an early student of Husserl’s (who died..."
        },
        {
          "corpus_id": "sep",
          "title": "phenomenology",
          "url": "https://plato.stanford.edu/entries/phenomenology/",
          "score": 0.0,
          "snippet": "phenomenology\n\nHusserl’s work was followed by a flurry of phenomenological writing in the first half of the 20th century. The diversity of traditional phenomenology is apparent in the Encyclopedia..."
        },
        {
          "corpus_id": "sep",
          "title": "phenomenology",
          "url": "https://plato.stanford.edu/entries/phenomenology/",
          "score": 0.0,
          "snippet": "phenomenology\n\nIn Ideas I Husserl presented phenomenology with a transcendental turn. In part this means that Husserl took on the Kantian idiom of “transcendental idealism”, looking for..."
        }
      ],
      "source_score": {
        "matched": [
          "husserl",
          "heidegger"
        ],
        "missing": [],
        "total_expected": 2,
        "ratio": 1.0
      },
      "fact_score": {
        "matched": [
          "epoché",
          "transcendental reduction",
          "Husserl",
          "phenomenology",
          "Heidegger",
          "being-in-the-world",
          "Dasein"
        ],
        "missing": [
          "ready-to-hand"
        ],
        "total_expected": 8,
        "ratio": 0.875
      },
      "embed_ms": 0,
      "search_ms": 0,
      "corpora_hit": [
        "sep"
      ],
      "vector_eligible": true,
      "synth": {
        "answer": "Husserl’s transcendental reduction (the epoché) is a methodological procedure in which the phenomenologist \"brackets\" or suspends belief in the existence of the external world and its objects to focus exclusively on the essential structures of intentional consciousness [Source: husserl]. By withholding commitment regarding whether transcendent objects actually exist, Husserl aims to reveal how these objects \"constitute themselves\" within pure consciousness, establishing a radically unprejudiced foundation for philosophy as an *a priori* discipline distinct from psychology [Source: husserl; Source: moral-phenomenology].\n\nHeidegger’s analysis of being-in-the-world in *Being and Time* departs from this methodological framework by rejecting the epoché's suspension of worldly involvement. Heidegger argues that human existence (Dasein) is fundamentally practical and contextual rather than theoretical or detached. His departure involves three key shifts:\n\n1.  **From Bracketing to Interpretation:** While Husserl brackets the world to study conscious structures, Heidegger holds that we are always already \"in the world\" through practical engagement (e.g., hammering). Consequently, phenomenology for Heidegger becomes \"hermeneutical\"—an interpretation of our pre-ontological understanding of Being—rather than a descriptive analysis of pure consciousness [Source: heidegger; Source: hermeneutics].\n2.  **The Critique of Givenness:** Heidegger argues that what Husserl treats as \"givenness\" in consciousness is itself a theoretical construct. Therefore, philosophical analysis must begin with an interpretation of these pre-theoretical conditions rather than starting from intentionality or conscious objects [Source: heidegger].\n3.  **From Intentionality to Care (Sorge):** Heidegger replaces the Husserlian concept of intentionality (consciousness directed at an object) with \"care,\" described as a non-intentional openness grounded in Dasein’s practical activity and spatiality (\"de-severance\") [Source: heidegger; Source: phenomenology].\n\nIn short, while Husserl seeks to isolate the transcendental ego by suspending natural attitude assumptions, Heidegger insists that such detachment is ontologically impossible because our primary mode of being is always already engaged with entities in their meaningful context [Source: husserl; Source: hermeneutics].",
        "reasoning_chars": 0,
        "stream_wall_ms": 56630,
        "total_latency_ms": 49663,
        "intent": "DeepQuery",
        "source_origins": [
          "sep"
        ],
        "retrieved_chunk_count": 35,
        "chunks_fact_score": {
          "matched": [
            "epoché",
            "transcendental reduction",
            "Husserl",
            "phenomenology",
            "Heidegger",
            "being-in-the-world",
            "Dasein",
            "ready-to-hand"
          ],
          "missing": [],
          "total_expected": 8,
          "ratio": 1.0
        },
        "judge_fact_score": {
          "matched": [
            "epoché",
            "transcendental reduction",
            "Husserl",
            "phenomenology",
            "Heidegger",
            "being-in-the-world",
            "Dasein"
          ],
          "missing": [
            "ready-to-hand"
          ],
          "total_expected": 8,
          "ratio": 0.875
        },
        "judge_evidence": [
          {
            "fact": "epoché",
            "present": true,
            "evidence": "\"Husserl's transcendental reduction (the epoché) is a methodological procedure\""
          },
          {
            "fact": "transcendental reduction",
            "present": true,
            "evidence": "\"Husserl's transcendental reduction (the epoché) is a methodological procedure...\""
          },
          {
            "fact": "Husserl",
            "present": true,
            "evidence": "\"Husserl's transcendental reduction (the epoché) is a methodological procedure in which the phenomenologist 'brackets' or suspends belief...\""
          },
          {
            "fact": "phenomenology",
            "present": true,
            "evidence": "\"While Husserl brackets the world to study conscious structures, Heidegger holds that we are always already 'in the world' through practical engagement (e.g., hammering). Consequently, phenomenology for Heidegger becomes..."
          },
          {
            "fact": "Heidegger",
            "present": true,
            "evidence": "\"Heidegger's analysis of being-in-the-world in Being and Time departs from this methodological framework...\""
          },
          {
            "fact": "being-in-the-world",
            "present": true,
            "evidence": "\"Heidegger's analysis of being-in-the-world in Being and Time departs from this methodological framework...\""
          },
          {
            "fact": "Dasein",
            "present": true,
            "evidence": "\"Heidegger argues that human existence (Dasein) is fundamentally practical and contextual rather than theoretical or detached.\""
          },
          {
            "fact": "ready-to-hand",
            "present": false,
            "evidence": "(absent)"
          }
        ]
      }
    },
    {
      "question_id": "comparative_mencius_xunzi_human_nature",
      "category": "comparative",
      "question": "Compare Mencius's and Xunzi's accounts of human nature (xing), and\nexplain how their different starting points lead to different views on\nthe role of ritual (li) in moral cultivation.\n",
      "retrieved": [
        {
          "corpus_id": "sep",
          "title": "sep",
          "url": null,
          "score": 0.0,
          "snippet": "Mencius advanced the claim that human nature is good as a strategic defense of Confucianism against the doctrines of Mohists and Yang Zhu. He argued that ethical cultivation involves extending innate...",
          "source": "raptor"
        },
        {
          "corpus_id": "sep",
          "title": "sep",
          "url": null,
          "score": 0.0,
          "snippet": "The passages contrast Mencius's view of innate moral predispositions with Xunzi's assertion that human nature is inherently self-serving, requiring conscious effort and social constructs to achieve...",
          "source": "raptor"
        },
        {
          "corpus_id": "sep",
          "title": "sep",
          "url": null,
          "score": 0.0,
          "snippet": "Mencius argues that human nature is inherently good, characterized by innate sprouts of benevolence, righteousness, wisdom, and propriety that develop into virtues through proper environmental...",
          "source": "raptor"
        },
        {
          "corpus_id": "sep",
          "title": "sep",
          "url": null,
          "score": 0.0,
          "snippet": "Xunzi argues that human nature is inherently detestable, requiring transformation through ritual and moral artifice rather than abandonment. This process relies on the heart-mind to perceive and...",
          "source": "raptor"
        },
        {
          "corpus_id": "sep",
          "title": "sep",
          "url": null,
          "score": 0.0,
          "snippet": "The passages argue that the Confucian concepts of ren (humaneness) and li (ritual propriety) are mutually constitutive rather than merely instrumental, with ritual serving as both a necessary...",
          "source": "raptor"
        },
        {
          "corpus_id": "sep",
          "title": "sep",
          "url": null,
          "score": 0.0,
          "snippet": "Xunzi argues that rituals (li) are not arbitrary social conventions but essential frameworks for moral development, emotional expression, and political order because they align with fundamental human...",
          "source": "raptor"
        },
        {
          "corpus_id": "sep",
          "title": "sep",
          "url": null,
          "score": 0.0,
          "snippet": "Mozi and his followers reject traditional ritual propriety (li) as an insufficient moral guide because customs vary across cultures and may be inherently wrong. Instead, they argue that effective...",
          "source": "raptor"
        },
        {
          "corpus_id": "sep",
          "title": "sep",
          "url": null,
          "score": 0.0,
          "snippet": "The passages argue that principle (li) and vital force (qi) are inseparable, rejecting the Song dynasty bifurcation of human nature into a superior heavenly aspect and an inferior physical one. This...",
          "source": "raptor"
        },
        {
          "corpus_id": "sep",
          "title": "mencius",
          "url": "https://plato.stanford.edu/entries/mencius/",
          "score": 0.0,
          "snippet": "[Atlas highlights]\nArgument: The Argument from Innate Tendencies (Human Nature is Good) [from mencius]\n  P1. Humans have innate tendencies toward benevolence. righteousness, wisdom, and propriety.\n ..."
        },
        {
          "corpus_id": "sep",
          "title": "mencius",
          "url": "https://plato.stanford.edu/entries/mencius/",
          "score": 0.0,
          "snippet": "[Atlas highlights]\n[mencius]: \"The founders of the Zhou dynasty had justified their rule by claiming that it was mandated by Heaven (tiān).\"\nArgument: Definition of true filial piety [from mencius]\n..."
        },
        {
          "corpus_id": "sep",
          "title": "mencius",
          "url": "https://plato.stanford.edu/entries/mencius/",
          "score": 0.0,
          "snippet": "[Atlas highlights]\nArgument: The Argument from Extension (via the Ox Example) [from mencius]\n  P1. A ruler shows compassion for an ox being led to slaughter by sparing it (C1).\n  P2. The ruler's..."
        },
        {
          "corpus_id": "sep",
          "title": "xunzi",
          "url": "https://plato.stanford.edu/entries/xunzi/",
          "score": 0.0,
          "snippet": "[Atlas highlights]\n[Xunzi (xunzi)]: \"\"When the heart-mind reasons and the other faculties put it into this is called ‘artifice’\"\"\n[Xunzi (xunzi)]: \"\"The mind is the lord of the … It issues..."
        },
        {
          "corpus_id": "sep",
          "title": "xunzi",
          "url": "https://plato.stanford.edu/entries/xunzi/",
          "score": 0.0,
          "snippet": "[Atlas highlights]\n[Xunzi (xunzi)]: \"rituals are not merely received practices or convenient social institutions; they are practicable forms in which the sages aimed to encapsulate\"\n[Xunzi (xunzi)]:..."
        },
        {
          "corpus_id": "sep",
          "title": "xunzi",
          "url": "https://plato.stanford.edu/entries/xunzi/",
          "score": 0.0,
          "snippet": "[Atlas highlights]\n[Xunzi (xunzi)]: \"The three-year mourning period is a rite established with reference to feelings; it is the means by which one conveys the acme of one’s sorrow.\"\nDefining that..."
        },
        {
          "corpus_id": "sep",
          "title": "ethics-chinese",
          "url": "https://plato.stanford.edu/entries/ethics-chinese/",
          "score": 0.0,
          "snippet": "ethics-chinese\n\nAnother disagreement between Mencius and Xunzi has to do with Mencius’ claim that human nature contains moral predispositions. As indicated earlier, such Mencian predispositions..."
        },
        {
          "corpus_id": "sep",
          "title": "comparphil-chiwes",
          "url": "https://plato.stanford.edu/entries/comparphil-chiwes/",
          "score": 0.0,
          "snippet": "comparphil-chiwes\n\nThe differences between Mencius’ and Xunzi’s theories are substantial and raise sophisticated philosophical issues that remain relevant to this day. Xunzi launched a vigorous..."
        },
        {
          "corpus_id": "sep",
          "title": "song-ming-confucianism",
          "url": "https://plato.stanford.edu/entries/song-ming-confucianism/",
          "score": 0.0,
          "snippet": "song-ming-confucianism\n\nBy the start of the Song dynasty, the Chinese character xing 性, which is usually translated as “nature” or “the nature”, had long been used to refer to important..."
        },
        {
          "corpus_id": "sep",
          "title": "japanese-confucian",
          "url": "https://plato.stanford.edu/entries/japanese-confucian/",
          "score": 0.0,
          "snippet": "japanese-confucian\n\nConfucius’ teachings were advanced by various disciples in the late-Zhou period, the most systematic being Mengzi (371–289 B.C.E.), known most commonly in the west by his..."
        },
        {
          "corpus_id": "sep",
          "title": "daoism",
          "url": "https://plato.stanford.edu/entries/daoism/",
          "score": 0.0,
          "snippet": "daoism\n\nZhuangzi built on a related view—that people develop different moral attitudes from different natural upbringings and each feels his own views are obvious and natural. But his version..."
        },
        {
          "corpus_id": "sep",
          "title": "emotions-chinese",
          "url": "https://plato.stanford.edu/entries/emotions-chinese/",
          "score": 0.0,
          "snippet": "emotions-chinese\n\nMany Chinese philosophers discuss qing and its interactive responsiveness and affective sensitivity as a core foundation of moral agency and the communal self. Confucius explains..."
        },
        {
          "corpus_id": "sep",
          "title": "zhuangzi",
          "url": "https://plato.stanford.edu/entries/zhuangzi/",
          "score": 0.0,
          "snippet": "zhuangzi\n\nThe trend from social construction humanism toward naturalism had been gradual. Mozi’s argument for basing such constructions on a natural distinction of benefit and harm was an early..."
        },
        {
          "corpus_id": "sep",
          "title": "confucius",
          "url": "https://plato.stanford.edu/entries/confucius/",
          "score": 0.0,
          "snippet": "confucius\n\nLater writers developed accounts of the sources of benevolent behavior, most famously in the context of the discussion of human nature (xing 性) in the centuries after Confucius. Mencius..."
        },
        {
          "corpus_id": "sep",
          "title": "chinese-social-political",
          "url": "https://plato.stanford.edu/entries/chinese-social-political/",
          "score": 0.0,
          "snippet": "chinese-social-political\n\nRitual (li—a different character from that for “benefit”) was important in many chapters of the Analects, but takes on an even more central role here. While people..."
        },
        {
          "corpus_id": "sep",
          "title": "korean-confucianism",
          "url": "https://plato.stanford.edu/entries/korean-confucianism/",
          "score": 0.0,
          "snippet": "korean-confucianism\n\nThe refining nature of moral education is another important feature of Korean Confucianism, something scholars asserted and accentuated, and even the king was indoctrinated with..."
        },
        {
          "corpus_id": "sep",
          "title": "mohism",
          "url": "https://plato.stanford.edu/entries/mohism/",
          "score": 0.0,
          "snippet": "mohism\n\nOne answer, accepted by many Ru (Confucians) and other “gentlemen of the world” criticized by the Mohists, is the li (ritual propriety, ceremony), a traditional code of propriety..."
        },
        {
          "corpus_id": "sep",
          "title": "han-dynasty",
          "url": "https://plato.stanford.edu/entries/han-dynasty/",
          "score": 0.0,
          "snippet": "han-dynasty\n\nThe Huainanzi has a difficult balancing act to maintain here, however. While it accepts the Daoist view outlined above concerning the efficacy of following nature and the corrosive..."
        },
        {
          "corpus_id": "sep",
          "title": "chinese-metaphysics",
          "url": "https://plato.stanford.edu/entries/chinese-metaphysics/",
          "score": 0.0,
          "snippet": "chinese-metaphysics\n\nAnother common Neo-Confucian claim with Buddhist overtones follows: if the totality of li is included within any particular thing, then it must exist within each person’s..."
        },
        {
          "corpus_id": "sep",
          "title": "zhu-xi",
          "url": "https://plato.stanford.edu/entries/zhu-xi/",
          "score": 0.0,
          "snippet": "zhu-xi\n\nThroughout his career, Zhu Xi focused on the twin problems of 1) determining the conditions of moral agency, and 2) setting forth a viable program of moral self-cultivation on that basis. Zhu..."
        },
        {
          "corpus_id": "sep",
          "title": "mencius",
          "url": "https://plato.stanford.edu/entries/mencius/",
          "score": 0.0,
          "snippet": "mencius\n\nIt is common to observe that Mencius and Xunzi are speaking at cross–purposes, because they assume different conceptions of the key term “nature” (Graham 1967). For Mencius, a..."
        },
        {
          "corpus_id": "sep",
          "title": "xunzi",
          "url": "https://plato.stanford.edu/entries/xunzi/",
          "score": 0.0,
          "snippet": "xunzi\n\nIn Xunzi, “Human Nature is Evil” is framed as an argument with Mencius (who was probably long dead), and takes the view that the xing of human beings is the very opposite of shan, namely..."
        },
        {
          "corpus_id": "sep",
          "title": "song-ming-confucianism",
          "url": "https://plato.stanford.edu/entries/song-ming-confucianism/",
          "score": 0.0,
          "snippet": "song-ming-confucianism\n\nBy locating our good nature in Pattern, however, Cheng Yi introduced new philosophical challenges. His view assumes that all human beings have Pattern at all times, and yet it..."
        },
        {
          "corpus_id": "sep",
          "title": "song-ming-confucianism",
          "url": "https://plato.stanford.edu/entries/song-ming-confucianism/",
          "score": 0.0,
          "snippet": "song-ming-confucianism\n\nThe prominent figures in Song-Ming Confucianism held divergent and often mutually inconsistent views about each of the major issues of their era, but they participated in a..."
        },
        {
          "corpus_id": "sep",
          "title": "song-ming-confucianism",
          "url": "https://plato.stanford.edu/entries/song-ming-confucianism/",
          "score": 0.0,
          "snippet": "song-ming-confucianism\n\nAt the center of this Northern Song group were the brothers Cheng Hao (1032–1085) and Cheng Yi (1033–1107), who studied with both Zhou and Zhang but developed their own..."
        },
        {
          "corpus_id": "sep",
          "title": "ethics-chinese",
          "url": "https://plato.stanford.edu/entries/ethics-chinese/",
          "score": 0.0,
          "snippet": "ethics-chinese\n\nThe passage demonstrates one characteristic of the text that is pertinent to Mencius’s response to Mohism. In contrast to the Analects, the ruler’s duties to care for his people..."
        },
        {
          "corpus_id": "sep",
          "title": "ethics-chinese",
          "url": "https://plato.stanford.edu/entries/ethics-chinese/",
          "score": 0.0,
          "snippet": "ethics-chinese\n\nIn the Xing E (“[Human] Nature is Bad”) chapter, Xunzi explicitly opposes his position on human nature to Mencius’s. He asserts that far from being good, human nature is bad..."
        },
        {
          "corpus_id": "sep",
          "title": "ethics-chinese",
          "url": "https://plato.stanford.edu/entries/ethics-chinese/",
          "score": 0.0,
          "snippet": "ethics-chinese\n\nBesides the concepts of dao and junzi, the concept of ren is a unifying theme in the Analects. Before Confucius’s time, the concept of ren referred to the aristocracy of bloodlines,..."
        }
      ],
      "source_score": {
        "matched": [
          "mencius",
          "xunzi"
        ],
        "missing": [],
        "total_expected": 2,
        "ratio": 1.0
      },
      "fact_score": {
        "matched": [
          "Mencius",
          "Xunzi",
          "human nature",
          "xing",
          "ritual",
          "four sprouts",
          "moral cultivation"
        ],
        "missing": [
          "Confucian"
        ],
        "unscorable": [
          "li"
        ],
        "total_expected": 9,
        "ratio": 0.875
      },
      "embed_ms": 0,
      "search_ms": 0,
      "corpora_hit": [
        "sep"
      ],
      "vector_eligible": true,
      "synth": {
        "answer": "Mencius and Xunzi offer competing accounts of human nature (*xing*) that fundamentally diverge on whether moral potential is innate or acquired. This disagreement dictates their respective views on the role of ritual (*li*): for Mencius, *li* serves to nurture and extend pre-existing internal sprouts; for Xunzi, *li* acts as an external framework constructed by sages to correct and transform inherently self-interested impulses.\n\n### Divergent Starting Points: Innate Sprouts vs. Raw Desires\nThe core dispute lies in how each philosopher defines \"nature.\" For **Mencius**, a paradigmatic example of fulfilling one's nature is like a plant sprout maturing into a full-grown tree [Source: mencius]. He argues that humans are born with innate tendencies toward benevolence, righteousness, wisdom, and propriety (the four moral sprouts) [Source: mencius] [Source: ethics-chinese]. These predispositions manifest through distinctively moral emotions—such as the compassion felt when witnessing an ox being led to slaughter—and can be developed into fully formed virtues if given a healthy environment [Source: mencius] [Source: ethics-chinese].\n\nIn contrast, **Xunzi** defines \"nature\" strictly as what one possesses innately at birth without learning or effort. Under this definition, human nature consists of basic faculties and desires (e.g., eyes liking pretty colors, ears liking beautiful sounds) that are inherently self-seeking [Source: xunzi] [Source: ethics-chinese]. Xunzi argues that following these spontaneous impulses leads directly to violence and social disorder; therefore, he asserts that \"human nature is bad\" (*xing e*) because indulging it results in detestable outcomes [Source: xunzi] [Source: ethics-chinese]. For Xunzi, moral goodness does not exist within our raw biological endowment but must be artificially constructed through deliberate effort (*wei*) [Source: ethics-chinese].\n\n### The Role of Ritual (Li)\nBecause their starting points differ so radically, the function of ritual (*li*) shifts from an internal catalyst for Mencius to a necessary external corrective for Xunzi.\n\n**Mencius: Cultivating Internal Sprouts**\nFor Mencius, ethical cultivation resembles encouraging a sprout to grow into maturity; it requires active engagement with one's innate tendencies rather than forcing them into new shapes [Source: mencius]. Ritual is viewed as the natural expression and extension of these inner moral feelings. For example, true filial piety—a core aspect of *li*—is not merely providing food but expressing genuine respect rooted in our innate familial love [Source: mencius] [Source: emotions-chinese]. \n\nFurthermore, ritual serves as a guide against being misled by sensory desires. While physical desires are not intrinsically evil, they can lead us astray if pursued without engaging our ethical motivations (which respond less automatically) [Source: mencius]. Thus, Mencian cultivation involves \"extending\" one's initial compassionate reactions to broader social contexts, such as extending compassion for an ox to the suffering subjects under a ruler’s care [Source: mencius].\n\n**Xunzi: Transforming Nature through Artifice**\nFor Xunzi, humans require external transformation just as crooked wood must be steamed and straightened on a shaping frame before it becomes useful [Source: xunzi] [Source: ethics-chinese]. Because moral standards are not innate but were generated by ancient sages who accumulated deliberate effort over time, ritual functions as that artificial framework or standard (*fa*) necessary to impose order upon chaotic desires [Source: ethics-chinese] [Source: chinese-social-political]. \n\nCrucially, Xunzi argues against the view that rituals are merely arbitrary social conventions. Instead, he posits that sage-king rituals are legitimate because they accord with \"that which makes humans human\" (*ren zhi suoyi wei ren zhe*), specifically our natural capacity for making distinctions (such as male/female or old/young) [Source: xunzi]. Rituals confirm these natural distinctions and shape them into socially harmonious behaviors, replacing direct concern with personal benefit with ritual propriety and shame [Source: xunzi] [Source: chinese-social-political].\n\n### Conclusion\nUltimately, Mencius views morality as a discovery of what is already within us—an alignment with the order established by Heaven—whereas Xunzi views it as an invention created to solve cooperation problems arising from self-interest [Source: ethics-chinese] [Source: comparphil-chiwes]. Consequently, Mencian *li* refines internal virtues, while Xunzian *li* constructs external standards that reshape human behavior.",
        "reasoning_chars": 0,
        "stream_wall_ms": 72977,
        "total_latency_ms": 67296,
        "intent": "DeepQuery",
        "source_origins": [
          "sep"
        ],
        "retrieved_chunk_count": 36,
        "chunks_fact_score": {
          "matched": [
            "Mencius",
            "Xunzi",
            "human nature",
            "xing",
            "ritual",
            "moral cultivation",
            "Confucian"
          ],
          "missing": [
            "four sprouts"
          ],
          "unscorable": [
            "li"
          ],
          "total_expected": 9,
          "ratio": 0.875
        },
        "judge_fact_score": {
          "matched": [
            "Mencius",
            "Xunzi",
            "human nature",
            "xing",
            "ritual",
            "li",
            "four sprouts",
            "moral cultivation"
          ],
          "missing": [
            "Confucian"
          ],
          "total_expected": 9,
          "ratio": 0.8888889
        },
        "judge_evidence": [
          {
            "fact": "Mencius",
            "present": true,
            "evidence": "Mencius and Xunzi offer competing accounts of human nature (*xing*) that fundamentally diverge on whether moral potential is innate or acquired."
          },
          {
            "fact": "Xunzi",
            "present": true,
            "evidence": "Mencius and Xunzi offer competing accounts of human nature (*xing*) that fundamentally diverge on whether moral potential is innate or acquired."
          },
          {
            "fact": "human nature",
            "present": true,
            "evidence": "\"human nature consists of basic faculties and desires... that are inherently self-seeking\""
          },
          {
            "fact": "xing",
            "present": true,
            "evidence": "*xing* that fundamentally diverge on whether moral potential is innate or acquired."
          },
          {
            "fact": "ritual",
            "present": true,
            "evidence": "\"for Mencius, li serves to nurture and extend pre-existing internal sprouts; for Xunzi, li acts as an external framework constructed by sages\""
          },
          {
            "fact": "li",
            "present": true,
            "evidence": "*li* serves to nurture and extend pre-existing internal sprouts"
          },
          {
            "fact": "four sprouts",
            "present": true,
            "evidence": "\"He argues that humans are born with innate tendencies toward benevolence, righteousness, wisdom, and propriety (the four moral sprouts)\""
          },
          {
            "fact": "moral cultivation",
            "present": true,
            "evidence": "\"For Mencius, ethical cultivation resembles encouraging a sprout to grow into maturity; it requires active engagement with one's innate tendencies rather than forcing them into new shapes\""
          },
          {
            "fact": "Confucian",
            "present": false,
            "evidence": "(absent)"
          }
        ]
      }
    },
    {
      "question_id": "contested_bioethics_principlism",
      "category": "contested",
      "question": "What are the four principles of biomedical ethics in the Beauchamp-\nChildress framework, and what are the main lines of objection\n(particularist, virtue-ethical, casuist) to principlism as a\nmethodology in bioethics?\n",
      "retrieved": [
        {
          "corpus_id": "sep",
          "title": "sep",
          "url": null,
          "score": 0.0,
          "snippet": "Bioethical theory has evolved from abstract high-level principles to mid-level approaches like Beauchamp and Childress's four-principles framework, which relies on common morality and wide reflective...",
          "source": "raptor"
        },
        {
          "corpus_id": "sep",
          "title": "sep",
          "url": null,
          "score": 0.0,
          "snippet": "Biomedicine is characterized as a reductionist, hegemonic framework that prioritizes biochemical mechanisms and clinical interventions while excluding holistic or social determinants of health....",
          "source": "raptor"
        },
        {
          "corpus_id": "sep",
          "title": "sep",
          "url": null,
          "score": 0.0,
          "snippet": "Biomedicine is characterized by a reductionist framework that prioritizes physical and biochemical explanations while excluding non-biological factors, leading to significant philosophical debates...",
          "source": "raptor"
        },
        {
          "corpus_id": "sep",
          "title": "sep",
          "url": null,
          "score": 0.0,
          "snippet": "Moral particularism argues that moral reasons are variable and context-dependent, rejecting the generalist view that features consistently contribute to rightness via invariant principles. Proponents...",
          "source": "raptor"
        },
        {
          "corpus_id": "sep",
          "title": "sep",
          "url": null,
          "score": 0.0,
          "snippet": "Contractualism is an impartial moral theory grounded in the equal status of rational agents, defining morality through principles that cannot be reasonably rejected by those affected. It...",
          "source": "raptor"
        },
        {
          "corpus_id": "sep",
          "title": "sep",
          "url": null,
          "score": 0.0,
          "snippet": "Thomas Reid argues that moral first principles are objective and irreducible, rejecting Humean conventionalism and sentimentalism in favor of a robust intuitionist framework. He posits that humans...",
          "source": "raptor"
        },
        {
          "corpus_id": "sep",
          "title": "sep",
          "url": null,
          "score": 0.0,
          "snippet": "The text outlines the central debate between moral generalists, who argue that principles are essential for guiding action and ensuring impartiality, and particularists, who oppose reliance on such...",
          "source": "raptor"
        },
        {
          "corpus_id": "sep",
          "title": "sep",
          "url": null,
          "score": 0.0,
          "snippet": "The passages examine the philosophical and practical dimensions of beneficence, contrasting it with benevolence while tracing its evolution through major ethical frameworks such as those proposed by...",
          "source": "raptor"
        },
        {
          "corpus_id": "sep",
          "title": "theory-bioethics",
          "url": "https://plato.stanford.edu/entries/theory-bioethics/",
          "score": 0.0,
          "snippet": "[Atlas highlights]\nDefining common morality (theory-bioethics): \"The content of the common morality is dictated by the primary objectives of morality, which include... the amelioration of human..."
        },
        {
          "corpus_id": "sep",
          "title": "theory-bioethics",
          "url": "https://plato.stanford.edu/entries/theory-bioethics/",
          "score": 0.0,
          "snippet": "[Atlas highlights]\n[Beauchamp & Childress 1979 (theory-bioethics)]: \"Importantly, this common morality is historicist... However, unlike many historicist accounts, the common morality is not..."
        },
        {
          "corpus_id": "sep",
          "title": "theory-bioethics",
          "url": "https://plato.stanford.edu/entries/theory-bioethics/",
          "score": 0.0,
          "snippet": "theory-bioethics\n\nThe relation between bioethics and moral theory is a complicated one. To start, we have philosophers as major contributors to the field of bioethics, and to many philosophers, their..."
        },
        {
          "corpus_id": "sep",
          "title": "feminist-bioethics",
          "url": "https://plato.stanford.edu/entries/feminist-bioethics/",
          "score": 0.0,
          "snippet": "[Atlas highlights]\n[Feminist bioethics (feminist-bioethics)]: \"This engagement has produced a body of work that problematizes the constra\"\n\nfeminist-bioethics\n\nAs the preceding discussion..."
        },
        {
          "corpus_id": "sep",
          "title": "ethics-internet-research",
          "url": "https://plato.stanford.edu/entries/ethics-internet-research/",
          "score": 0.0,
          "snippet": "ethics-internet-research\n\nConceptually and historically, Internet research ethics is most related to computer and information ethics and includes such ethical issues as participant knowledge and..."
        },
        {
          "corpus_id": "sep",
          "title": "hume-moral",
          "url": "https://plato.stanford.edu/entries/hume-moral/",
          "score": 0.0,
          "snippet": "hume-moral\n\nIn his political essays Hume certainly advocates the sort of constitution that protects the people’s liberties, but he justifies it not based on individual natural rights or contractual..."
        },
        {
          "corpus_id": "sep",
          "title": "informed-consent",
          "url": "https://plato.stanford.edu/entries/informed-consent/",
          "score": 0.0,
          "snippet": "[Atlas highlights]\n[Tom Beauchamp (informed-consent)]: \"\"The autonomous individual acts freely in accordance with a self-chosed plan, analogous to the way an independent government manages its..."
        },
        {
          "corpus_id": "sep",
          "title": "feminist-bioethics",
          "url": "https://plato.stanford.edu/entries/feminist-bioethics/",
          "score": 0.0,
          "snippet": "[Atlas highlights]\nDefining Feminist bioethics (feminist-bioethics): \"By the early 1990s, feminist bioethics had emerged as a distinctive academic concentration offering sustained critique of..."
        },
        {
          "corpus_id": "sep",
          "title": "publichealth-ethics",
          "url": "https://plato.stanford.edu/entries/publichealth-ethics/",
          "score": 0.0,
          "snippet": "publichealth-ethics\n\nView this site from another server:"
        },
        {
          "corpus_id": "sep",
          "title": "ethics-virtue",
          "url": "https://plato.stanford.edu/entries/ethics-virtue/",
          "score": 0.0,
          "snippet": "ethics-virtue\n\nNevertheless, the complaint that virtue ethics does not produce codifiable principles is still a commonly voiced criticism of the approach, expressed as the objection that it is, in..."
        },
        {
          "corpus_id": "sep",
          "title": "technology",
          "url": "https://plato.stanford.edu/entries/technology/",
          "score": 0.0,
          "snippet": "technology\n\nThe new fields of ethical reflection are often characterized as applied ethics, that is, as applications of theories, normative standards, concepts and methods developed in moral..."
        },
        {
          "corpus_id": "sep",
          "title": "reflective-equilibrium",
          "url": "https://plato.stanford.edu/entries/reflective-equilibrium/",
          "score": 0.0,
          "snippet": "reflective-equilibrium\n\nIn practical ethics, especially bioethics, there has been a vigorous debate about methodology. Some argue that we must root all claims about specific cases in specific ethical..."
        },
        {
          "corpus_id": "sep",
          "title": "principle-beneficence",
          "url": "https://plato.stanford.edu/entries/principle-beneficence/",
          "score": 0.0,
          "snippet": "principle-beneficence\n\nThe principle of beneficence plays a foundational role in the framework of research ethics and federal regulations in the United States (and beyond). This principle’s..."
        },
        {
          "corpus_id": "sep",
          "title": "ethics-indian-buddhism",
          "url": "https://plato.stanford.edu/entries/ethics-indian-buddhism/",
          "score": 0.0,
          "snippet": "ethics-indian-buddhism\n\nSome scholars, such as Charles Hallisey (1996) and Jay Garfield, have concluded that it is futile and misleading to try to interpret Buddhist ethics as a systematic theory..."
        },
        {
          "corpus_id": "sep",
          "title": "biomedicine",
          "url": "https://plato.stanford.edu/entries/biomedicine/",
          "score": 0.0,
          "snippet": "biomedicine\n\nAs noted at the beginning of this entry, critiques of biomedicine tend to focus on elements of biomedicine rather than the whole. There are exceptions to this. This section will review..."
        },
        {
          "corpus_id": "sep",
          "title": "supervenience-ethics",
          "url": "https://plato.stanford.edu/entries/supervenience-ethics/",
          "score": 0.0,
          "snippet": "supervenience-ethics\n\nOne traditional assumption about ethics is that our ethical obligations can be expressed by general ethical principles. This assumption has recently been challenged by ethical..."
        },
        {
          "corpus_id": "sep",
          "title": "justice-virtue",
          "url": "https://plato.stanford.edu/entries/justice-virtue/",
          "score": 0.0,
          "snippet": "justice-virtue\n\nLike Noddings, Virginia Held frames much of the point of the ethics of care against a historical theoretical backdrop of attention to justice (Held 1995, 2004, 2006). To some extent,..."
        },
        {
          "corpus_id": "sep",
          "title": "hume-moral",
          "url": "https://plato.stanford.edu/entries/hume-moral/",
          "score": 0.0,
          "snippet": "hume-moral\n\nLinked with these meta-ethical controversies is the dilemma of understanding the ethical life either as the “ancients” do, in terms of virtues and vices of character, or as the..."
        },
        {
          "corpus_id": "sep",
          "title": "ethics-internet-research",
          "url": "https://plato.stanford.edu/entries/ethics-internet-research/",
          "score": 0.0,
          "snippet": "ethics-internet-research\n\nethics, biomedical: clinical research |  ethics: deontological |  informed consent |  privacy"
        },
        {
          "corpus_id": "sep",
          "title": "informed-consent",
          "url": "https://plato.stanford.edu/entries/informed-consent/",
          "score": 0.0,
          "snippet": "informed-consent\n\nThe 1970s saw the ascent of a second rationale,  autonomy,  as the predominant justification of informed consent, through influential work by Ruth Faden, Tom Beauchamp, James..."
        },
        {
          "corpus_id": "sep",
          "title": "theory-bioethics",
          "url": "https://plato.stanford.edu/entries/theory-bioethics/",
          "score": 0.0,
          "snippet": "theory-bioethics\n\nFinally, Beauchamp and Childress themselves recently acknowledge two misunderstandings of their four principles framework. The first misunderstanding is that the framework..."
        },
        {
          "corpus_id": "sep",
          "title": "feminist-bioethics",
          "url": "https://plato.stanford.edu/entries/feminist-bioethics/",
          "score": 0.0,
          "snippet": "feminist-bioethics\n\nAs the preceding discussion illustrates, feminists have participated in scholarly discussion of virtually all the major topics in bioethics.  Their contributions are distinctive..."
        },
        {
          "corpus_id": "sep",
          "title": "feminist-bioethics",
          "url": "https://plato.stanford.edu/entries/feminist-bioethics/",
          "score": 0.0,
          "snippet": "feminist-bioethics\n\nFeminist critique also addresses the fundamental theory of mainstream bioethics. Feminist-friendly bioethicists have noted systemic weaknesses in the explanatory framework that..."
        },
        {
          "corpus_id": "sep",
          "title": "ethics-internet-research",
          "url": "https://plato.stanford.edu/entries/ethics-internet-research/",
          "score": 0.0,
          "snippet": "ethics-internet-research\n\nThere is little research that is not impacted in some way on or through the Internet. The Internet, as a field, a tool, and a venue, has specific and far-reaching ethical..."
        },
        {
          "corpus_id": "sep",
          "title": "ethics-internet-research",
          "url": "https://plato.stanford.edu/entries/ethics-internet-research/",
          "score": 0.0,
          "snippet": "ethics-internet-research\n\nThe practical, professional, and theoretical implications of human subjects protections has been covered extensively in scholarly literature, ranging from medical/biomedical..."
        },
        {
          "corpus_id": "sep",
          "title": "publichealth-ethics",
          "url": "https://plato.stanford.edu/entries/publichealth-ethics/",
          "score": 0.0,
          "snippet": "publichealth-ethics\n\nThere is no standard way of organizing the ethics of clinical practice, public health, and biomedical science. These different fields are often presented as discrete areas of..."
        },
        {
          "corpus_id": "sep",
          "title": "publichealth-ethics",
          "url": "https://plato.stanford.edu/entries/publichealth-ethics/",
          "score": 0.0,
          "snippet": "publichealth-ethics\n\nIn large part in response to these difficulties with cost-benefit analysis and treating maximization as the relevant principle, scholars in public health ethics have defended..."
        },
        {
          "corpus_id": "sep",
          "title": "publichealth-ethics",
          "url": "https://plato.stanford.edu/entries/publichealth-ethics/",
          "score": 0.0,
          "snippet": "publichealth-ethics\n\nSeveral ethics frameworks directed at assisting policymakers in taking this broader perspective attempt to incorporate both value-for-money and other justice-based commitments in..."
        }
      ],
      "source_score": {
        "matched": [
          "theory-bioethics",
          "feminist-bioethics"
        ],
        "missing": [],
        "total_expected": 2,
        "ratio": 1.0
      },
      "fact_score": {
        "matched": [
          "autonomy",
          "beneficence",
          "non-maleficence",
          "justice",
          "Beauchamp",
          "Childress",
          "principlism"
        ],
        "missing": [
          "casuistry",
          "particularism"
        ],
        "total_expected": 9,
        "ratio": 0.7777778
      },
      "embed_ms": 0,
      "search_ms": 0,
      "corpora_hit": [
        "sep"
      ],
      "vector_eligible": true,
      "synth": {
        "answer": "The Beauchamp-Childress framework, outlined in *Principles of Biomedical Ethics*, is built upon four principles: **autonomy**, **beneficence**, and the principle of nonmaleficence (implied by the context of beneficence's counterpart). The provided texts explicitly name autonomy [Source: informed-consent] and beneficence [Source: theory-bioethics; Source: principle-beneficence]. While the fourth principle—nonmaleficence—is not explicitly named as a standalone header in these excerpts, it is standardly paired with beneficence under that umbrella.\n\n**Main Lines of Objection to Principlism:**\n1.  **Particularist Critique:** Particularists argue against codifying ethical reasons into general principles, claiming instead that moral obligations are variable and context-dependent [Source: supervenience-ethics; Source: sep]. They contend that principlism fails because features do not consistently contribute to rightness via invariant rules, advocating for case-by-case deliberation rather than universal application [Source: sep].\n2.  **Virtue-Ethical Critique:** Critics from the virtue ethics tradition argue that a principle-centered approach lacks rigor without clear prioritization (Arras 2017) [Source: theory-bioethics]. Furthermore, they object that focusing on abstract duties ignores the importance of character traits and dispositions in healthcare, arguing instead that medical ethics should be underwritten by virtues to restore humanity to health care (de Zulueta 2015; Noddings) [Source: theory-bioethics; Source: justice-virtue].\n3.  **Casuist/Contextual Critiques:** Casuists and contextual critics—such as feminist bioethicists—argue that principlism relies too heavily on \"high-level\" abstraction. They contend it presupposes a generic individual subject who is disembodied and socially disembedded, thereby ignoring morally relevant particulars like relational networks or the unequal burdens borne by specific groups (Walker 2008). This approach is criticized for justifying the status quo rather than addressing systemic injustices in healthcare [Source: feminist-bioethics; Source: reflective-equilibrium].\n\n---\n*Verification note: these statements could not be confirmed against your sources — treat them as unverified:*\n- While the fourth principle—nonmaleficence—is not explicitly named as a standalone header in these excerpts, it is standardly paired with beneficence under that …",
        "reasoning_chars": 0,
        "stream_wall_ms": 47726,
        "total_latency_ms": 43207,
        "intent": "DeepQuery",
        "source_origins": [
          "sep"
        ],
        "retrieved_chunk_count": 36,
        "chunks_fact_score": {
          "matched": [
            "autonomy",
            "beneficence",
            "justice",
            "Beauchamp",
            "Childress",
            "particularism"
          ],
          "missing": [
            "non-maleficence",
            "principlism",
            "casuistry"
          ],
          "total_expected": 9,
          "ratio": 0.6666667
        },
        "judge_fact_score": {
          "matched": [
            "autonomy",
            "beneficence",
            "non-maleficence",
            "justice",
            "Beauchamp",
            "Childress",
            "principlism",
            "casuistry",
            "particularism"
          ],
          "missing": [],
          "total_expected": 9,
          "ratio": 1.0
        },
        "judge_evidence": [
          {
            "fact": "autonomy",
            "present": true,
            "evidence": "**autonomy**, **beneficence**, and the principle of nonmaleficence"
          },
          {
            "fact": "beneficence",
            "present": true,
            "evidence": "**autonomy**, **beneficence**, and the principle of nonmaleficence"
          },
          {
            "fact": "non-maleficence",
            "present": true,
            "evidence": "\"...and the principle of nonmaleficence (implied by the context of beneficence's counterpart).\""
          },
          {
            "fact": "justice",
            "present": true,
            "evidence": "This approach is criticized for justifying the status quo rather than addressing systemic injustices in healthcare"
          },
          {
            "fact": "Beauchamp",
            "present": true,
            "evidence": "\"The Beauchamp-Childress framework, outlined in *Principles of Biomedical Ethics*, is built upon four principles...\""
          },
          {
            "fact": "Childress",
            "present": true,
            "evidence": "\"The Beauchamp-Childress framework, outlined in Principles of Biomedical Ethics...\""
          },
          {
            "fact": "principlism",
            "present": true,
            "evidence": "\"Main Lines of Objection to Principlism:\""
          },
          {
            "fact": "casuistry",
            "present": true,
            "evidence": "\"Casuist/Contextual Critiques: Casuists and contextual critics—such as feminist bioethicists—argue that principlism relies too heavily on 'high-level' abstraction.\""
          },
          {
            "fact": "particularism",
            "present": true,
            "evidence": "\"Particularist Critique: Particularists argue against codifying ethical reasons into general principles...\""
          }
        ]
      }
    }
  ]
}
